"id";"data_inversa";"dia_semana";"horario";"uf";"br";"km";"municipio";"causa_acidente";"tipo_acidente";"classificacao_acidente";"fase_dia";"sentido_via";"condicao_metereologica";"tipo_pista";"tracado_via";"uso_solo";"pessoas";"mortos";"feridos_leves";"feridos_graves";"ilesos";"ignorados";"feridos";"veiculos";"latitude";"longitude";"regional";"delegacia";"uop"
182394;2019-01-01;"terça-feira";"20:20:00";"AL";101;27,2;"JOAQUIM GOMES";"Falta de Atenção à Condução";"Colisão frontal";"Com Vítimas Feridas";"Plena Noite";"Crescente";"Nublado";"Simples";"Reta";"Não";3;0;0;2;0;1;2;2;"-9.063969";"-35.733425";"SR-AL";"DEL13/1";"UOP01/AL"
182395;2019-01-01;"terça-feira";"21:40:00";"MG";262;448,9;"NOVA SERRANA";"Animais na Pista";"Atropelamento de Animal";"Com Vítimas Feridas";"Plena Noite";"Crescente";"Nublado";"Simples";"Não Informado";"Não";3;0;2;0;1;0;2;1;"-19.863728";"-44.997971";"SR-MG";"DEL4/8";"UOP03/MG"
182397;2019-01-01;"terça-feira";"20:20:00";"MA";135;22;"SAO LUIS";"Falta de Atenção à Condução";"Atropelamento de Pedestre";"Com Vítimas Feridas";"Plena Noite";"Decrescente";"Céu Claro";"Dupla";"Reta";"Não";3;0;1;1;0;1;2;1;"-2.746056";"-44.342411";"SR-MA";"DEL18/1";"UOP01/MA"
182398;2019-01-01;"terça-feira";"22:10:00";"SC";101;208,1;"SAO JOSE";"Objeto estático sobre o leito carroçável";"Tombamento";"Com Vítimas Feridas";"Plena Noite";"Decrescente";"Céu Claro";"Dupla";"Desvio Temporário";"Sim";2;0;1;0;1;0;1;1;"-27.6101";"-48.6388";"SR-SC";"DEL8/1";"UOP01/SC"
182399;2019-01-01;"terça-feira";"21:55:00";"MG";50;64,5;"UBERLANDIA";"Animais na Pista";"Saída de leito carroçável";"Com Vítimas Feridas";"Plena Noite";"Crescente";"Nublado";"Dupla";"Reta";"Não";2;0;2;0;0;0;2;1;"-18.8551";"-48.2537";"SR-MG";"DEL4/15";"UOP02/MG"
182400;2019-01-01;"terça-feira";"22:00:00";"MG";365;162,5;"PIRAPORA";"Animais na Pista";"Atropelamento de Animal";"Com Vítimas Feridas";"Plena Noite";"Crescente";"Nublado";"Simples";"Reta";"Sim";4;0;2;0;2;0;2;1;"-17.366352";"-44.937569";"SR-MG";"DEL4/12";"UOP01/MG"
182401;2019-01-01;"terça-feira";"22:35:00";"PR";376;500;"PONTA GROSSA";"Avarias e/ou desgaste excessivo no pneu";"Queda de ocupante de veículo";"Com Vítimas Feridas";"Plena Noite";"Crescente";"Céu Claro";"Dupla";"Reta";"Não";2;0;2;0;0;0;2;1;"-25.15820284";"-50.12774728";"SR-PR";"DEL7/3";"UOP03/PR"
182402;2019-01-01;"terça-feira";"21:20:00";"PE";428;181,3;"PETROLINA";"Velocidade Incompatível";"Colisão traseira";"Com Vítimas Fatais";"Plena Noite";"Crescente";"Céu Claro";"Simples";"Reta";"Não";4;1;2;0;1;0;2;2;"-9.32102294";"-40.46052217";"SR-PE";"DEL11/6";"UOP01/PE"
182403;2019-01-01;"terça-feira";"19:30:00";"BA";101;206;"GOVERNADOR MANGABEIRA";"Falta de Atenção à Condução";"Engavetamento";"Com Vítimas Feridas";"Plena Noite";"Decrescente";"Céu Claro";"Simples";"Não Informado";"Não";5;0;2;0;3;0;2;3;"-12.6016";"-39.0189";"SR-BA";"DEL10/1";"UOP03/BA"
182404;2019-01-01;"terça-feira";"21:23:00";"MG";153;106;"PRATA";"Ingestão de Álcool";"Saída de leito carroçável";"Com Vítimas Feridas";"Plena Noite";"Crescente";"Céu Claro";"Simples";"Reta";"Não";3;0;1;0;1;1;1;1;"-19.28910945";"-48.91147614";"SR-MG";"DEL4/15";"UOP03/MG"
182405;2019-01-01;"terça-feira";"21:50:00";"MG";262;366;"JUATUBA";"Falta de Atenção à Condução";"Queda de ocupante de veículo";"Com Vítimas Feridas";"Plena Noite";"Crescente";"Nublado";"Dupla";"Reta";"Sim";1;0;1;0;0;0;1;1;"-19.9692";"-44.3321";"SR-MG";"DEL4/1";"UOP03/MG"
182406;2019-01-01;"terça-feira";"22:30:00";"PR";277;434,6;"VIRMOND";"Velocidade Incompatível";"Saída de leito carroçável";"Com Vítimas Feridas";"Plena Noite";"Crescente";"Nublado";"Simples";"Curva";"Não";5;0;2;2;1;0;4;1;"-25.37256835";"-52.31758118";"SR-PR";"DEL7/4";"UOP03/PR"
182407;2019-01-01;"terça-feira";"20:00:00";"RJ";40;42;"AREAL";"Não guardar distância de segurança";"Colisão traseira";"Com Vítimas Feridas";"Plena Noite";"Decrescente";"Céu Claro";"Dupla";"Reta";"Não";6;0;1;0;2;3;1;2;"-22.2666";"-43.1093";"SR-RJ";"DEL5/6";"UOP01/RJ"
182408;2019-01-01;"terça-feira";"20:10:00";"GO";414;414,8;"ABADIANIA";"Ingestão de Álcool";"Tombamento";"Com Vítimas Feridas";"Plena Noite";"Crescente";"Ignorado";"Simples";"Não Informado";"Não";4;0;2;0;2;0;2;1;"-16.096623";"-48.854416";"SR-GO";"DEL1/2";"UOP01/GO"
182409;2019-01-01;"terça-feira";"17:20:00";"MA";316;545,9;"CAXIAS";"Desobediência às normas de trânsito pelo condutor";"Colisão lateral";"Com Vítimas Feridas";"Anoitecer";"Crescente";"Céu Claro";"Simples";"Não Informado";"Não";4;0;1;1;1;1;2;2;"-4.87546851";"-43.39599609";"SR-MA";"DEL18/3";"UOP02/MA"
182410;2019-01-01;"terça-feira";"12:00:00";"MG";40;454;"CAETANOPOLIS";"Pista Escorregadia";"Capotamento";"Sem Vítimas";"Pleno dia";"Decrescente";"Chuva";"Dupla";"Reta";"Não";1;0;0;0;1;0;0;1;"-19.3627";"-44.3402";"SR-MG";"DEL4/2";"UOP01/MG"
182411;2019-01-01;"terça-feira";"21:00:00";"RS";290;304,3;"CACAPAVA DO SUL";"Desobediência às normas de trânsito pelo condutor";"Colisão transversal";"Sem Vítimas";"Plena Noite";"Crescente";"Céu Claro";"Simples";"Curva";"Não";2;0;0;0;1;1;0;2;"-30.325588";"-53.248913";"SR-RS";"DEL9/9";"UOP02/RS"
182413;2019-01-01;"terça-feira";"22:40:00";"RS";101;84,7;"OSORIO";"Ingestão de Álcool";"Capotamento";"Com Vítimas Feridas";"Plena Noite";"Decrescente";"Céu Claro";"Múltipla";"Retorno Regulamentado";"Sim";2;0;0;1;1;0;1;1;"-29.85929204";"-50.24833202";"SR-RS";"DEL9/3";"UOP01/RS"
182414;2019-01-01;"terça-feira";"21:45:00";"CE";116;312;"JAGUARIBE";"Defeito na Via";"Tombamento";"Com Vítimas Feridas";"Plena Noite";"Crescente";"Céu Claro";"Simples";"Reta";"Não";1;0;1;0;0;0;1;1;"-5.92584769";"-38.62931773";"SR-CE";"DEL16/5";"UOP02/CE"
182415;2019-01-01;"terça-feira";"22:25:00";"RS";101;51;"TERRA DE AREIA";"Falta de Atenção à Condução";"Saída de leito carroçável";"Com Vítimas Feridas";"Plena Noite";"Crescente";"Céu Claro";"Dupla";"Reta";"Sim";4;0;4;0;0;0;4;1;"-29.615007";"-50.091541";"SR-RS";"DEL9/3";"UOP03/RS"
182416;2019-01-01;"terça-feira";"23:00:00";"RJ";116;24,2;"SAPUCAIA";"Velocidade Incompatível";"Colisão frontal";"Com Vítimas Fatais";"Plena Noite";"Crescente";"Nublado";"Simples";"Curva";"Não";3;1;0;0;2;0;0;2;"-22.030649";"-42.777142";"SR-RJ";"DEL5/4";"UOP01/RJ"
182418;2019-01-01;"terça-feira";"21:30:00";"RS";285;122,8;"VACARIA";"Desobediência às normas de trânsito pelo condutor";"Colisão transversal";"Sem Vítimas";"Plena Noite";"Decrescente";"Céu Claro";"Simples";"Reta";"Sim";3;0;0;0;1;2;0;2;"-28.50090432";"-50.95029831";"SR-RS";"DEL9/5";"UOP03/RS"
182419;2019-01-01;"terça-feira";"22:20:00";"PE";101;73;"RECIFE";"Pista Escorregadia";"Colisão frontal";"Com Vítimas Feridas";"Plena Noite";"Crescente";"Nublado";"Simples";"Curva";"Sim";2;0;1;0;1;0;1;2;"-8.1027";"-34.9483";"SR-PE";"DEL11/1";"UOP01/PE"
182420;2019-01-01;"terça-feira";"21:30:00";"PI";316;5;"TERESINA";"Falta de Atenção à Condução";"Colisão com objeto estático";"Com Vítimas Feridas";"Plena Noite";"Decrescente";"Céu Claro";"Múltipla";"Reta";"Não";1;0;1;0;0;0;1;1;"-5.141744";"-42.781494";"SR-PI";"DEL17/1";"UOP02/PI"
182421;2019-01-01;"terça-feira";"23:30:00";"MS";163;9,3;"MUNDO NOVO";"Animais na Pista";"Atropelamento de Animal";"Sem Vítimas";"Plena Noite";"Decrescente";"Céu Claro";"Simples";"Reta";"Não";2;0;0;0;2;0;0;1;"-23.98653243";"-54.33132118";"SR-MS";"DEL3/09";"UOP02/MS"
182422;2019-01-01;"terça-feira";"22:30:00";"RJ";116;302,6;"RESENDE";"Falta de Atenção do Pedestre";"Atropelamento de Pedestre";"Com Vítimas Feridas";"Plena Noite";"Crescente";"Céu Claro";"Simples";"Reta";"Não";2;0;0;1;0;1;1;1;"-22.450125";"-44.330193";"SR-RJ";"DEL5/7";"UOP03/RJ"
182424;2019-01-01;"terça-feira";"21:30:00";"MA";135;7;"SAO LUIS";"Falta de Atenção à Condução";"Atropelamento de Pedestre";"Com Vítimas Fatais";"Plena Noite";"Crescente";"Céu Claro";"Dupla";"Desvio Temporário";"Não";2;1;0;0;0;1;0;1;"-2.636088";"-44.268486";"SR-MA";"DEL18/1";"UOP01/MA"
182426;2019-01-02;"quarta-feira";"01:00:00";"PR";476;125,5;"CURITIBA";"Falta de Atenção à Condução";"Colisão com objeto estático";"Com Vítimas Feridas";"Plena Noite";"Decrescente";"Nublado";"Dupla";"Não Informado";"Sim";1;0;1;0;0;0;1;1;"-25.4083";"-49.219658";"SR-PR";"DEL7/1";"UOP06/PR"
182427;2019-01-01;"terça-feira";"21:30:00";"SC";470;172;"POUSO REDONDO";"Ingestão de álcool e/ou substâncias psicoativas pelo pedestre";"Tombamento";"Com Vítimas Feridas";"Plena Noite";"Decrescente";"Céu Claro";"Simples";"Interseção de vias";"Sim";1;0;1;0;0;0;1;1;"-27.25835102";"-49.91402887";"SR-SC";"DEL8/4";"UOP02/SC"
182428;2019-01-01;"terça-feira";"21:45:00";"SC";470;167,8;"POUSO REDONDO";"Agressão Externa";"Saída de leito carroçável";"Com Vítimas Feridas";"Plena Noite";"Decrescente";"Céu Claro";"Múltipla";"Não Informado";"Não";2;0;2;0;0;0;2;1;"-27.269835";"-49.863087";"SR-SC";"DEL8/4";"UOP02/SC"
182429;2019-01-02;"quarta-feira";"00:10:00";"AP";210;1,8;"MACAPA";"Ingestão de Álcool";"Atropelamento de Pedestre";"Com Vítimas Feridas";"Plena Noite";"Crescente";"Nublado";"Múltipla";"Reta";"Sim";5;0;0;2;2;1;2;2;"0.08153943";"-51.07626696";"SR-AP";"UOP01/AP";""
182430;2019-01-01;"terça-feira";"22:30:00";"ES";101;329;"GUARAPARI";"Ingestão de Álcool";"Colisão lateral";"Com Vítimas Feridas";"Plena Noite";"Crescente";"Céu Claro";"Simples";"Reta";"Não";4;0;3;0;0;1;3;2;"-20.5869262";"-40.4977124";"SR-ES";"DEL12/3";"UOP01/ES"
182431;2019-01-02;"quarta-feira";"01:15:00";"PR";277;178,6;"PALMEIRA";"Falta de Atenção à Condução";"Saída de leito carroçável";"Com Vítimas Feridas";"Plena Noite";"Decrescente";"Nublado";"Simples";"Reta";"Não";3;0;2;0;1;0;2;1;"-25.42076669";"-50.08430958";"SR-PR";"DEL7/3";"UOP04/PR"
182432;2019-01-02;"quarta-feira";"01:10:00";"BA";116;8,1;"VITORIA DA CONQUISTA";"Animais na Pista";"Atropelamento de Animal";"Com Vítimas Feridas";"Plena Noite";"Decrescente";"Céu Claro";"Simples";"Reta";"Sim";1;0;1;0;0;0;1;1;"-14.85337941";"-40.88111401";"SR-BA";"DEL10/8";"UOP01/BA"
182433;2019-01-01;"terça-feira";"19:20:00";"RJ";40;106;"DUQUE DE CAXIAS";"Ingestão de Álcool";"Saída de leito carroçável";"Sem Vítimas";"Anoitecer";"Crescente";"Nublado";"Simples";"Reta";"Não";2;0;0;0;1;1;0;2;"-22.6565";"-43.2837";"SR-RJ";"DEL5/1";"UOP01/RJ"
182434;2019-01-01;"terça-feira";"19:40:00";"RJ";40;105;"DUQUE DE CAXIAS";"Falta de Atenção à Condução";"Colisão frontal";"Com Vítimas Feridas";"Plena Noite";"Decrescente";"Nublado";"Simples";"Reta";"Não";4;0;4;0;0;0;4;2;"-22.6476";"-43.2836";"SR-RJ";"DEL5/1";"UOP01/RJ"
182435;2019-01-01;"terça-feira";"23:46:00";"GO";153;497;"GOIANIA";"Falta de Atenção à Condução";"Queda de ocupante de veículo";"Com Vítimas Feridas";"Plena Noite";"Crescente";"Céu Claro";"Dupla";"Desvio Temporário";"Sim";1;0;1;0;0;0;1;1;"-16.6854";"-49.2338";"SR-GO";"DEL1/1";"UOP01/GO"
182436;2019-01-02;"quarta-feira";"03:15:00";"SP";116;457,8;"PARIQUERA-ACU";"Ingestão de Álcool";"Tombamento";"Com Vítimas Feridas";"Plena Noite";"Decrescente";"Nublado";"Dupla";"Reta";"Não";1;0;1;0;0;0;1;1;"-24.59521687";"-47.87748456";"SR-SP";"DEL6/5";"UOP01/SP"
182438;2019-01-01;"terça-feira";"10:00:00";"SC";101;322;"PESCARIA BRAVA";"Falta de Atenção à Condução";"Saída de leito carroçável";"Sem Vítimas";"Pleno dia";"Crescente";"Céu Claro";"Dupla";"Reta";"Sim";1;0;0;0;0;1;0;1;"-28.4267";"-48.9086";"SR-SC";"DEL8/2";"UOP01/SC"
182439;2019-01-02;"quarta-feira";"05:40:00";"RS";101;82;"OSORIO";"Falta de Atenção do Pedestre";"Colisão transversal";"Com Vítimas Feridas";"Amanhecer";"Crescente";"Nublado";"Dupla";"Curva";"Sim";2;0;1;0;1;0;1;2;"-29.84743729";"-50.2451992";"SR-RS";"DEL9/3";"UOP01/RS"
182441;2019-01-01;"terça-feira";"00:40:00";"MG";116;343;"CAMPANARIO";"Falta de Atenção à Condução";"Saída de leito carroçável";"Com Vítimas Feridas";"Plena Noite";"Crescente";"Nublado";"Simples";"Reta";"Não";3;0;1;0;2;0;1;1;"-18.30694391";"-41.75388336";"SR-MG";"DEL4/11";"UOP01/MG"
182442;2019-01-02;"quarta-feira";"06:00:00";"SC";101;118;"ITAJAI";"Não guardar distância de segurança";"Colisão traseira";"Com Vítimas Feridas";"Pleno dia";"Decrescente";"Céu Claro";"Dupla";"Reta";"Não";4;0;1;0;2;1;1;3;"-26.9045";"-48.7153";"SR-SC";"DEL8/4";"UOP04/SC"
182443;2019-01-02;"quarta-feira";"06:40:00";"RJ";116;227;"PIRAI";"Carga excessiva e/ou mal acondicionada";"Tombamento";"Com Vítimas Feridas";"Pleno dia";"Decrescente";"Céu Claro";"Dupla";"Curva";"Não";1;0;1;0;0;0;1;1;"-22.672081";"-43.817894";"SR-RJ";"DEL5/7";"UOP01/RJ"
182444;2019-01-02;"quarta-feira";"07:15:00";"RS";285;458,7;"IJUI";"Falta de Atenção à Condução";"Colisão transversal";"Com Vítimas Feridas";"Pleno dia";"Crescente";"Céu Claro";"Simples";"Reta";"Sim";2;0;0;1;1;0;1;2;"-28.414484";"-53.910641";"SR-RS";"DEL9/10";"UOP01/RS"
182445;2019-01-02;"quarta-feira";"06:40:00";"SP";381;1,2;"VARGEM";"Condutor Dormindo";"Colisão traseira";"Com Vítimas Feridas";"Pleno dia";"Crescente";"Céu Claro";"Dupla";"Desvio Temporário";"Sim";4;0;2;0;2;0;2;2;"-22.88147";"-46.381161";"SR-SP";"DEL6/3";"UOP01/SP"
182446;2019-01-02;"quarta-feira";"07:45:00";"RS";116;397,8;"CAMAQUA";"Falta de Atenção à Condução";"Colisão lateral";"Com Vítimas Feridas";"Amanhecer";"Crescente";"Céu Claro";"Simples";"Reta";"Sim";2;0;1;0;1;0;1;2;"-30.85839496";"-51.78704023";"SR-RS";"DEL9/2";"UOP02/RS"
182447;2019-01-02;"quarta-feira";"02:30:00";"RJ";101;518;"ANGRA DOS REIS";"Desobediência às normas de trânsito pelo condutor";"Incêndio";"Sem Vítimas";"Plena Noite";"Decrescente";"Nublado";"Simples";"Reta";"Não";1;0;0;0;1;0;0;1;"-22.98115259";"-44.44519043";"SR-RJ";"DEL5/3";"UOP03/RJ"
182448;2019-01-02;"quarta-feira";"07:50:00";"RS";158;333,7;"SANTA MARIA";"Falta de Atenção à Condução";"Colisão transversal";"Com Vítimas Feridas";"Pleno dia";"Crescente";"Sol";"Simples";"Reta";"Sim";2;0;2;0;0;0;2;2;"-29.708469";"-53.864265";"SR-RS";"DEL9/9";"UOP01/RS"
182449;2019-01-01;"terça-feira";"16:42:00";"BA";116;675;"JEQUIE";"Falta de Atenção do Pedestre";"Atropelamento de Pedestre";"Com Vítimas Feridas";"Pleno dia";"Crescente";"Céu Claro";"Simples";"Reta";"Sim";2;0;1;0;1;0;1;1;"-13.87074672";"-40.09082794";"SR-BA";"DEL10/3";"UOP01/BA"
182450;2019-01-02;"quarta-feira";"08:05:00";"MG";381;775,1;"CAMPANHA";"Falta de Atenção à Condução";"Saída de leito carroçável";"Com Vítimas Feridas";"Pleno dia";"Decrescente";"Sol";"Dupla";"Curva";"Não";3;0;1;0;2;0;1;1;"-21.7953";"-45.453";"SR-MG";"DEL09";"UOP02/MG"
182451;2019-01-02;"quarta-feira";"07:35:00";"RS";386;365;"FAZENDA VILANOVA";"Condutor Dormindo";"Colisão traseira";"Com Vítimas Feridas";"Pleno dia";"Decrescente";"Céu Claro";"Dupla";"Reta";"Não";4;0;3;0;1;0;3;2;"-29.570097";"-51.865437";"SR-RS";"DEL9/4";"UOP02/RS"
182452;2019-01-02;"quarta-feira";"08:20:00";"RS";116;295,4;"GUAIBA";"Defeito na Via";"Tombamento";"Com Vítimas Feridas";"Pleno dia";"Crescente";"Céu Claro";"Dupla";"Reta";"Sim";1;0;1;0;0;0;1;1;"-30.07971";"-51.341549";"SR-RS";"DEL9/2";"UOP01/RS"
182455;2019-01-02;"quarta-feira";"08:00:00";"MG";40;42,2;"PARACATU";"Falta de Atenção à Condução";"Colisão transversal";"Com Vítimas Feridas";"Pleno dia";"Crescente";"Céu Claro";"Simples";"Não Informado";"Sim";2;0;1;0;1;0;1;2;"-17.218784";"-46.866695";"SR-MG";"DEL4/14";"UOP01/MG"
182457;2019-01-01;"terça-feira";"19:00:00";"RJ";493;81;"JAPERI";"Falta de Atenção à Condução";"Saída de leito carroçável";"Sem Vítimas";"Anoitecer";"Crescente";"Nublado";"Dupla";"Reta";"Não";1;0;0;0;0;1;0;1;"-22.66203175";"-43.62436473";"SR-RJ";"DEL5/1";"UOP03/RJ"
182458;2019-01-02;"quarta-feira";"07:30:00";"RS";290;41,1;"SANTO ANTONIO DA PATRULHA";"Falta de Atenção à Condução";"Colisão traseira";"Com Vítimas Feridas";"Pleno dia";"Crescente";"Céu Claro";"Dupla";"Reta";"Não";4;0;1;0;3;0;1;3;"-29.886173";"-50.658577";"SR-RS";"DEL9/3";"UOP02/RS"
182459;2019-01-02;"quarta-feira";"08:50:00";"MG";262;101;"ABRE CAMPO";"Defeito Mecânico no Veículo";"Incêndio";"Sem Vítimas";"Pleno dia";"Decrescente";"Céu Claro";"Simples";"Curva";"Não";2;0;0;0;2;0;0;1;"-20.289152";"-42.523285";"SR-MG";"DEL4/3";"UOP03/MG"
182460;2019-01-02;"quarta-feira";"09:10:00";"PR";376;176,4;"MARINGA";"Pista Escorregadia";"Queda de ocupante de veículo";"Com Vítimas Feridas";"Pleno dia";"Crescente";"Nublado";"Dupla";"Interseção de vias";"Sim";1;0;1;0;0;0;1;1;"-23.41115363";"-51.93649292";"SR-PR";"DEL7/7";"UOP04/PR"
182461;2019-01-02;"quarta-feira";"09:10:00";"SC";282;142,1;"BOM RETIRO";"Ultrapassagem Indevida";"Saída de leito carroçável";"Com Vítimas Feridas";"Pleno dia";"Crescente";"Céu Claro";"Simples";"Reta";"Não";1;0;0;1;0;0;1;1;"-27.813843";"-49.606209";"SR-SC";"DEL8/5";"UOP01/SC"
182462;2019-01-02;"quarta-feira";"07:50:00";"CE";116;9;"FORTALEZA";"Falta de Atenção do Pedestre";"Atropelamento de Pedestre";"Com Vítimas Feridas";"Pleno dia";"Decrescente";"Céu Claro";"Múltipla";"Reta";"Não";2;0;2;0;0;0;2;1;"-3.8384";"-38.5013";"SR-CE";"DEL16/1";"UOP02/CE"
182464;2019-01-02;"quarta-feira";"09:10:00";"PR";116;102;"SAO JOSE DOS PINHAIS";"Falta de Atenção à Condução";"Colisão traseira";"Sem Vítimas";"Pleno dia";"Crescente";"Céu Claro";"Dupla";"Reta";"Não";2;0;0;0;2;0;0;2;"-25.550711";"-49.150246";"SR-PR";"DEL7/1";"UOP01/PR"
182465;2019-01-02;"quarta-feira";"07:30:00";"RN";110;3,9;"AREIA BRANCA";"Ingestão de Álcool";"Colisão lateral";"Com Vítimas Feridas";"Pleno dia";"Decrescente";"Sol";"Simples";"Curva";"Não";2;0;1;0;1;0;1;2;"-4.946104";"-37.100868";"SR-RN";"DEL15/4";"UOP01/RN"
182466;2019-01-02;"quarta-feira";"08:20:00";"RJ";40;117;"DUQUE DE CAXIAS";"Falta de Atenção à Condução";"Colisão traseira";"Com Vítimas Feridas";"Pleno dia";"Decrescente";"Céu Claro";"Múltipla";"Reta";"Sim";2;0;1;0;0;1;1;2;"-22.7556";"-43.2871";"SR-RJ";"DEL5/1";"UOP01/RJ"
182468;2019-01-02;"quarta-feira";"08:45:00";"CE";116;358,7;"ICO";"Defeito na Via";"Colisão lateral";"Com Vítimas Feridas";"Pleno dia";"Crescente";"Céu Claro";"Simples";"Reta";"Não";9;0;1;0;8;0;1;3;"-6.317";"-38.732";"SR-CE";"DEL16/5";"UOP02/CE"
182471;2019-01-02;"quarta-feira";"08:45:00";"PI";343;15;"PARNAIBA";"Falta de Atenção à Condução";"Atropelamento de Pedestre";"Com Vítimas Feridas";"Pleno dia";"Crescente";"Sol";"Dupla";"Reta";"Sim";2;0;1;0;1;0;1;2;"-2.93659";"-41.754936";"SR-PI";"DEL17/5";"UOP01/PI"
182472;2019-01-02;"quarta-feira";"08:25:00";"CE";116;162;"RUSSAS";"Falta de Atenção à Condução";"Colisão lateral";"Sem Vítimas";"Pleno dia";"Decrescente";"Céu Claro";"Simples";"Reta";"Sim";2;0;0;0;2;0;0;2;"-4.929619";"-37.989922";"SR-CE";"DEL16/3";"UOP01/CE"
182473;2019-01-01;"terça-feira";"07:30:00";"MG";50;171,9;"UBERABA";"Condutor Dormindo";"Colisão com objeto estático";"Sem Vítimas";"Pleno dia";"Crescente";"Céu Claro";"Dupla";"Reta";"Não";1;0;0;0;1;0;0;1;"-19.7539";"-47.9807";"SR-MG";"DEL13";"UOP01/MG"
182474;2019-01-02;"quarta-feira";"09:15:00";"TO";230;138,4;"ARAGUATINS";"Condutor Dormindo";"Colisão frontal";"Com Vítimas Feridas";"Pleno dia";"Crescente";"Céu Claro";"Simples";"Reta";"Não";5;0;1;0;4;0;1;2;"-5.733399";"-48.097221";"SR-TO";"UOP05/TO";""
182476;2019-01-02;"quarta-feira";"10:30:00";"RS";386;173,6;"CARAZINHO";"Não guardar distância de segurança";"Colisão traseira";"Com Vítimas Feridas";"Pleno dia";"Crescente";"Céu Claro";"Simples";"Não Informado";"Não";3;0;2;0;1;0;2;3;"-28.258726";"-52.794571";"SR-RS";"DEL08";"UOP01/RS"
182480;2019-01-02;"quarta-feira";"07:30:00";"PB";230;57;"CRUZ DO ESPIRITO SANTO";"Velocidade Incompatível";"Colisão traseira";"Com Vítimas Feridas";"Pleno dia";"Crescente";"Sol";"Dupla";"Reta";"Não";2;0;1;0;1;0;1;2;"-7.2028";"-35.1125";"SR-PB";"DEL14/1";"UOP03/PB"
182481;2019-01-02;"quarta-feira";"10:30:00";"MG";40;456;"CAETANOPOLIS";"Falta de Atenção à Condução";"Colisão traseira";"Sem Vítimas";"Pleno dia";"Decrescente";"Céu Claro";"Dupla";"Reta";"Sim";2;0;0;0;2;0;0;2;"-19.3794";"-44.338";"SR-MG";"DEL4/2";"UOP01/MG"
182482;2019-01-02;"quarta-feira";"10:20:00";"PR";376;619,6;"SAO JOSE DOS PINHAIS";"Falta de Atenção à Condução";"Colisão traseira";"Com Vítimas Feridas";"Pleno dia";"Crescente";"Céu Claro";"Múltipla";"Reta";"Sim";3;0;1;0;2;0;1;2;"-25.61027215";"-49.17178988";"SR-PR";"DEL7/1";"UOP08/PR"
182484;2019-01-02;"quarta-feira";"10:10:00";"RJ";101;503;"ANGRA DOS REIS";"Falta de Atenção à Condução";"Colisão transversal";"Com Vítimas Feridas";"Pleno dia";"Crescente";"Céu Claro";"Simples";"Reta";"Sim";2;0;0;1;1;0;1;2;"-22.9306898";"-44.38461006";"SR-RJ";"DEL5/3";"UOP02/RJ"
182485;2019-01-02;"quarta-feira";"10:30:00";"ES";101;300;"CARIACICA";"Falta de Atenção à Condução";"Colisão lateral";"Com Vítimas Feridas";"Pleno dia";"Decrescente";"Céu Claro";"Dupla";"Reta";"Sim";3;0;0;1;2;0;1;2;"-20.35930984";"-40.43293119";"SR-ES";"DEL12/1";"UOP01/ES"
182486;2019-01-02;"quarta-feira";"10:45:00";"SP";116;311;"SAO LOURENCO DA SERRA";"Condutor Dormindo";"Atropelamento de Pedestre";"Com Vítimas Feridas";"Pleno dia";"Crescente";"Sol";"Dupla";"Reta";"Não";4;0;1;0;3;0;1;1;"-23.86912046";"-46.9569397";"SR-SP";"DEL6/4";"UOP01/SP"
182487;2019-01-02;"quarta-feira";"08:38:00";"SP";116;3,7;"QUELUZ";"Defeito na Via";"Colisão com objeto estático";"Com Vítimas Feridas";"Pleno dia";"Decrescente";"Céu Claro";"Dupla";"Curva";"Não";1;0;1;0;0;0;1;1;"-22.523844";"-44.72633";"SR-SP";"DEL6/8";"UOP01/SP"
182489;2019-01-01;"terça-feira";"00:02:00";"CE";20;429,5;"FORTALEZA";"Ingestão de Álcool";"Colisão lateral";"Com Vítimas Feridas";"Plena Noite";"Decrescente";"Nublado";"Dupla";"Viaduto";"Sim";4;0;3;1;0;0;4;2;"-3.76999";"-38.670063";"SR-CE";"DEL16/1";"UOP02/CE"
182491;2019-01-02;"quarta-feira";"11:15:00";"MG";50;45;"ARAGUARI";"Falta de Atenção à Condução";"Saída de leito carroçável";"Com Vítimas Feridas";"Pleno dia";"Crescente";"Nublado";"Dupla";"Não Informado";"Não";3;0;3;0;0;0;3;1;"-18.7214";"-48.203";"SR-MG";"DEL4/15";"UOP02/MG"
182492;2019-01-02;"quarta-feira";"09:30:00";"BA";116;368;"SERRINHA";"Ultrapassagem Indevida";"Colisão lateral";"Com Vítimas Feridas";"Pleno dia";"Decrescente";"Sol";"Simples";"Reta";"Não";2;0;2;0;0;0;2;2;"-11.74455333";"-38.98610562";"SR-BA";"DEL10/2";"UOP01/BA"
182493;2019-01-02;"quarta-feira";"10:30:00";"RN";101;68,9;"EXTREMOZ";"Desobediência às normas de trânsito pelo condutor";"Colisão transversal";"Sem Vítimas";"Pleno dia";"Decrescente";"Céu Claro";"Simples";"Interseção de vias";"Sim";2;0;0;0;2;0;0;2;"-5.67192615";"-35.25927991";"SR-RN";"DEL15/2";"UOP01/RN"
182495;2019-01-02;"quarta-feira";"11:30:00";"SC";101;145;"ITAPEMA";"Não guardar distância de segurança";"Colisão lateral";"Com Vítimas Feridas";"Pleno dia";"Decrescente";"Céu Claro";"Múltipla";"Não Informado";"Não";2;0;1;0;1;0;1;2;"-27.0868";"-48.6095";"SR-SC";"DEL8/4";"UOP03/SC"