"id";"data_inversa";"dia_semana";"horario";"uf";"br";"km";"municipio";"causa_acidente";"tipo_acidente";"classificacao_acidente";"fase_dia";"sentido_via";"condicao_metereologica";"tipo_pista";"tracado_via";"uso_solo";"pessoas";"mortos";"feridos_leves";"feridos_graves";"ilesos";"ignorados";"feridos";"veiculos";"latitude";"longitude";"regional";"delegacia";"uop"
183268;2019-01-03;"quinta-feira";"20:40:00";"GO";60;162,6;"GOIANIA";"Ingestão de Álcool";"Colisão com objeto estático";"Com Vítimas Feridas";"Plena Noite";"Crescente";"Céu Claro";"Dupla";"Desvio Temporário";"Sim";1;0;1;0;0;0;1;1;"-16.6953";"-49.3255";"SR-GO";"DEL1/1";"UOP02/GO"
183270;2019-01-03;"quinta-feira";"18:00:00";"SC";116;174;"SAO CRISTOVAO DO SUL";"Condutor Dormindo";"Colisão traseira";"Com Vítimas Feridas";"Pleno dia";"Crescente";"Céu Claro";"Simples";"Reta";"Não";5;0;4;0;1;0;4;2;"-27.262749";"-50.444603";"SR-SC";"DEL8/5";"UOP03/SC"
183272;2019-01-03;"quinta-feira";"20:35:00";"SP";116;28,4;"CRUZEIRO";"Falta de Atenção à Condução";"Engavetamento";"Sem Vítimas";"Plena Noite";"Crescente";"Céu Claro";"Múltipla";"Reta";"Não";5;0;0;0;5;0;0;3;"-22.62492";"-44.915722";"SR-SP";"DEL6/8";"UOP01/SP"
183274;2019-01-03;"quinta-feira";"21:30:00";"PR";376;211,1;"MANDAGUARI";"Desobediência às normas de trânsito pelo condutor";"Colisão frontal";"Com Vítimas Fatais";"Plena Noite";"Crescente";"Céu Claro";"Dupla";"Curva";"Não";5;3;0;2;0;0;2;2;"-23.55174";"-51.6654";"SR-PR";"DEL7/7";"UOP04/PR"
183275;2019-01-03;"quinta-feira";"16:35:00";"MG";116;651,2;"FERVEDOURO";"Falta de Atenção à Condução";"Colisão frontal";"Com Vítimas Feridas";"Pleno dia";"Crescente";"Sol";"Simples";"Curva";"Sim";3;0;0;1;1;1;1;2;"-20.7138821";"-42.28238951";"SR-MG";"DEL4/7";"UOP03/MG"
183276;2019-01-03;"quinta-feira";"20:20:00";"RJ";116;110,1;"GUAPIMIRIM";"Falta de Atenção à Condução";"Tombamento";"Com Vítimas Feridas";"Plena Noite";"Decrescente";"Nublado";"Dupla";"Curva";"Não";1;0;1;0;0;0;1;1;"-22.550732";"-42.989689";"SR-RJ";"DEL5/4";"UOP02/RJ"
183277;2019-01-03;"quinta-feira";"22:00:00";"GO";60;118;"TEREZOPOLIS DE GOIAS";"Falta de Atenção à Condução";"Colisão transversal";"Sem Vítimas";"Plena Noite";"Crescente";"Ignorado";"Dupla";"Reta";"Sim";3;0;0;0;3;0;0;2;"-16.4848";"-49.0935";"SR-GO";"DEL1/1";"UOP01/GO"
183278;2019-01-03;"quinta-feira";"19:30:00";"RJ";101;492;"ANGRA DOS REIS";"Desobediência às normas de trânsito pelo condutor";"Colisão lateral";"Com Vítimas Feridas";"Pleno dia";"Crescente";"Céu Claro";"Simples";"Reta";"Não";2;0;1;0;1;0;1;2;"-22.95143833";"-44.32640076";"SR-RJ";"DEL5/3";"UOP02/RJ"
183280;2019-01-03;"quinta-feira";"22:20:00";"SC";470;52,6;"BLUMENAU";"Desobediência às normas de trânsito pelo condutor";"Colisão transversal";"Com Vítimas Feridas";"Plena Noite";"Crescente";"Nublado";"Simples";"Interseção de vias";"Sim";2;0;1;0;1;0;1;2;"-26.86491988";"-49.09924242";"SR-SC";"DEL8/4";"UOP01/SC"
183281;2019-01-03;"quinta-feira";"22:30:00";"PR";376;598;"CURITIBA";"Animais na Pista";"Atropelamento de Animal";"Com Vítimas Feridas";"Plena Noite";"Crescente";"Céu Claro";"Dupla";"Reta";"Sim";1;0;0;1;0;0;1;1;"-25.5113057";"-49.33856964";"SR-PR";"DEL7/1";"UOP04/PR"
183282;2019-01-03;"quinta-feira";"21:30:00";"MT";70;94,7;"GENERAL CARNEIRO";"Falta de Atenção à Condução";"Saída de leito carroçável";"Com Vítimas Feridas";"Plena Noite";"Decrescente";"Céu Claro";"Simples";"Curva";"Não";2;0;2;0;0;0;2;1;"-15.573943";"-52.894604";"SR-MT";"DEL2/8";"UOP01/MT"
183283;2019-01-03;"quinta-feira";"20:00:00";"BA";116;900;"CANDIDO SALES";"Falta de Atenção à Condução";"Colisão transversal";"Com Vítimas Feridas";"Plena Noite";"Decrescente";"Céu Claro";"Simples";"Reta";"Não";6;0;4;0;2;0;4;2;"-15.435788";"-41.221933";"SR-BA";"DEL10/8";"UOP03/BA"
183284;2019-01-03;"quinta-feira";"23:15:00";"PR";476;137,9;"CURITIBA";"Falta de Atenção à Condução";"Colisão traseira";"Com Vítimas Feridas";"Plena Noite";"Decrescente";"Céu Claro";"Múltipla";"Reta";"Sim";2;0;0;1;1;0;1;2;"-25.50586385";"-49.28318739";"SR-PR";"DEL7/1";"UOP06/PR"
183285;2019-01-03;"quinta-feira";"23:25:00";"PE";428;185,7;"PETROLINA";"Ingestão de Álcool";"Tombamento";"Com Vítimas Feridas";"Plena Noite";"Decrescente";"Céu Claro";"Simples";"Interseção de vias";"Sim";1;0;1;0;0;0;1;1;"-9.340178";"-40.470364";"SR-PE";"DEL11/6";"UOP01/PE"
183286;2019-01-04;"sexta-feira";"00:00:00";"SP";381;87;"SAO PAULO";"Velocidade Incompatível";"Colisão com objeto estático";"Com Vítimas Feridas";"Plena Noite";"Decrescente";"Garoa/Chuvisco";"Múltipla";"Reta";"Sim";1;0;1;0;0;0;1;1;"-23.47182248";"-46.56393015";"SR-SP";"DEL6/3";"UOP02/SP"
183287;2019-01-04;"sexta-feira";"00:45:00";"DF";60;4,5;"BRASILIA";"Desobediência às normas de trânsito pelo condutor";"Colisão com objeto estático";"Com Vítimas Feridas";"Plena Noite";"Decrescente";"Céu Claro";"Dupla";"Reta";"Sim";1;0;1;0;0;0;1;1;"-15.892721";"-48.095741";"SR-DF";"DF";"UOP03/DF"
183288;2019-01-04;"sexta-feira";"01:00:00";"PR";376;624,6;"SAO JOSE DOS PINHAIS";"Falta de Atenção à Condução";"Saída de leito carroçável";"Com Vítimas Feridas";"Plena Noite";"Crescente";"Céu Claro";"Múltipla";"Reta";"Não";1;0;1;0;0;0;1;1;"-25.65175358";"-49.15722549";"SR-PR";"DEL7/1";"UOP08/PR"
183290;2019-01-03;"quinta-feira";"22:40:00";"CE";116;340;"JAGUARIBE";"Deficiência ou não Acionamento do Sistema de Iluminação/Sinalização do Veículo";"Saída de leito carroçável";"Sem Vítimas";"Plena Noite";"Decrescente";"Céu Claro";"Simples";"Reta";"Não";1;0;0;0;1;0;0;1;"-5.990852";"-38.628197";"SR-CE";"DEL16/5";"UOP02/CE"
183291;2019-01-04;"sexta-feira";"01:45:00";"RJ";40;124;"DUQUE DE CAXIAS";"Defeito na Via";"Colisão com objeto estático";"Com Vítimas Feridas";"Plena Noite";"Crescente";"Céu Claro";"Dupla";"Reta";"Sim";2;0;1;0;0;1;1;1;"-22.8147";"-43.2881";"SR-RJ";"DEL5/1";"UOP01/RJ"
183292;2019-01-04;"sexta-feira";"02:10:00";"MG";267;262,6;"AIURUOCA";"Falta de Atenção à Condução";"Saída de leito carroçável";"Com Vítimas Feridas";"Plena Noite";"Decrescente";"Chuva";"Simples";"Curva";"Não";1;0;0;1;0;0;1;1;"-21.93366529";"-44.63166357";"SR-MG";"DEL5";"UOP03/MG"
183293;2019-01-04;"sexta-feira";"03:20:00";"PR";116;98;"SAO JOSE DOS PINHAIS";"Não guardar distância de segurança";"Colisão traseira";"Sem Vítimas";"Plena Noite";"Decrescente";"Céu Claro";"Dupla";"Reta";"Sim";2;0;0;0;2;0;0;2;"-25.519745";"-49.134327";"SR-PR";"DEL7/1";"UOP01/PR"
183294;2019-01-04;"sexta-feira";"03:30:00";"PE";424;25;"VENTUROSA";"Falta de Atenção à Condução";"Saída de leito carroçável";"Com Vítimas Feridas";"Plena Noite";"Crescente";"Nublado";"Simples";"Reta";"Não";1;0;0;1;0;0;1;1;"-8.560179";"-36.893537";"SR-PE";"DEL11/3";"UOP02/PE"
183295;2019-01-04;"sexta-feira";"04:00:00";"SC";101;203,2;"SAO JOSE";"Falta de Atenção à Condução";"Tombamento";"Com Vítimas Feridas";"Plena Noite";"Decrescente";"Céu Claro";"Dupla";"Curva";"Sim";1;0;1;0;0;0;1;1;"-27.5742";"-48.6134";"SR-SC";"DEL8/1";"UOP01/SC"
183296;2019-01-04;"sexta-feira";"05:30:00";"MG";381;507,3;"SAO JOAQUIM DE BICAS";"Falta de Atenção à Condução";"Colisão lateral";"Com Vítimas Feridas";"Plena Noite";"Crescente";"Nublado";"Dupla";"Reta";"Sim";5;0;3;0;2;0;3;2;"-20.0442";"-44.2708";"SR-MG";"DEL4/1";"UOP03/MG"
183297;2019-01-04;"sexta-feira";"05:50:00";"GO";364;246,7;"JATAI";"Avarias e/ou desgaste excessivo no pneu";"Incêndio";"Sem Vítimas";"Amanhecer";"Crescente";"Céu Claro";"Simples";"Reta";"Não";1;0;0;0;1;0;0;1;"-17.749666";"-52.126781";"SR-GO";"DEL1/5";"UOP01/GO"
183298;2019-01-04;"sexta-feira";"06:00:00";"PR";277;76;"SAO JOSE DOS PINHAIS";"Falta de Atenção à Condução";"Queda de ocupante de veículo";"Com Vítimas Feridas";"Amanhecer";"Crescente";"Céu Claro";"Dupla";"Reta";"Não";2;0;1;0;0;1;1;2;"-25.49430517";"-49.16677952";"SR-PR";"DEL7/1";"UOP01/PR"
183299;2019-01-04;"sexta-feira";"06:10:00";"SP";153;56,1;"SAO JOSE DO RIO PRETO";"Falta de Atenção do Pedestre";"Atropelamento de Pedestre";"Com Vítimas Feridas";"Amanhecer";"Decrescente";"Céu Claro";"Simples";"Não Informado";"Sim";2;0;0;1;1;0;1;1;"-20.761505";"-49.346199";"SR-SP";"DEL6/9";"UOP01/SP"
183300;2019-01-04;"sexta-feira";"05:40:00";"SC";282;30,3;"SANTO AMARO DA IMPERATRIZ";"Falta de Atenção à Condução";"Tombamento";"Com Vítimas Fatais";"Amanhecer";"Decrescente";"Nublado";"Simples";"Curva";"Não";5;1;2;2;0;0;4;2;"-27.68892433";"-48.7929225";"SR-SC";"DEL8/1";"UOP03/SC"
183301;2019-01-04;"sexta-feira";"06:25:00";"SC";101;30,4;"JOINVILLE";"Falta de Atenção à Condução";"Colisão lateral";"Com Vítimas Feridas";"Pleno dia";"Decrescente";"Céu Claro";"Dupla";"Viaduto";"Não";4;0;3;0;1;0;3;2;"-26.2367";"-48.9146";"SR-SC";"DEL8/3";"UOP01/SC"
183302;2019-01-04;"sexta-feira";"07:00:00";"SC";101;155;"PORTO BELO";"Ultrapassagem Indevida";"Colisão frontal";"Com Vítimas Fatais";"Pleno dia";"Decrescente";"Céu Claro";"Dupla";"Reta";"Não";3;1;0;0;2;0;0;3;"-27.1719";"-48.6115";"SR-SC";"DEL8/4";"UOP03/SC"
183304;2019-01-04;"sexta-feira";"07:20:00";"RJ";101;316;"SAO GONCALO";"Falta de Atenção à Condução";"Tombamento";"Com Vítimas Feridas";"Pleno dia";"Crescente";"Céu Claro";"Dupla";"Reta";"Sim";2;0;2;0;0;0;2;1;"-22.828388";"-43.092102";"SR-RJ";"DEL5/2";"UOP02/RJ"
183305;2019-01-04;"sexta-feira";"04:30:00";"RR";174;500;"BOA VISTA";"Desobediência às normas de trânsito pelo condutor";"Colisão frontal";"Com Vítimas Feridas";"Amanhecer";"Decrescente";"Céu Claro";"Dupla";"Reta";"Não";3;0;1;0;1;1;1;2;"2.78488113";"-60.70113659";"SR-RR";"UOP01/RR";""
183306;2019-01-04;"sexta-feira";"07:00:00";"RJ";40;94,1;"DUQUE DE CAXIAS";"Falta de Atenção à Condução";"Saída de leito carroçável";"Com Vítimas Feridas";"Amanhecer";"Decrescente";"Céu Claro";"Dupla";"Não Informado";"Não";3;0;3;0;0;0;3;1;"-22.5723";"-43.2583";"SR-RJ";"DEL5/6";"UOP03/RJ"
183307;2019-01-04;"sexta-feira";"07:00:00";"SP";116;272,2;"TABOAO DA SERRA";"Desobediência às normas de trânsito pelo condutor";"Colisão lateral";"Com Vítimas Feridas";"Amanhecer";"Crescente";"Nublado";"Dupla";"Não Informado";"Sim";4;0;1;0;1;2;1;2;"-23.61470215";"-46.78782105";"SR-SP";"DEL6/4";"UOP01/SP"
183308;2019-01-04;"sexta-feira";"07:10:00";"MG";381;345;"BELA VISTA DE MINAS";"Velocidade Incompatível";"Colisão frontal";"Com Vítimas Feridas";"Pleno dia";"Decrescente";"Chuva";"Simples";"Não Informado";"Não";9;0;9;0;0;0;9;2;"-19.83205367";"-43.09613678";"SR-MG";"DEL4/3";"UOP01/MG"
183309;2019-01-04;"sexta-feira";"06:45:00";"ES";101;299,9;"VIANA";"Falta de Atenção à Condução";"Colisão lateral";"Com Vítimas Feridas";"Pleno dia";"Crescente";"Céu Claro";"Múltipla";"Curva";"Sim";3;0;2;0;1;0;2;2;"-20.35783552";"-40.43102156";"SR-ES";"DEL12/1";"UOP01/ES"
183310;2019-01-04;"sexta-feira";"07:50:00";"ES";101;271,5;"SERRA";"Falta de Atenção à Condução";"Colisão traseira";"Com Vítimas Feridas";"Pleno dia";"Crescente";"Céu Claro";"Dupla";"Reta";"Sim";4;0;1;0;3;0;1;4;"-20.22604731";"-40.28620809";"SR-ES";"DEL12/2";"UOP01/ES"
183311;2019-01-04;"sexta-feira";"07:30:00";"SP";153;135,4;"UBARANA";"Desobediência às normas de trânsito pelo condutor";"Colisão frontal";"Com Vítimas Fatais";"Pleno dia";"Decrescente";"Sol";"Simples";"Curva";"Não";11;1;2;2;3;3;4;3;"-21.284042";"-49.788876";"SR-SP";"DEL6/9";"UOP01/SP"
183312;2019-01-04;"sexta-feira";"07:10:00";"PE";101;58;"RECIFE";"Falta de Atenção à Condução";"Queda de ocupante de veículo";"Sem Vítimas";"Pleno dia";"Decrescente";"Céu Claro";"Dupla";"Reta";"Não";1;0;0;0;0;1;0;1;"-7.978";"-34.9271";"SR-PE";"DEL11/1";"UOP02/PE"
183313;2019-01-04;"sexta-feira";"06:10:00";"PB";230;368,5;"MALTA";"Condutor Dormindo";"Saída de leito carroçável";"Com Vítimas Feridas";"Pleno dia";"Decrescente";"Céu Claro";"Simples";"Reta";"Não";2;0;2;0;0;0;2;1;"-6.9057";"-37.5322";"SR-PB";"DEL14/3";"UOP02/PB"
183314;2019-01-04;"sexta-feira";"07:55:00";"MG";116;774,6;"LEOPOLDINA";"Velocidade Incompatível";"Tombamento";"Com Vítimas Feridas";"Pleno dia";"Decrescente";"Céu Claro";"Simples";"Curva";"Não";1;0;1;0;0;0;1;1;"-21.6038117";"-42.69973755";"SR-MG";"DEL4/7";"UOP01/MG"
183315;2019-01-03;"quinta-feira";"19:15:00";"MG";381;705;"LAVRAS";"Velocidade Incompatível";"Colisão com objeto estático";"Com Vítimas Feridas";"Plena Noite";"Crescente";"Chuva";"Dupla";"Curva";"Não";5;0;1;0;4;0;1;1;"-21.3237";"-45.1662";"SR-MG";"DEL4/4";"UOP02/MG"
183316;2019-01-04;"sexta-feira";"02:45:00";"MG";381;704;"LAVRAS";"Velocidade Incompatível";"Capotamento";"Com Vítimas Feridas";"Plena Noite";"Decrescente";"Garoa/Chuvisco";"Dupla";"Curva";"Não";3;0;1;0;2;0;1;1;"-21.3156";"-45.1672";"SR-MG";"DEL4/4";"UOP02/MG"
183317;2019-01-04;"sexta-feira";"04:45:00";"MG";381;220,7;"BELO ORIENTE";"Condutor Dormindo";"Saída de leito carroçável";"Com Vítimas Feridas";"Plena Noite";"Crescente";"Nublado";"Simples";"Curva";"Não";2;0;1;0;1;0;1;1;"-19.3243";"-42.4169";"SR-MG";"DEL4/6";"UOP01/MG"
183318;2019-01-04;"sexta-feira";"08:30:00";"RJ";101;253;"RIO BONITO";"Defeito Mecânico no Veículo";"Colisão com objeto estático";"Com Vítimas Feridas";"Pleno dia";"Crescente";"Céu Claro";"Dupla";"Reta";"Sim";2;0;2;0;0;0;2;1;"-22.687958";"-42.54129";"SR-RJ";"DEL5/2";"UOP03/RJ"
183319;2019-01-02;"quarta-feira";"12:30:00";"MG";262;101;"ABRE CAMPO";"Defeito Mecânico no Veículo";"Colisão traseira";"Sem Vítimas";"Pleno dia";"Decrescente";"Sol";"Simples";"Não Informado";"Não";2;0;0;0;2;0;0;2;"-20.289152";"-42.523285";"SR-MG";"DEL4/3";"UOP03/MG"
183320;2019-01-04;"sexta-feira";"08:10:00";"MG";381;527;"BRUMADINHO";"Velocidade Incompatível";"Saída de leito carroçável";"Com Vítimas Feridas";"Pleno dia";"Crescente";"Garoa/Chuvisco";"Dupla";"Não Informado";"Não";1;0;1;0;0;0;1;1;"-20.167";"-44.3321";"SR-MG";"DEL4/4";"UOP03/MG"
183322;2019-01-04;"sexta-feira";"07:00:00";"SP";116;294;"ITAPECERICA DA SERRA";"Falta de Atenção do Pedestre";"Atropelamento de Pedestre";"Com Vítimas Feridas";"Pleno dia";"Crescente";"Sol";"Dupla";"Reta";"Não";2;0;0;1;1;0;1;1;"-23.73776205";"-46.89635061";"SR-SP";"DEL6/4";"UOP01/SP"
183323;2019-01-04;"sexta-feira";"07:40:00";"PR";476;139;"CURITIBA";"Falta de Atenção à Condução";"Colisão traseira";"Com Vítimas Feridas";"Pleno dia";"Decrescente";"Céu Claro";"Múltipla";"Reta";"Sim";2;0;1;0;1;0;1;2;"-25.51284";"-49.289257";"SR-PR";"DEL7/1";"UOP06/PR"
183324;2019-01-04;"sexta-feira";"06:20:00";"MG";381;946,9;"EXTREMA";"Falta de Atenção à Condução";"Colisão com objeto estático";"Com Vítimas Fatais";"Amanhecer";"Decrescente";"Nublado";"Dupla";"Reta";"Não";4;1;0;2;1;0;2;2;"-22.86554348";"-46.34758472";"SR-MG";"DEL09";"UOP03/MG"
183326;2019-01-04;"sexta-feira";"09:00:00";"SP";101;41,5;"UBATUBA";"Avarias e/ou desgaste excessivo no pneu";"Queda de ocupante de veículo";"Com Vítimas Feridas";"Pleno dia";"Decrescente";"Céu Claro";"Simples";"Reta";"Não";2;0;1;0;1;0;1;1;"-23.419727";"-45.04285";"SR-SP";"DEL6";"UOP03/SP"
183327;2019-01-04;"sexta-feira";"09:00:00";"MG";262;34;"MANHUACU";"Desobediência às normas de trânsito pelo condutor";"Atropelamento de Pedestre";"Com Vítimas Feridas";"Pleno dia";"Decrescente";"Céu Claro";"Simples";"Retorno Regulamentado";"Sim";8;0;0;2;1;5;2;1;"-20.256927";"-42.011028";"SR-MG";"DEL4/6";"UOP04/MG"
183328;2019-01-04;"sexta-feira";"09:00:00";"RS";285;455,2;"IJUI";"Não guardar distância de segurança";"Colisão lateral";"Com Vítimas Feridas";"Pleno dia";"Crescente";"Sol";"Simples";"Reta";"Sim";2;0;1;0;1;0;1;2;"-28.380919";"-53.879509";"SR-RS";"DEL9/10";"UOP01/RS"
183329;2019-01-04;"sexta-feira";"07:00:00";"MA";135;69,2;"SANTA RITA";"Falta de Atenção à Condução";"Colisão traseira";"Com Vítimas Feridas";"Pleno dia";"Decrescente";"Nublado";"Simples";"Reta";"Sim";2;0;0;1;1;0;1;2;"-3.132873";"-44.324829";"SR-MA";"DEL18/1";"UOP02/MA"
183332;2019-01-04;"sexta-feira";"08:05:00";"MG";146;509,8;"POCOS DE CALDAS";"Pista Escorregadia";"Saída de leito carroçável";"Com Vítimas Feridas";"Amanhecer";"Decrescente";"Garoa/Chuvisco";"Simples";"Não Informado";"Não";1;0;1;0;0;0;1;1;"-21.7679";"-46.42117";"SR-MG";"DEL13";"UOP01/MG"
183334;2019-01-04;"sexta-feira";"09:50:00";"SP";116;109,6;"TAUBATE";"Falta de Atenção à Condução";"Colisão traseira";"Sem Vítimas";"Pleno dia";"Decrescente";"Nublado";"Dupla";"Reta";"Sim";2;0;0;0;2;0;0;2;"-23.028759";"-45.545235";"SR-SP";"DEL6";"UOP01/SP"
183336;2019-01-03;"quinta-feira";"19:00:00";"MA";135;495;"PARAIBANO";"Falta de Atenção à Condução";"Colisão frontal";"Com Vítimas Fatais";"Plena Noite";"Decrescente";"Céu Claro";"Simples";"Reta";"Não";3;1;0;1;1;0;1;2;"-6.44275163";"-43.98245037";"SR-MA";"DEL18/5";"UOP01/MA"
183337;2019-01-04;"sexta-feira";"09:30:00";"RS";386;386,1;"TABAI";"Condutor Dormindo";"Saída de leito carroçável";"Com Vítimas Feridas";"Pleno dia";"Crescente";"Nublado";"Dupla";"Reta";"Sim";3;0;2;0;1;0;2;1;"-29.688717";"-51.717327";"SR-RS";"DEL9/4";"UOP02/RS"
183338;2019-01-04;"sexta-feira";"08:30:00";"SC";116;234,6;"CORREIA PINTO";"Falta de Atenção à Condução";"Colisão lateral";"Com Vítimas Feridas";"Pleno dia";"Crescente";"Nublado";"Simples";"Curva";"Não";3;0;2;0;1;0;2;2;"-27.71200918";"-50.33618711";"SR-SC";"DEL8/5";"UOP01/SC"
183339;2019-01-04;"sexta-feira";"09:40:00";"MG";364;26,6;"FRUTAL";"Não guardar distância de segurança";"Colisão traseira";"Com Vítimas Feridas";"Pleno dia";"Decrescente";"Garoa/Chuvisco";"Simples";"Reta";"Sim";2;0;1;0;1;0;1;2;"-20.02723996";"-48.88773014";"SR-MG";"DEL13";"UOP02/MG"
183340;2019-01-04;"sexta-feira";"08:40:00";"PE";232;409;"SERRA TALHADA";"Defeito Mecânico no Veículo";"Saída de leito carroçável";"Sem Vítimas";"Pleno dia";"Crescente";"Céu Claro";"Simples";"Interseção de vias";"Sim";1;0;0;0;1;0;0;1;"-7.9835399";"-38.28198373";"SR-PE";"DEL11/4";"UOP01/PE"
183342;2019-01-04;"sexta-feira";"09:10:00";"MG";365;627;"UBERLANDIA";"Falta de Atenção à Condução";"Colisão traseira";"Com Vítimas Feridas";"Pleno dia";"Decrescente";"Nublado";"Dupla";"Reta";"Sim";2;0;1;0;1;0;1;2;"-18.90747";"-48.31621";"SR-MG";"DEL4/15";"UOP01/MG"
183344;2019-01-04;"sexta-feira";"10:30:00";"SP";381;36,7;"ATIBAIA";"Falta de Atenção à Condução";"Colisão transversal";"Com Vítimas Feridas";"Pleno dia";"Decrescente";"Nublado";"Dupla";"Reta";"Sim";3;0;2;0;1;0;2;2;"-23.10212485";"-46.56845679";"SR-SP";"DEL6/3";"UOP01/SP"
183345;2019-01-04;"sexta-feira";"10:25:00";"SC";101;117,5;"ITAJAI";"Não guardar distância de segurança";"Engavetamento";"Com Vítimas Feridas";"Pleno dia";"Crescente";"Sol";"Múltipla";"Reta";"Sim";3;0;1;0;2;0;1;3;"-26.8961";"-48.7188";"SR-SC";"DEL8/4";"UOP04/SC"
183346;2019-01-04;"sexta-feira";"09:10:00";"BA";101;789,5;"ITAMARAJU";"Velocidade Incompatível";"Saída de leito carroçável";"Com Vítimas Fatais";"Pleno dia";"Crescente";"Sol";"Simples";"Não Informado";"Não";5;2;2;1;0;0;3;1;"-16.8698";"-39.5032";"SR-BA";"DEL10/9";"UOP01/BA"
183347;2019-01-04;"sexta-feira";"11:20:00";"PR";277;373,1;"GUARAPUAVA";"Ultrapassagem Indevida";"Colisão frontal";"Com Vítimas Feridas";"Pleno dia";"Crescente";"Nublado";"Simples";"Reta";"Não";6;0;4;0;2;0;4;3;"-25.40434728";"-51.72603862";"SR-PR";"DEL7/3";"UOP02/PR"
183348;2019-01-04;"sexta-feira";"11:43:00";"SC";101;135;"BALNEARIO CAMBORIU";"Não guardar distância de segurança";"Colisão lateral";"Com Vítimas Feridas";"Pleno dia";"Crescente";"Nublado";"Dupla";"Interseção de vias";"Sim";1;0;0;1;0;0;1;1;"-27.0081";"-48.617";"SR-SC";"DEL8/4";"UOP03/SC"
183349;2019-01-04;"sexta-feira";"07:20:00";"MT";364;141;"PEDRA PRETA";"Ultrapassagem Indevida";"Tombamento";"Sem Vítimas";"Pleno dia";"Decrescente";"Céu Claro";"Dupla";"Reta";"Não";1;0;0;0;1;0;0;1;"-16.79109628";"-54.20666099";"SR-MT";"DEL2/2";"UOP01/MT"
183350;2019-01-04;"sexta-feira";"06:50:00";"MG";262;594,5;"CAMPOS ALTOS";"Falta de Atenção à Condução";"Tombamento";"Sem Vítimas";"Amanhecer";"Decrescente";"Chuva";"Simples";"Reta";"Não";1;0;0;0;1;0;0;1;"-19.666414";"-46.16032";"SR-MG";"DEL4/8";"UOP02/MG"
183351;2019-01-04;"sexta-feira";"11:00:00";"MG";381;636;"SANTO ANTONIO DO AMPARO";"Velocidade Incompatível";"Colisão com objeto estático";"Com Vítimas Feridas";"Pleno dia";"Crescente";"Chuva";"Dupla";"Curva";"Não";4;0;3;0;1;0;3;1;"-20.8753";"-44.8443";"SR-MG";"DEL4/4";"UOP01/MG"
183352;2019-01-04;"sexta-feira";"11:10:00";"MG";365;232;"BURITIZEIRO";"Defeito na Via";"Capotamento";"Com Vítimas Feridas";"Pleno dia";"Crescente";"Céu Claro";"Simples";"Reta";"Não";3;0;1;1;1;0;2;1;"-17.691683";"-45.410175";"SR-MG";"DEL4/12";"UOP01/MG"
183353;2019-01-04;"sexta-feira";"11:10:00";"MS";163;470,7;"CAMPO GRANDE";"Falta de Atenção à Condução";"Colisão transversal";"Com Vítimas Feridas";"Pleno dia";"Crescente";"Céu Claro";"Simples";"Interseção de vias";"Não";3;0;0;2;1;0;2;2;"-20.5546";"-54.556";"SR-MS";"DEL3/1";"UOP01/MS"
183355;2019-01-04;"sexta-feira";"05:45:00";"MG";381;928,7;"ITAPEVA";"Condutor Dormindo";"Colisão lateral";"Com Vítimas Feridas";"Amanhecer";"Crescente";"Céu Claro";"Dupla";"Curva";"Sim";3;0;2;0;1;0;2;2;"-22.77057249";"-46.23207808";"SR-MG";"DEL09";"UOP03/MG"
183358;2019-01-04;"sexta-feira";"10:20:00";"RN";304;193;"LAJES";"Falta de Atenção à Condução";"Colisão transversal";"Com Vítimas Feridas";"Pleno dia";"Crescente";"Céu Claro";"Simples";"Interseção de vias";"Não";2;0;0;1;1;0;1;2;"-5.705923";"-36.233528";"SR-RN";"DEL15/1";"UOP03/RN"
183359;2019-01-04;"sexta-feira";"12:00:00";"SC";101;125;"BALNEARIO CAMBORIU";"Não guardar distância de segurança";"Colisão traseira";"Sem Vítimas";"Pleno dia";"Decrescente";"Nublado";"Dupla";"Reta";"Não";2;0;0;0;2;0;0;2;"-26.9806";"-48.6788";"SR-SC";"DEL8/4";"UOP04/SC"
183360;2019-01-04;"sexta-feira";"12:26:00";"MG";40;572,9;"ITABIRITO";"Falta de Atenção à Condução";"Colisão frontal";"Com Vítimas Fatais";"Pleno dia";"Crescente";"Céu Claro";"Simples";"Reta";"Sim";3;1;0;0;1;1;0;3;"-20.2376";"-43.9669";"SR-MG";"DEL4/1";"UOP02/MG"
183361;2019-01-04;"sexta-feira";"12:40:00";"RJ";393;282,8;"BARRA DO PIRAI";"Desobediência às normas de trânsito pelo condutor";"Colisão transversal";"Sem Vítimas";"Pleno dia";"Decrescente";"Sol";"Simples";"Não Informado";"Sim";3;0;0;0;3;0;0;2;"-22.510941";"-44.084461";"SR-RJ";"DEL5/5";"UOP02/RJ"
183362;2019-01-04;"sexta-feira";"11:40:00";"RS";386;238,7;"SOLEDADE";"Defeito Mecânico no Veículo";"Saída de leito carroçável";"Com Vítimas Feridas";"Pleno dia";"Decrescente";"Nublado";"Simples";"Curva";"Não";1;0;1;0;0;0;1;1;"-28.74438424";"-52.54989461";"SR-RS";"DEL9/4";"UOP04/RS"