"id";"data_inversa";"dia_semana";"horario";"uf";"br";"km";"municipio";"causa_acidente";"tipo_acidente";"classificacao_acidente";"fase_dia";"sentido_via";"condicao_metereologica";"tipo_pista";"tracado_via";"uso_solo";"pessoas";"mortos";"feridos_leves";"feridos_graves";"ilesos";"ignorados";"feridos";"veiculos";"latitude";"longitude";"regional";"delegacia";"uop"
183450;2019-01-04;"sexta-feira";"21:00:00";"RS";116;479,9;"SAO LOURENCO DO SUL";"Não guardar distância de segurança";"Colisão traseira";"Com Vítimas Feridas";"Plena Noite";"Crescente";"Céu Claro";"Simples";"Reta";"Não";4;0;2;0;2;0;2;2;"-31.39584654";"-52.14385986";"SR-RS";"DEL9/7";"UOP01/RS"
183453;2019-01-04;"sexta-feira";"20:00:00";"MG";381;862,4;"POUSO ALEGRE";"Falta de Atenção à Condução";"Capotamento";"Com Vítimas Feridas";"Plena Noite";"Decrescente";"Chuva";"Dupla";"Curva";"Não";3;0;1;0;2;0;1;1;"-22.33406201";"-45.92130967";"SR-MG";"DEL09";"UOP01/MG"
183454;2019-01-04;"sexta-feira";"21:00:00";"SP";116;502,5;"CAJATI";"Agressão Externa";"Queda de ocupante de veículo";"Com Vítimas Feridas";"Plena Noite";"Crescente";"Chuva";"Simples";"Reta";"Não";1;0;1;0;0;0;1;1;"-24.77551305";"-48.19976807";"SR-SP";"DEL6/5";"UOP02/SP"
183455;2019-01-04;"sexta-feira";"21:40:00";"PR";376;175,9;"MARINGA";"Falta de Atenção à Condução";"Colisão com objeto estático";"Com Vítimas Feridas";"Plena Noite";"Crescente";"Chuva";"Dupla";"Reta";"Sim";5;0;4;0;1;0;4;1;"-23.41151346";"-51.93528593";"SR-PR";"DEL7/7";"UOP04/PR"
183456;2019-01-04;"sexta-feira";"19:50:00";"CE";116;8,3;"FORTALEZA";"Falta de Atenção do Pedestre";"Atropelamento de Pedestre";"Com Vítimas Feridas";"Plena Noite";"Crescente";"Céu Claro";"Múltipla";"Reta";"Sim";2;0;0;1;1;0;1;1;"-3.8301";"-38.5049";"SR-CE";"DEL16/1";"UOP02/CE"
183457;2019-01-04;"sexta-feira";"15:45:00";"RJ";40;79;"PETROPOLIS";"Fenômenos da Natureza";"Queda de ocupante de veículo";"Sem Vítimas";"Anoitecer";"Decrescente";"Chuva";"Dupla";"Curva";"Não";1;0;0;0;1;0;0;1;"-22.519";"-43.2281";"SR-RJ";"DEL5/6";"UOP03/RJ"
183458;2019-01-04;"sexta-feira";"21:10:00";"PE";101;65;"RECIFE";"Falta de Atenção à Condução";"Colisão lateral";"Com Vítimas Feridas";"Plena Noite";"Crescente";"Céu Claro";"Múltipla";"Reta";"Sim";2;0;1;0;1;0;1;2;"-8.0349";"-34.9415";"SR-PE";"DEL11/1";"UOP01/PE"
183459;2019-01-04;"sexta-feira";"17:00:00";"BA";101;88;"ALAGOINHAS";"Não guardar distância de segurança";"Colisão lateral";"Com Vítimas Feridas";"Pleno dia";"Decrescente";"Sol";"Simples";"Reta";"Não";6;0;4;0;2;0;4;6;"-12.0247";"-38.2839";"SR-BA";"DEL10/1";"UOP04/BA"
183460;2019-01-04;"sexta-feira";"20:00:00";"MA";226;306;"BARRA DO CORDA";"Falta de Atenção do Pedestre";"Atropelamento de Pedestre";"Com Vítimas Fatais";"Plena Noite";"Crescente";"Céu Claro";"Simples";"Reta";"Não";2;1;0;0;1;0;0;1;"-5.501497";"-45.248226";"SR-MA";"DEL18/4";"UOP02/MA"
183461;2019-01-04;"sexta-feira";"22:35:00";"SC";101;38,6;"JOINVILLE";"Falta de Atenção à Condução";"Colisão transversal";"Com Vítimas Feridas";"Plena Noite";"Crescente";"Chuva";"Múltipla";"Interseção de vias";"Sim";6;0;1;0;5;0;1;2;"-26.29666611";"-48.88416052";"SR-SC";"DEL8/3";"UOP01/SC"
183462;2019-01-04;"sexta-feira";"21:30:00";"RJ";116;252,1;"PINHEIRAL";"Pista Escorregadia";"Colisão com objeto estático";"Com Vítimas Feridas";"Plena Noite";"Crescente";"Chuva";"Dupla";"Curva";"Sim";4;0;1;1;2;0;2;1;"-22.58088804";"-44.02281761";"SR-RJ";"DEL5/7";"UOP02/RJ"
183463;2019-01-04;"sexta-feira";"20:10:00";"SC";280;46,1;"GUARAMIRIM";"Falta de Atenção à Condução";"Colisão transversal";"Com Vítimas Feridas";"Plena Noite";"Decrescente";"Chuva";"Simples";"Reta";"Sim";2;0;1;0;1;0;1;2;"-26.452957";"-48.907993";"SR-SC";"DEL8/3";"UOP03/SC"
183464;2019-01-04;"sexta-feira";"23:30:00";"GO";153;201;"URUACU";"Falta de Atenção à Condução";"Atropelamento de Pedestre";"Com Vítimas Feridas";"Plena Noite";"Decrescente";"Céu Claro";"Simples";"Reta";"Não";1;0;0;1;0;0;1;1;"-14.519629";"-49.154972";"SR-GO";"DEL1/7";"UOP02/GO"
183465;2019-01-04;"sexta-feira";"18:40:00";"SC";280;2,4;"SAO FRANCISCO DO SUL";"Não guardar distância de segurança";"Engavetamento";"Com Vítimas Feridas";"Plena Noite";"Crescente";"Garoa/Chuvisco";"Simples";"Reta";"Não";5;0;2;0;3;0;2;3;"-26.237091";"-48.619747";"SR-SC";"DEL8/3";"UOP03/SC"
183466;2019-01-04;"sexta-feira";"22:45:00";"RS";116;302;"GUAIBA";"Desobediência às normas de trânsito pelo condutor";"Saída de leito carroçável";"Sem Vítimas";"Plena Noite";"Decrescente";"Céu Claro";"Simples";"Túnel";"Não";1;0;0;0;0;1;0;1;"-30.139704";"-51.359425";"SR-RS";"DEL9/2";"UOP01/RS"
183468;2019-01-04;"sexta-feira";"21:40:00";"PE";232;43,1;"VITORIA DE SANTO ANTAO";"Falta de Atenção do Pedestre";"Atropelamento de Pedestre";"Com Vítimas Fatais";"Plena Noite";"Crescente";"Céu Claro";"Dupla";"Reta";"Não";2;1;0;0;1;0;0;1;"-8.119816";"-35.26504";"SR-PE";"DEL11/1";"UOP04/PE"
183470;2019-01-04;"sexta-feira";"23:40:00";"GO";50;266,4;"CATALAO";"Defeito na Via";"Tombamento";"Com Vítimas Feridas";"Plena Noite";"Decrescente";"Céu Claro";"Simples";"Reta";"Não";1;0;1;0;0;0;1;1;"-18.0787";"-47.8671";"SR-GO";"DEL1/6";"UOP01/GO"
183471;2019-01-04;"sexta-feira";"23:00:00";"SC";101;230;"PALHOCA";"Desobediência às normas de trânsito pelo condutor";"Saída de leito carroçável";"Com Vítimas Feridas";"Plena Noite";"Crescente";"Nublado";"Dupla";"Reta";"Sim";1;0;1;0;0;0;1;1;"-27.7854";"-48.6352";"SR-SC";"DEL8/1";"UOP02/SC"
183473;2019-01-04;"sexta-feira";"22:30:00";"MT";163;1032;"MATUPA";"Falta de Atenção à Condução";"Colisão traseira";"Com Vítimas Fatais";"Plena Noite";"Decrescente";"Nublado";"Simples";"Reta";"Não";4;1;0;0;3;0;0;2;"-10.212166";"-54.96477";"SR-MT";"DEL2/6";"UOP02/MT"
183474;2019-01-05;"sábado";"00:12:00";"GO";60;78;"ANAPOLIS";"Falta de Atenção à Condução";"Colisão com objeto estático";"Com Vítimas Feridas";"Plena Noite";"Decrescente";"Céu Claro";"Dupla";"Desvio Temporário";"Não";1;0;0;1;0;0;1;1;"-16.2967";"-48.8039";"SR-GO";"DEL1/2";"UOP01/GO"
183475;2019-01-04;"sexta-feira";"21:00:00";"CE";222;295;"TIANGUA";"Falta de Atenção do Pedestre";"Atropelamento de Pedestre";"Com Vítimas Feridas";"Plena Noite";"Decrescente";"Nublado";"Simples";"Reta";"Não";2;0;0;1;1;0;1;1;"-3.665195";"-40.908394";"SR-CE";"DEL16/4";"UOP02/CE"
183476;2019-01-04;"sexta-feira";"18:30:00";"PI";135;460;"MONTE ALEGRE DO PIAUI";"Defeito na Via";"Capotamento";"Com Vítimas Feridas";"Anoitecer";"Crescente";"Céu Claro";"Simples";"Reta";"Não";3;0;2;1;0;0;3;1;"-9.561711";"-44.995377";"SR-PI";"DEL17/3";"UOP02/PI"
183477;2019-01-04;"sexta-feira";"18:30:00";"PE";232;123,7;"CARUARU";"Falta de Atenção à Condução";"Colisão traseira";"Com Vítimas Fatais";"Plena Noite";"Crescente";"Céu Claro";"Dupla";"Reta";"Não";2;1;1;0;0;0;1;1;"-8.30730313";"-35.93902588";"SR-PE";"DEL11/2";"UOP02/PE"
183478;2019-01-05;"sábado";"00:05:00";"SC";470;120,9;"IBIRAMA";"Pista Escorregadia";"Colisão frontal";"Com Vítimas Feridas";"Plena Noite";"Crescente";"Chuva";"Simples";"Curva";"Não";3;0;2;1;0;0;3;2;"-27.089924";"-49.520416";"SR-SC";"DEL8/4";"UOP02/SC"
183479;2019-01-05;"sábado";"00:10:00";"BA";116;826,8;"VITORIA DA CONQUISTA";"Desobediência às normas de trânsito pelo condutor";"Colisão frontal";"Com Vítimas Feridas";"Plena Noite";"Decrescente";"Céu Claro";"Simples";"Reta";"Sim";2;0;1;0;1;0;1;2;"-14.88424369";"-40.8584029";"SR-BA";"DEL10/8";"UOP01/BA"
183480;2019-01-04;"sexta-feira";"23:40:00";"AL";316;141;"ESTRELA DE ALAGOAS";"Animais na Pista";"Atropelamento de Animal";"Sem Vítimas";"Plena Noite";"Crescente";"Céu Claro";"Simples";"Reta";"Não";1;0;0;0;1;0;0;1;"-9.392029";"-36.749443";"SR-AL";"DEL13/3";"UOP01/AL"
183481;2019-01-04;"sexta-feira";"23:50:00";"SC";101;88,5;"BARRA VELHA";"Ingestão de Álcool";"Saída de leito carroçável";"Sem Vítimas";"Plena Noite";"Decrescente";"Nublado";"Dupla";"Reta";"Sim";1;0;0;0;0;1;0;1;"-26.65464173";"-48.68742585";"SR-SC";"DEL8/3";"UOP02/SC"
183482;2019-01-05;"sábado";"01:50:00";"MG";40;455,7;"CAETANOPOLIS";"Condutor Dormindo";"Colisão traseira";"Com Vítimas Feridas";"Plena Noite";"Crescente";"Céu Claro";"Dupla";"Não Informado";"Não";2;0;0;1;1;0;1;2;"-19.361";"-44.342";"SR-MG";"DEL4/2";"UOP01/MG"
183483;2019-01-05;"sábado";"01:45:00";"SP";488;4,3;"APARECIDA";"Desobediência às normas de trânsito pelo condutor";"Colisão com objeto estático";"Sem Vítimas";"Plena Noite";"Decrescente";"Chuva";"Simples";"Reta";"Não";2;0;0;0;2;0;0;2;"-22.858398";"-45.251377";"SR-SP";"DEL6/8";"UOP02/SP"
183484;2019-01-05;"sábado";"01:40:00";"SP";116;51,2;"LORENA";"Falta de Atenção à Condução";"Colisão traseira";"Com Vítimas Feridas";"Plena Noite";"Crescente";"Chuva";"Dupla";"Reta";"Não";2;0;0;1;0;1;1;2;"-22.741575";"-45.092064";"SR-SP";"DEL6/8";"UOP03/SP"
183485;2019-01-05;"sábado";"01:00:00";"PR";116;18;"CAMPINA GRANDE DO SUL";"Desobediência às normas de trânsito pelo condutor";"Saída de leito carroçável";"Sem Vítimas";"Plena Noite";"Decrescente";"Chuva";"Dupla";"Curva";"Não";1;0;0;0;1;0;0;1;"-25.103069";"-48.720436";"SR-PR";"DEL7/1";"UOP02/PR"
183486;2019-01-05;"sábado";"01:20:00";"CE";116;477,8;"MILAGRES";"Condutor Dormindo";"Saída de leito carroçável";"Sem Vítimas";"Plena Noite";"Crescente";"Céu Claro";"Simples";"Reta";"Não";2;0;0;0;2;0;0;1;"-7.301562";"-38.907394";"SR-CE";"DEL16/5";"UOP03/CE"
183487;2019-01-05;"sábado";"02:05:00";"RS";116;232;"NOVO HAMBURGO";"Ingestão de Álcool";"Saída de leito carroçável";"Com Vítimas Feridas";"Plena Noite";"Decrescente";"Nublado";"Simples";"Não Informado";"Sim";2;0;1;0;1;0;1;1;"-29.63275";"-51.143333";"SR-RS";"DEL9/1";"UOP02/RS"
183489;2019-01-05;"sábado";"02:27:00";"RN";427;99,2;"CAICO";"Ingestão de Álcool";"Colisão com objeto estático";"Com Vítimas Fatais";"Plena Noite";"Crescente";"Céu Claro";"Simples";"Reta";"Sim";1;1;0;0;0;0;0;1;"-6.459299";"-37.09848";"SR-RN";"DEL15/3";"UOP01/RN"
183490;2019-01-05;"sábado";"03:55:00";"SC";470;38;"GASPAR";"Falta de Atenção à Condução";"Colisão frontal";"Com Vítimas Feridas";"Plena Noite";"Crescente";"Nublado";"Simples";"Túnel";"Sim";2;0;1;0;1;0;1;2;"-26.904108";"-48.980164";"SR-SC";"DEL8/4";"UOP01/SC"
183491;2019-01-05;"sábado";"04:00:00";"RJ";101;296;"ITABORAI";"Falta de Atenção à Condução";"Capotamento";"Com Vítimas Feridas";"Amanhecer";"Crescente";"Céu Claro";"Múltipla";"Curva";"Sim";1;0;1;0;0;0;1;1;"-22.767054";"-42.910255";"SR-RJ";"DEL5/2";"UOP02/RJ"
183492;2019-01-05;"sábado";"04:15:00";"MG";40;427;"PARAOPEBA";"Falta de Atenção à Condução";"Colisão traseira";"Com Vítimas Fatais";"Amanhecer";"Crescente";"Nublado";"Dupla";"Reta";"Não";17;1;10;4;2;0;14;2;"-19.1823";"-44.4984";"SR-MG";"DEL4/2";"UOP01/MG"
183493;2019-01-04;"sexta-feira";"14:20:00";"GO";60;105,4;"GOIANAPOLIS";"Mal Súbito";"Queda de ocupante de veículo";"Com Vítimas Feridas";"Pleno dia";"Crescente";"Nublado";"Dupla";"Reta";"Não";1;0;1;0;0;0;1;1;"-16.4156";"-49.0087";"SR-GO";"DEL1/2";"UOP01/GO"
183494;2019-01-05;"sábado";"04:00:00";"RJ";116;291;"BARRA MANSA";"Falta de Atenção à Condução";"Capotamento";"Sem Vítimas";"Plena Noite";"Crescente";"Nublado";"Simples";"Retorno Regulamentado";"Sim";1;0;0;0;1;0;0;1;"-22.449371";"-44.321712";"SR-RJ";"DEL5/7";"UOP03/RJ"
183495;2019-01-05;"sábado";"05:00:00";"MG";50;93;"UBERLANDIA";"Falta de Atenção à Condução";"Capotamento";"Com Vítimas Feridas";"Amanhecer";"Decrescente";"Vento";"Dupla";"Reta";"Não";3;0;0;3;0;0;3;1;"-19.0855";"-48.1858";"SR-MG";"DEL4/15";"UOP01/MG"
183496;2019-01-05;"sábado";"04:15:00";"SC";101;147;"ITAPEMA";"Ingestão de Álcool";"Colisão traseira";"Sem Vítimas";"Plena Noite";"Crescente";"Nublado";"Dupla";"Reta";"Sim";2;0;0;0;2;0;0;2;"-27.1012";"-48.618";"SR-SC";"DEL8/4";"UOP03/SC"
183497;2019-01-05;"sábado";"05:30:00";"RJ";116;176;"NOVA IGUACU";"Condutor Dormindo";"Colisão traseira";"Sem Vítimas";"Amanhecer";"Decrescente";"Nublado";"Múltipla";"Reta";"Sim";3;0;0;0;3;0;0;3;"-22.783915";"-43.382023";"SR-RJ";"DEL5/1";"UOP02/RJ"
183498;2019-01-05;"sábado";"05:10:00";"ES";262;2,8;"CARIACICA";"Condutor Dormindo";"Colisão com objeto estático";"Com Vítimas Feridas";"Amanhecer";"Crescente";"Céu Claro";"Dupla";"Reta";"Sim";1;0;1;0;0;0;1;1;"-20.3326";"-40.3608";"SR-ES";"DEL12/1";"UOP01/ES"
183499;2019-01-05;"sábado";"05:15:00";"SC";101;86,8;"BARRA VELHA";"Falta de Atenção do Pedestre";"Atropelamento de Pedestre";"Com Vítimas Feridas";"Pleno dia";"Decrescente";"Garoa/Chuvisco";"Múltipla";"Retorno Regulamentado";"Sim";2;0;1;0;1;0;1;1;"-26.6423";"-48.6895";"SR-SC";"DEL8/3";"UOP02/SC"
183500;2019-01-05;"sábado";"05:40:00";"SP";116;104,2;"PINDAMONHANGABA";"Ingestão de Álcool";"Atropelamento de Pedestre";"Com Vítimas Fatais";"Amanhecer";"Decrescente";"Chuva";"Dupla";"Não Informado";"Sim";4;1;0;2;1;0;2;1;"-23.00342";"-45.506306";"SR-SP";"DEL6";"UOP01/SP"
183501;2019-01-05;"sábado";"06:00:00";"MG";381;737,3;"TRES CORACOES";"Velocidade Incompatível";"Saída de leito carroçável";"Com Vítimas Feridas";"Pleno dia";"Crescente";"Chuva";"Dupla";"Curva";"Não";4;0;2;2;0;0;4;1;"-21.5656";"-45.2439";"SR-MG";"DEL09";"UOP02/MG"
183502;2019-01-05;"sábado";"06:20:00";"ES";101;432;"ATILIO VIVACQUA";"Velocidade Incompatível";"Tombamento";"Com Vítimas Feridas";"Pleno dia";"Crescente";"Céu Claro";"Simples";"Curva";"Não";1;0;0;1;0;0;1;1;"-21.0082402";"-41.14070892";"SR-ES";"DEL12/3";"UOP02/ES"
183503;2019-01-05;"sábado";"06:20:00";"ES";101;1,5;"SERRA";"Desobediência às normas de trânsito pelo condutor";"Atropelamento de Pedestre";"Com Vítimas Feridas";"Pleno dia";"Crescente";"Céu Claro";"Dupla";"Curva";"Sim";2;0;1;0;1;0;1;1;"-20.129093";"-40.308125";"SR-ES";"DEL12/2";"UOP01/ES"
183504;2019-01-05;"sábado";"06:50:00";"GO";20;174;"ALVORADA DO NORTE";"Velocidade Incompatível";"Colisão traseira";"Com Vítimas Feridas";"Amanhecer";"Crescente";"Céu Claro";"Simples";"Reta";"Não";3;0;1;0;2;0;1;2;"-14.519481";"-46.528156";"SR-DF";"GO";"UOP05/DF"
183505;2019-01-05;"sábado";"06:15:00";"PR";376;668,1;"GUARATUBA";"Velocidade Incompatível";"Capotamento";"Com Vítimas Feridas";"Amanhecer";"Decrescente";"Chuva";"Dupla";"Curva";"Não";2;0;1;0;1;0;1;1;"-25.86217298";"-48.93671036";"SR-PR";"DEL7/1";"UOP08/PR"
183506;2019-01-05;"sábado";"03:00:00";"MT";174;312,8;"PONTES E LACERDA";"Falta de Atenção do Pedestre";"Atropelamento de Pedestre";"Com Vítimas Fatais";"Plena Noite";"Crescente";"Céu Claro";"Simples";"Reta";"Não";2;1;0;0;1;0;0;1;"-15.032198";"-59.293877";"SR-MT";"DEL2/7";"UOP01/MT"
183507;2019-01-05;"sábado";"07:00:00";"MG";365;598;"UBERLANDIA";"Falta de Atenção à Condução";"Tombamento";"Com Vítimas Feridas";"Amanhecer";"Decrescente";"Nublado";"Simples";"Reta";"Não";2;0;2;0;0;0;2;1;"-18.87867618";"-48.09299469";"SR-MG";"DEL4/15";"UOP02/MG"
183510;2019-01-05;"sábado";"06:50:00";"GO";40;2,9;"VALPARAISO DE GOIAS";"Falta de Atenção à Condução";"Colisão traseira";"Com Vítimas Feridas";"Amanhecer";"Crescente";"Sol";"Dupla";"Reta";"Sim";2;0;1;0;1;0;1;2;"-16.067129";"-47.984235";"SR-DF";"GO";"UOP01/DF"
183512;2019-01-04;"sexta-feira";"16:10:00";"SC";282;50,8;"AGUAS MORNAS";"Velocidade Incompatível";"Capotamento";"Com Vítimas Feridas";"Pleno dia";"Decrescente";"Nublado";"Simples";"Reta";"Não";3;0;3;0;0;0;3;1;"-27.708536";"-48.952251";"SR-SC";"DEL8/1";"UOP03/SC"
183513;2019-01-05;"sábado";"06:30:00";"MT";364;277;"JACIARA";"Falta de Atenção à Condução";"Saída de leito carroçável";"Sem Vítimas";"Amanhecer";"Decrescente";"Chuva";"Dupla";"Desvio Temporário";"Não";1;0;0;0;1;0;0;1;"-15.950761";"-54.999538";"SR-MT";"DEL2/1";"UOP02/MT"
183514;2019-01-05;"sábado";"05:00:00";"RR";401;0,6;"BOA VISTA";"Ingestão de Álcool";"Colisão com objeto estático";"Com Vítimas Feridas";"Plena Noite";"Crescente";"Céu Claro";"Dupla";"Reta";"Sim";1;0;1;0;0;0;1;1;"2.804041";"-60.685828";"SR-RR";"UOP01/RR";""
183515;2019-01-05;"sábado";"07:10:00";"MG";116;780,8;"LEOPOLDINA";"Velocidade Incompatível";"Saída de leito carroçável";"Com Vítimas Feridas";"Pleno dia";"Decrescente";"Céu Claro";"Simples";"Curva";"Não";1;0;1;0;0;0;1;1;"-21.55754951";"-42.66918182";"SR-MG";"DEL4/7";"UOP01/MG"
183517;2019-01-05;"sábado";"07:15:00";"MT";163;717;"SORRISO";"Avarias e/ou desgaste excessivo no pneu";"Saída de leito carroçável";"Com Vítimas Feridas";"Pleno dia";"Decrescente";"Nublado";"Simples";"Curva";"Não";3;0;3;0;0;0;3;1;"-12.836";"-55.824";"SR-MT";"DEL2/6";"UOP01/MT"
183518;2019-01-05;"sábado";"07:40:00";"MG";381;763,3;"CAMPANHA";"Condutor Dormindo";"Saída de leito carroçável";"Com Vítimas Feridas";"Pleno dia";"Decrescente";"Chuva";"Dupla";"Reta";"Não";4;0;3;1;0;0;4;1;"-21.71691653";"-45.37736535";"SR-MG";"DEL09";"UOP02/MG"
183519;2019-01-05;"sábado";"08:20:00";"DF";70;9,2;"BRASILIA";"Falta de Atenção à Condução";"Colisão lateral";"Com Vítimas Feridas";"Pleno dia";"Decrescente";"Céu Claro";"Dupla";"Reta";"Sim";2;0;1;0;1;0;1;2;"-15.784615";"-48.132023";"SR-DF";"DF";"UOP06/DF"
183520;2019-01-05;"sábado";"07:30:00";"MT";364;358;"SANTO ANTONIO DO LEVERGER";"Velocidade Incompatível";"Saída de leito carroçável";"Com Vítimas Feridas";"Pleno dia";"Crescente";"Chuva";"Dupla";"Reta";"Não";2;0;1;0;1;0;1;1;"-15.777861";"-55.614037";"SR-MT";"DEL2/1";"UOP01/MT"
183522;2019-01-05;"sábado";"09:10:00";"PR";163;153,8;"SANTA LUCIA";"Falta de Atenção à Condução";"Colisão frontal";"Com Vítimas Feridas";"Pleno dia";"Crescente";"Nublado";"Simples";"Curva";"Não";4;0;1;0;3;0;1;2;"-25.394";"-53.5766";"SR-PR";"DEL7/4";"UOP06/PR"
183523;2019-01-05;"sábado";"06:40:00";"RS";116;246,7;"SAO LEOPOLDO";"Falta de Atenção à Condução";"Colisão lateral";"Com Vítimas Feridas";"Pleno dia";"Decrescente";"Nublado";"Dupla";"Reta";"Sim";2;0;1;0;0;1;1;2;"-29.76421483";"-51.15353649";"SR-RS";"DEL9/1";"UOP02/RS"
183524;2019-01-05;"sábado";"09:10:00";"PR";116;56;"CAMPINA GRANDE DO SUL";"Falta de Atenção à Condução";"Saída de leito carroçável";"Sem Vítimas";"Pleno dia";"Decrescente";"Chuva";"Dupla";"Reta";"Não";2;0;0;0;2;0;0;1;"-25.280983";"-48.927372";"SR-PR";"DEL7/1";"UOP02/PR"
183525;2019-01-05;"sábado";"07:50:00";"SC";470;63,3;"INDAIAL";"Falta de Atenção à Condução";"Colisão frontal";"Com Vítimas Feridas";"Pleno dia";"Decrescente";"Céu Claro";"Simples";"Curva";"Sim";2;0;0;1;1;0;1;2;"-26.872396";"-49.19228";"SR-SC";"DEL8/4";"UOP01/SC"
183527;2019-01-05;"sábado";"09:25:00";"SP";116;513;"CAJATI";"Velocidade Incompatível";"Colisão com objeto estático";"Com Vítimas Feridas";"Pleno dia";"Decrescente";"Chuva";"Dupla";"Curva";"Não";2;0;1;0;1;0;1;1;"-24.85249515";"-48.210295";"SR-SP";"DEL6/5";"UOP02/SP"
183528;2019-01-05;"sábado";"09:00:00";"RN";101;102;"PARNAMIRIM";"Não guardar distância de segurança";"Colisão transversal";"Com Vítimas Feridas";"Pleno dia";"Crescente";"Céu Claro";"Múltipla";"Interseção de vias";"Sim";3;0;2;0;1;0;2;2;"-5.88861";"-35.24033";"SR-RN";"DEL15/1";"UOP01/RN"
183529;2019-01-05;"sábado";"07:00:00";"RO";319;64;"PORTO VELHO";"Falta de Atenção à Condução";"Colisão transversal";"Com Vítimas Feridas";"Pleno dia";"Crescente";"Sol";"Múltipla";"Reta";"Sim";2;0;1;0;1;0;1;2;"-8.76611942";"-63.88460755";"SR-RO";"DEL21/1";"UOP01/RO"
183530;2019-01-05;"sábado";"08:00:00";"RJ";40;105;"DUQUE DE CAXIAS";"Mal Súbito";"Colisão frontal";"Com Vítimas Feridas";"Pleno dia";"Decrescente";"Nublado";"Múltipla";"Não Informado";"Sim";2;0;1;0;1;0;1;2;"-22.6476";"-43.2836";"SR-RJ";"DEL5/1";"UOP01/RJ"
183531;2019-01-05;"sábado";"07:20:00";"SP";381;86;"SAO PAULO";"Falta de Atenção à Condução";"Colisão traseira";"Com Vítimas Feridas";"Pleno dia";"Decrescente";"Nublado";"Dupla";"Não Informado";"Sim";3;0;2;0;1;0;2;2;"-23.46310317";"-46.57156381";"SR-SP";"DEL6/3";"UOP02/SP"
183532;2019-01-04;"sexta-feira";"16:00:00";"RO";429;83,4;"ALVORADA DOESTE";"Falta de Atenção à Condução";"Saída de leito carroçável";"Com Vítimas Feridas";"Pleno dia";"Crescente";"Nublado";"Simples";"Curva";"Não";1;0;1;0;0;0;1;1;"-11.287348";"-62.230793";"SR-RO";"DEL21/2";"UOP03/RO"
183533;2019-01-05;"sábado";"10:00:00";"ES";259;49;"COLATINA";"Desobediência às normas de trânsito pelo condutor";"Colisão transversal";"Com Vítimas Feridas";"Pleno dia";"Crescente";"Céu Claro";"Simples";"Interseção de vias";"Não";2;0;1;0;1;0;1;2;"-19.518734";"-40.600407";"SR-ES";"DEL12/2";"UOP01/ES"
183534;2019-01-05;"sábado";"10:10:00";"RJ";101;67,3;"CAMPOS DOS GOYTACAZES";"Não guardar distância de segurança";"Colisão traseira";"Com Vítimas Feridas";"Pleno dia";"Decrescente";"Céu Claro";"Simples";"Reta";"Sim";3;0;1;0;2;0;1;2;"-21.769842";"-41.353246";"SR-RJ";"DEL5/8";"UOP02/RJ"
183535;2019-01-05;"sábado";"09:20:00";"PR";116;51;"CAMPINA GRANDE DO SUL";"Velocidade Incompatível";"Saída de leito carroçável";"Com Vítimas Feridas";"Pleno dia";"Decrescente";"Chuva";"Dupla";"Curva";"Não";2;0;1;0;1;0;1;1;"-25.24455524";"-48.90226543";"SR-PR";"DEL7/1";"UOP02/PR"
183536;2019-01-05;"sábado";"09:15:00";"BA";242;783;"BARREIRAS";"Falta de Atenção à Condução";"Colisão transversal";"Com Vítimas Feridas";"Pleno dia";"Crescente";"Sol";"Simples";"Reta";"Sim";4;0;0;2;2;0;2;2;"-12.137741";"-44.92248";"SR-BA";"DEL10/10";"UOP01/BA"
183537;2019-01-05;"sábado";"09:35:00";"PE";116;82;"BELEM DE SAO FRANCISCO";"Velocidade Incompatível";"Colisão lateral";"Com Vítimas Feridas";"Pleno dia";"Decrescente";"Céu Claro";"Simples";"Curva";"Não";7;0;1;0;6;0;1;5;"-8.542338";"-39.223984";"SR-PE";"DEL11/5";"UOP03/PE"
183538;2019-01-05;"sábado";"07:55:00";"MS";262;141,2;"AGUA CLARA";"Condutor Dormindo";"Colisão frontal";"Com Vítimas Feridas";"Amanhecer";"Crescente";"Céu Claro";"Simples";"Reta";"Não";3;0;1;0;2;0;1;2;"-20.4446056";"-52.855589";"SR-MS";"DEL3/7";"UOP02/MS"
183539;2019-01-05;"sábado";"07:25:00";"AC";364;129;"RIO BRANCO";"Falta de Atenção à Condução";"Colisão lateral";"Com Vítimas Feridas";"Pleno dia";"Crescente";"Céu Claro";"Simples";"Reta";"Não";3;0;3;0;0;0;3;2;"-10.028815";"-67.829361";"SR-AC";"UOP01/AC";""
183540;2019-01-05;"sábado";"11:00:00";"SC";101;252;"PAULO LOPES";"Defeito Mecânico no Veículo";"Tombamento";"Com Vítimas Feridas";"Pleno dia";"Decrescente";"Garoa/Chuvisco";"Simples";"Reta";"Sim";2;0;0;1;1;0;1;2;"-27.9705";"-48.6795";"SR-SC";"DEL8/2";"UOP03/SC"
183541;2019-01-05;"sábado";"10:00:00";"PR";277;553,3;"CASCAVEL";"Falta de Atenção à Condução";"Colisão traseira";"Com Vítimas Feridas";"Pleno dia";"Decrescente";"Garoa/Chuvisco";"Simples";"Reta";"Não";4;0;4;0;0;0;4;2;"-25.08460258";"-53.16651326";"SR-PR";"DEL7/4";"UOP02/PR"
183542;2019-01-05;"sábado";"09:45:00";"SP";116;277;"EMBU DAS ARTES";"Falta de Atenção à Condução";"Colisão com objeto estático";"Com Vítimas Feridas";"Pleno dia";"Decrescente";"Chuva";"Dupla";"Reta";"Não";1;0;0;1;0;0;1;1;"-23.65175753";"-46.84707642";"SR-SP";"DEL6/4";"UOP01/SP"