"id";"data_inversa";"dia_semana";"horario";"uf";"br";"km";"municipio";"causa_acidente";"tipo_acidente";"classificacao_acidente";"fase_dia";"sentido_via";"condicao_metereologica";"tipo_pista";"tracado_via";"uso_solo";"pessoas";"mortos";"feridos_leves";"feridos_graves";"ilesos";"ignorados";"feridos";"veiculos";"latitude";"longitude";"regional";"delegacia";"uop"
183543;2019-01-05;"sábado";"09:00:00";"CE";20;429;"FORTALEZA";"Não guardar distância de segurança";"Colisão traseira";"Com Vítimas Feridas";"Pleno dia";"Crescente";"Céu Claro";"Dupla";"Reta";"Sim";3;0;2;0;0;1;2;2;"-3.76999";"-38.670063";"SR-CE";"DEL16/1";"UOP02/CE"
183544;2019-01-05;"sábado";"11:20:00";"RS";290;115;"ELDORADO DO SUL";"Falta de Atenção à Condução";"Colisão lateral";"Sem Vítimas";"Pleno dia";"Crescente";"Céu Claro";"Simples";"Reta";"Não";6;0;0;0;6;0;0;2;"-30.045572";"-51.357651";"SR-RS";"DEL9/2";"UOP01/RS"
183547;2019-01-05;"sábado";"11:20:00";"GO";153;506,6;"APARECIDA DE GOIANIA";"Defeito Mecânico no Veículo";"Colisão traseira";"Sem Vítimas";"Pleno dia";"Decrescente";"Chuva";"Dupla";"Reta";"Sim";5;0;0;0;5;0;0;2;"-16.7633";"-49.24";"SR-GO";"DEL1/1";"UOP01/GO"
183548;2019-01-05;"sábado";"10:45:00";"CE";116;1,8;"FORTALEZA";"Não guardar distância de segurança";"Colisão traseira";"Com Vítimas Feridas";"Pleno dia";"Decrescente";"Sol";"Múltipla";"Reta";"Sim";2;0;1;0;1;0;1;2;"-3.765454";"-38.518085";"SR-CE";"DEL16/1";"UOP02/CE"
183549;2019-01-05;"sábado";"11:40:00";"SP";381;69,5;"MAIRIPORA";"Pista Escorregadia";"Capotamento";"Com Vítimas Feridas";"Pleno dia";"Decrescente";"Garoa/Chuvisco";"Dupla";"Curva";"Não";2;0;1;0;1;0;1;1;"-23.34854045";"-46.56092978";"SR-SP";"DEL6/3";"UOP02/SP"
183550;2019-01-05;"sábado";"06:20:00";"PI";316;317,2;"PICOS";"Não guardar distância de segurança";"Colisão traseira";"Com Vítimas Feridas";"Pleno dia";"Crescente";"Sol";"Simples";"Reta";"Não";3;0;1;1;1;0;2;2;"-7.0139076";"-41.5875824";"SR-PI";"DEL17/4";"UOP01/PI"
183551;2019-01-05;"sábado";"11:45:00";"GO";40;2;"VALPARAISO DE GOIAS";"Falta de Atenção à Condução";"Engavetamento";"Com Vítimas Feridas";"Pleno dia";"Decrescente";"Céu Claro";"Dupla";"Reta";"Sim";6;0;1;0;5;0;1;3;"-16.067129";"-47.984235";"SR-DF";"GO";"UOP01/DF"
183552;2019-01-05;"sábado";"09:42:00";"RS";472;417;"SAO BORJA";"Defeito na Via";"Saída de leito carroçável";"Com Vítimas Feridas";"Pleno dia";"Crescente";"Céu Claro";"Simples";"Reta";"Não";5;0;2;2;1;0;4;1;"-28.82152026";"-56.05648837";"SR-RS";"DEL9/12";"UOP01/RS"
183554;2019-01-05;"sábado";"12:30:00";"MG";40;786,4;"JUIZ DE FORA";"Avarias e/ou desgaste excessivo no pneu";"Colisão com objeto estático";"Com Vítimas Feridas";"Pleno dia";"Decrescente";"Céu Claro";"Dupla";"Curva";"Não";2;0;2;0;0;0;2;1;"-21.7522";"-43.4452";"SR-MG";"DEL5";"UOP01/MG"
183555;2019-01-05;"sábado";"12:10:00";"SC";101;203,2;"SAO JOSE";"Desobediência às normas de trânsito pelo condutor";"Colisão lateral";"Com Vítimas Feridas";"Pleno dia";"Crescente";"Nublado";"Múltipla";"Interseção de vias";"Sim";3;0;1;0;2;0;1;2;"-27.5742";"-48.6134";"SR-SC";"DEL8/1";"UOP01/SC"
183556;2019-01-05;"sábado";"09:00:00";"MG";153;20,1;"CENTRALINA";"Falta de Atenção à Condução";"Saída de leito carroçável";"Com Vítimas Feridas";"Pleno dia";"Decrescente";"Céu Claro";"Múltipla";"Reta";"Sim";1;0;1;0;0;0;1;1;"-18.6049";"-49.1919";"SR-MG";"DEL4/15";"UOP03/MG"
183558;2019-01-05;"sábado";"08:30:00";"MG";50;77,2;"UBERLANDIA";"Condutor Dormindo";"Colisão traseira";"Com Vítimas Feridas";"Pleno dia";"Decrescente";"Garoa/Chuvisco";"Dupla";"Viaduto";"Sim";2;0;1;0;1;0;1;2;"-18.9444";"-48.2185";"SR-MG";"DEL4/15";"UOP01/MG"
183559;2019-01-05;"sábado";"11:55:00";"MT";364;137,9;"PEDRA PRETA";"Velocidade Incompatível";"Colisão frontal";"Com Vítimas Fatais";"Pleno dia";"Crescente";"Chuva";"Simples";"Não Informado";"Não";3;1;0;0;1;1;0;2;"-16.79372574";"-54.19361472";"SR-MT";"DEL2/2";"UOP01/MT"
183560;2019-01-05;"sábado";"09:00:00";"BA";418;90,5;"NOVA VICOSA";"Falta de Atenção à Condução";"Colisão transversal";"Com Vítimas Feridas";"Pleno dia";"Crescente";"Céu Claro";"Simples";"Reta";"Sim";3;0;0;1;2;0;1;3;"-17.88480404";"-39.87278245";"SR-BA";"DEL10/9";"UOP03/BA"
183561;2019-01-05;"sábado";"13:00:00";"SC";101;206;"SAO JOSE";"Defeito Mecânico no Veículo";"Colisão traseira";"Com Vítimas Feridas";"Pleno dia";"Crescente";"Céu Claro";"Dupla";"Reta";"Sim";5;0;1;0;4;0;1;4;"-27.6001";"-48.6225";"SR-SC";"DEL8/1";"UOP01/SC"
183562;2019-01-05;"sábado";"11:30:00";"DF";20;21;"BRASILIA";"Velocidade Incompatível";"Saída de leito carroçável";"Com Vítimas Feridas";"Pleno dia";"Crescente";"Chuva";"Dupla";"Não Informado";"Não";1;0;1;0;0;0;1;1;"-15.603384";"-47.684692";"SR-DF";"DF";"UOP04/DF"
183564;2019-01-05;"sábado";"12:20:00";"AL";104;88,9;"RIO LARGO";"Falta de Atenção do Pedestre";"Atropelamento de Pedestre";"Com Vítimas Feridas";"Pleno dia";"Crescente";"Céu Claro";"Dupla";"Reta";"Sim";3;0;0;2;0;1;2;2;"-9.48139219";"-35.8192277";"SR-AL";"DEL13/1";"UOP01/AL"
183565;2019-01-05;"sábado";"11:30:00";"PR";116;23;"ANTONINA";"Velocidade Incompatível";"Capotamento";"Com Vítimas Feridas";"Pleno dia";"Decrescente";"Chuva";"Dupla";"Curva";"Não";1;0;1;0;0;0;1;1;"-25.110476";"-48.75592";"SR-PR";"DEL7/1";"UOP02/PR"
183566;2019-01-05;"sábado";"13:20:00";"SC";282;4;"FLORIANOPOLIS";"Falta de Atenção à Condução";"Colisão lateral";"Com Vítimas Feridas";"Pleno dia";"Crescente";"Nublado";"Dupla";"Reta";"Sim";2;0;1;0;1;0;1;2;"-27.592646";"-48.604034";"SR-SC";"DEL8/1";"UOP01/SC"
183567;2019-01-05;"sábado";"11:40:00";"MG";262;400,1;"PARA DE MINAS";"Pista Escorregadia";"Tombamento";"Com Vítimas Feridas";"Pleno dia";"Decrescente";"Céu Claro";"Simples";"Não Informado";"Sim";1;0;1;0;0;0;1;1;"-19.8819";"-44.6125";"SR-MG";"DEL4/1";"UOP03/MG"
183568;2019-01-05;"sábado";"13:13:00";"PR";163;326;"GUAIRA";"Ultrapassagem Indevida";"Colisão lateral";"Com Vítimas Feridas";"Pleno dia";"Decrescente";"Céu Claro";"Simples";"Reta";"Não";4;0;1;0;3;0;1;2;"-24.2709";"-54.1799";"SR-PR";"DEL7/6";"UOP01/PR"
183569;2019-01-05;"sábado";"14:00:00";"SC";101;206,8;"SAO JOSE";"Não guardar distância de segurança";"Colisão lateral";"Com Vítimas Feridas";"Pleno dia";"Crescente";"Nublado";"Múltipla";"Reta";"Sim";2;0;1;0;1;0;1;2;"-27.6001";"-48.6225";"SR-SC";"DEL8/1";"UOP01/SC"
183570;2019-01-05;"sábado";"13:00:00";"MG";381;729,9;"CARMO DA CACHOEIRA";"Pista Escorregadia";"Saída de leito carroçável";"Com Vítimas Feridas";"Pleno dia";"Decrescente";"Chuva";"Dupla";"Curva";"Não";3;0;2;0;1;0;2;1;"-21.503";"-45.215";"SR-MG";"DEL4/4";"UOP02/MG"
183571;2019-01-05;"sábado";"13:40:00";"MG";381;820,9;"CAREACU";"Ingestão de Álcool";"Colisão transversal";"Com Vítimas Feridas";"Pleno dia";"Crescente";"Chuva";"Dupla";"Não Informado";"Não";6;0;6;0;0;0;6;2;"-22.07583716";"-45.70222378";"SR-MG";"DEL09";"UOP02/MG"
183572;2019-01-05;"sábado";"12:00:00";"PR";277;233,1;"FERNANDES PINHEIRO";"Falta de Atenção à Condução";"Colisão traseira";"Com Vítimas Feridas";"Pleno dia";"Decrescente";"Nublado";"Simples";"Retorno Regulamentado";"Não";3;0;0;1;2;0;1;2;"-25.46436244";"-50.56858854";"SR-PR";"DEL7/3";"UOP04/PR"
183574;2019-01-05;"sábado";"10:10:00";"RO";364;430;"JARU";"Falta de Atenção à Condução";"Colisão lateral";"Com Vítimas Feridas";"Pleno dia";"Decrescente";"Céu Claro";"Simples";"Reta";"Não";2;0;1;0;1;0;1;2;"-10.410982";"-62.510101";"SR-RO";"DEL21/3";"UOP02/RO"
183575;2019-01-05;"sábado";"14:00:00";"SC";101;123,5;"ITAJAI";"Não guardar distância de segurança";"Colisão traseira";"Com Vítimas Fatais";"Pleno dia";"Decrescente";"Nublado";"Dupla";"Reta";"Não";3;1;0;0;1;1;0;2;"-26.9434";"-48.6917";"SR-SC";"DEL8/4";"UOP04/SC"
183576;2019-01-05;"sábado";"12:00:00";"RJ";40;55,3;"PETROPOLIS";"Falta de Atenção à Condução";"Colisão transversal";"Com Vítimas Feridas";"Pleno dia";"Decrescente";"Nublado";"Dupla";"Retorno Regulamentado";"Sim";5;0;1;0;4;0;1;2;"-22.3627";"-43.1268";"SR-RJ";"DEL5/6";"UOP03/RJ"
183577;2019-01-05;"sábado";"14:00:00";"GO";40;145;"CRISTALINA";"Ultrapassagem Indevida";"Colisão transversal";"Com Vítimas Fatais";"Pleno dia";"Decrescente";"Chuva";"Dupla";"Não Informado";"Não";6;3;2;1;0;0;3;2;"-16.986227";"-47.24949";"SR-DF";"GO";"UOP02/DF"
183579;2019-01-05;"sábado";"13:20:00";"MG";153;165,1;"COMENDADOR GOMES";"Pista Escorregadia";"Saída de leito carroçável";"Com Vítimas Feridas";"Pleno dia";"Decrescente";"Chuva";"Simples";"Reta";"Não";3;0;1;0;2;0;1;1;"-19.66580537";"-48.98397419";"SR-MG";"DEL13";"UOP02/MG"
183580;2019-01-05;"sábado";"12:30:00";"MG";40;281;"TRES MARIAS";"Velocidade Incompatível";"Colisão com objeto estático";"Com Vítimas Feridas";"Pleno dia";"Decrescente";"Nublado";"Simples";"Reta";"Não";5;0;1;0;4;0;1;2;"-18.242233";"-45.207981";"SR-MG";"DEL4/14";"UOP03/MG"
183581;2019-01-05;"sábado";"14:30:00";"RS";386;381,2;"TABAI";"Velocidade Incompatível";"Saída de leito carroçável";"Com Vítimas Fatais";"Pleno dia";"Crescente";"Nublado";"Dupla";"Reta";"Não";1;1;0;0;0;0;0;1;"-29.66784576";"-51.73684154";"SR-RS";"DEL9/4";"UOP02/RS"
183583;2019-01-05;"sábado";"14:35:00";"SC";101;146;"ITAPEMA";"Falta de Atenção à Condução";"Colisão traseira";"Com Vítimas Feridas";"Pleno dia";"Decrescente";"Nublado";"Dupla";"Reta";"Sim";3;0;1;0;2;0;1;3;"-27.0918";"-48.6168";"SR-SC";"DEL8/4";"UOP03/SC"
183584;2019-01-05;"sábado";"13:45:00";"CE";116;158;"RUSSAS";"Ultrapassagem Indevida";"Tombamento";"Com Vítimas Feridas";"Pleno dia";"Crescente";"Nublado";"Simples";"Reta";"Não";1;0;1;0;0;0;1;1;"-4.90249233";"-38.00685883";"SR-CE";"DEL16/3";"UOP01/CE"
183585;2019-01-05;"sábado";"13:20:00";"SP";116;291,8;"ITAPECERICA DA SERRA";"Velocidade Incompatível";"Capotamento";"Com Vítimas Feridas";"Pleno dia";"Decrescente";"Chuva";"Dupla";"Reta";"Não";2;0;1;0;1;0;1;1;"-23.7306406";"-46.89437281";"SR-SP";"DEL6/4";"UOP01/SP"
183586;2019-01-05;"sábado";"13:45:00";"PA";163;999;"SANTAREM";"Não guardar distância de segurança";"Colisão traseira";"Com Vítimas Feridas";"Pleno dia";"Decrescente";"Céu Claro";"Simples";"Reta";"Não";4;0;3;0;1;0;3;3;"-2.48046421";"-54.73110887";"SR-PA";"DEL19/5";"UOP01/PA"
183587;2019-01-05;"sábado";"15:00:00";"RJ";40;105;"DUQUE DE CAXIAS";"Falta de Atenção do Pedestre";"Colisão transversal";"Com Vítimas Feridas";"Pleno dia";"Decrescente";"Nublado";"Dupla";"Desvio Temporário";"Sim";2;0;1;0;1;0;1;2;"-22.6476";"-43.2836";"SR-RJ";"DEL5/1";"UOP01/RJ"
183588;2019-01-05;"sábado";"14:00:00";"PE";101;21,2;"GOIANA";"Falta de Atenção à Condução";"Colisão traseira";"Com Vítimas Feridas";"Pleno dia";"Decrescente";"Céu Claro";"Dupla";"Reta";"Não";3;0;3;0;0;0;3;2;"-7.6764";"-34.928";"SR-PE";"DEL11/1";"UOP02/PE"
183589;2019-01-05;"sábado";"10:25:00";"SC";282;210,8;"LAGES";"Desobediência às normas de trânsito pelo condutor";"Engavetamento";"Com Vítimas Feridas";"Pleno dia";"Crescente";"Céu Claro";"Simples";"Reta";"Não";10;0;1;0;9;0;1;4;"-27.778582";"-50.231815";"SR-SC";"DEL8/5";"UOP01/SC"
183590;2019-01-05;"sábado";"14:40:00";"BA";324;599;"SIMOES FILHO";"Falta de Atenção à Condução";"Colisão com objeto estático";"Com Vítimas Feridas";"Pleno dia";"Decrescente";"Céu Claro";"Dupla";"Reta";"Não";2;0;1;1;0;0;2;1;"-12.75963955";"-38.42644812";"SR-BA";"DEL10/1";"UOP01/BA"
183591;2019-01-05;"sábado";"14:30:00";"BA";116;905,8;"CANDIDO SALES";"Falta de Atenção à Condução";"Tombamento";"Com Vítimas Feridas";"Pleno dia";"Decrescente";"Sol";"Simples";"Reta";"Não";2;0;2;0;0;0;2;1;"-15.47979";"-41.24306";"SR-BA";"DEL10/8";"UOP03/BA"
183592;2019-01-05;"sábado";"15:35:00";"SC";153;78,7;"IRANI";"Desobediência às normas de trânsito pelo condutor";"Colisão transversal";"Com Vítimas Feridas";"Pleno dia";"Decrescente";"Nublado";"Simples";"Reta";"Não";6;0;5;0;1;0;5;2;"-27.10668";"-51.900246";"SR-SC";"DEL7";"UOP05/SC"
183593;2019-01-05;"sábado";"14:20:00";"MG";381;687,8;"LAVRAS";"Velocidade Incompatível";"Tombamento";"Com Vítimas Fatais";"Pleno dia";"Decrescente";"Céu Claro";"Dupla";"Não Informado";"Não";3;1;0;0;2;0;0;2;"-21.1864";"-45.1173";"SR-MG";"DEL4/4";"UOP02/MG"
183594;2019-01-05;"sábado";"15:45:00";"PE";116;80;"CABROBO";"Falta de Atenção à Condução";"Colisão lateral";"Com Vítimas Feridas";"Pleno dia";"Decrescente";"Céu Claro";"Simples";"Reta";"Não";3;0;3;0;0;0;3;2;"-8.525343";"-39.218342";"SR-PE";"DEL11/5";"UOP03/PE"
183595;2019-01-05;"sábado";"16:45:00";"SP";153;208,9;"GUAIMBE";"Ingestão de Álcool";"Colisão transversal";"Com Vítimas Feridas";"Pleno dia";"Decrescente";"Chuva";"Simples";"Interseção de vias";"Não";4;0;1;0;3;0;1;2;"-21.891123";"-49.910141";"SR-SP";"DEL6/07";"UOP02/SP"
183596;2019-01-05;"sábado";"17:09:00";"SP";153;60,9;"SAO JOSE DO RIO PRETO";"Falta de Atenção à Condução";"Tombamento";"Com Vítimas Feridas";"Pleno dia";"Decrescente";"Garoa/Chuvisco";"Dupla";"Ponte";"Sim";1;0;1;0;0;0;1;1;"-20.79628";"-49.354801";"SR-SP";"DEL6/9";"UOP01/SP"
183597;2019-01-05;"sábado";"12:45:00";"MA";135;28;"BACABEIRA";"Falta de Atenção à Condução";"Saída de leito carroçável";"Com Vítimas Feridas";"Pleno dia";"Crescente";"Nublado";"Dupla";"Reta";"Não";2;0;0;1;1;0;1;1;"-2.786066";"-44.37413";"SR-MA";"DEL18/1";"UOP01/MA"
183598;2019-01-05;"sábado";"15:55:00";"BA";324;575;"SAO SEBASTIAO DO PASSE";"Condutor Dormindo";"Capotamento";"Com Vítimas Feridas";"Pleno dia";"Crescente";"Céu Claro";"Dupla";"Reta";"Não";2;0;2;0;0;0;2;1;"-12.5904182";"-38.52201462";"SR-BA";"DEL10/1";"UOP01/BA"
183599;2019-01-05;"sábado";"15:15:00";"SC";101;148;"ITAPEMA";"Mal Súbito";"Colisão lateral";"Sem Vítimas";"Pleno dia";"Decrescente";"Nublado";"Dupla";"Reta";"Sim";2;0;0;0;2;0;0;2;"-27.109";"-48.6126";"SR-SC";"DEL8/4";"UOP03/SC"
183600;2019-01-05;"sábado";"15:00:00";"BA";415;25,1;"ILHEUS";"Falta de Atenção à Condução";"Colisão lateral";"Com Vítimas Feridas";"Pleno dia";"Crescente";"Céu Claro";"Simples";"Curva";"Não";3;0;2;0;1;0;2;2;"-14.8482";"-39.281986";"SR-BA";"DEL10/5";"UOP01/BA"
183601;2019-01-05;"sábado";"16:20:00";"PE";101;106;"CABO DE SANTO AGOSTINHO";"Falta de Atenção à Condução";"Saída de leito carroçável";"Com Vítimas Feridas";"Pleno dia";"Decrescente";"Céu Claro";"Dupla";"Curva";"Não";4;0;3;1;0;0;4;1;"-8.3098";"-35.0821";"SR-PE";"DEL11/1";"UOP03/PE"
183602;2019-01-05;"sábado";"17:10:00";"PR";277;366,6;"GUARAPUAVA";"Falta de Atenção à Condução";"Colisão frontal";"Com Vítimas Feridas";"Pleno dia";"Decrescente";"Chuva";"Simples";"Não Informado";"Não";3;0;1;0;2;0;1;2;"-25.422472";"-51.665939";"SR-PR";"DEL7/3";"UOP02/PR"
183603;2019-01-05;"sábado";"14:55:00";"PR";376;300,3;"MAUA DA SERRA";"Falta de Atenção à Condução";"Saída de leito carroçável";"Com Vítimas Feridas";"Pleno dia";"Decrescente";"Chuva";"Dupla";"Curva";"Não";4;0;4;0;0;0;4;1;"-23.93668251";"-51.1636734";"SR-PR";"DEL7/7";"UOP02/PR"
183604;2019-01-05;"sábado";"15:45:00";"CE";222;146,9;"IRAUCUBA";"Falta de Atenção à Condução";"Colisão transversal";"Com Vítimas Feridas";"Pleno dia";"Decrescente";"Nublado";"Simples";"Reta";"Não";2;0;0;1;1;0;1;2;"-3.753667";"-39.755566";"SR-CE";"DEL16/4";"UOP03/CE"
183605;2019-01-05;"sábado";"16:00:00";"MA";316;477,5;"CODO";"Defeito Mecânico no Veículo";"Incêndio";"Sem Vítimas";"Pleno dia";"Crescente";"Céu Claro";"Simples";"Curva";"Não";1;0;0;0;1;0;0;1;"-4.609521";"-43.935574";"SR-MA";"DEL18/3";"UOP02/MA"
183606;2019-01-05;"sábado";"17:00:00";"RJ";101;463,5;"ANGRA DOS REIS";"Condutor Dormindo";"Saída de leito carroçável";"Com Vítimas Feridas";"Pleno dia";"Decrescente";"Céu Claro";"Simples";"Curva";"Não";3;0;3;0;0;0;3;1;"-23.02823755";"-44.21686848";"SR-RJ";"DEL5/3";"UOP02/RJ"
183607;2019-01-05;"sábado";"16:50:00";"PE";101;42,2;"IGARASSU";"Falta de Atenção à Condução";"Colisão transversal";"Sem Vítimas";"Anoitecer";"Decrescente";"Céu Claro";"Múltipla";"Retorno Regulamentado";"Não";2;0;0;0;1;1;0;2;"-7.8543";"-34.9087";"SR-PE";"DEL11/1";"UOP02/PE"
183608;2019-01-05;"sábado";"17:00:00";"PA";230;123;"MARABA";"Falta de Atenção à Condução";"Colisão traseira";"Com Vítimas Feridas";"Pleno dia";"Crescente";"Céu Claro";"Simples";"Reta";"Sim";2;0;1;0;0;1;1;2;"-5.368395";"-49.128872";"SR-PA";"DEL19/3";"UOP01/PA"
183609;2019-01-05;"sábado";"16:00:00";"MA";135;1;"SAO LUIS";"Falta de Atenção à Condução";"Saída de leito carroçável";"Com Vítimas Feridas";"Pleno dia";"Decrescente";"Chuva";"Dupla";"Desvio Temporário";"Sim";2;0;2;0;0;0;2;1;"-2.53073";"-44.3068";"SR-MA";"DEL18/1";"UOP01/MA"
183610;2019-01-05;"sábado";"16:20:00";"RJ";116;76;"TERESOPOLIS";"Falta de Atenção à Condução";"Colisão lateral";"Com Vítimas Feridas";"Pleno dia";"Crescente";"Céu Claro";"Simples";"Reta";"Sim";2;0;1;0;0;1;1;2;"-22.361216";"-42.948738";"SR-RJ";"DEL5/4";"UOP01/RJ"
183611;2019-01-05;"sábado";"16:40:00";"PB";101;119,1;"CAAPORA";"Velocidade Incompatível";"Colisão traseira";"Com Vítimas Feridas";"Pleno dia";"Decrescente";"Sol";"Dupla";"Não Informado";"Não";5;0;1;1;2;1;2;2;"-7.4435";"-34.9782";"SR-PB";"DEL14/1";"UOP02/PB"
183612;2019-01-05;"sábado";"09:00:00";"SC";280;100,2;"SAO BENTO DO SUL";"Pista Escorregadia";"Saída de leito carroçável";"Com Vítimas Feridas";"Pleno dia";"Decrescente";"Chuva";"Simples";"Curva";"Não";2;0;1;0;1;0;1;1;"-26.371477";"-49.330688";"SR-SC";"DEL8/6";"UOP03/SC"
183613;2019-01-05;"sábado";"17:20:00";"BA";242;786;"BARREIRAS";"Desobediência às normas de trânsito pelo condutor";"Atropelamento de Pedestre";"Com Vítimas Feridas";"Pleno dia";"Crescente";"Sol";"Simples";"Interseção de vias";"Não";3;0;0;1;0;2;1;1;"-12.140763";"-44.947147";"SR-BA";"DEL10/10";"UOP01/BA"
183614;2019-01-05;"sábado";"17:45:00";"CE";20;403,6;"CAUCAIA";"Desobediência às normas de trânsito pelo condutor";"Colisão transversal";"Com Vítimas Feridas";"Anoitecer";"Decrescente";"Céu Claro";"Simples";"Retorno Regulamentado";"Não";3;0;0;2;1;0;2;2;"-3.76999";"-38.670063";"SR-CE";"DEL16/1";"UOP01/CE"
183615;2019-01-05;"sábado";"17:50:00";"AL";101;185;"JUNQUEIRO";"Falta de Atenção à Condução";"Colisão transversal";"Com Vítimas Feridas";"Anoitecer";"Decrescente";"Nublado";"Dupla";"Reta";"Sim";6;0;6;0;0;0;6;2;"-9.89846779";"-36.44010544";"SR-AL";"DEL13/2";"UOP02/AL"
183616;2019-01-05;"sábado";"19:00:00";"MG";381;913;"CAMANDUCAIA";"Velocidade Incompatível";"Capotamento";"Com Vítimas Feridas";"Anoitecer";"Decrescente";"Chuva";"Dupla";"Curva";"Não";3;0;1;0;2;0;1;1;"-22.7206";"-46.1292";"SR-MG";"DEL09";"UOP03/MG"
183617;2019-01-05;"sábado";"19:25:00";"SC";282;462,2;"PONTE SERRADA";"Restrição de Visibilidade";"Colisão transversal";"Sem Vítimas";"Anoitecer";"Crescente";"Céu Claro";"Simples";"Reta";"Sim";2;0;0;0;2;0;0;2;"-26.857594";"-52.050583";"SR-SC";"DEL7";"UOP05/SC"
183618;2019-01-05;"sábado";"18:00:00";"MS";463;80,7;"PONTA PORA";"Velocidade Incompatível";"Colisão lateral";"Com Vítimas Feridas";"Pleno dia";"Crescente";"Sol";"Simples";"Reta";"Não";8;0;1;2;5;0;3;3;"-22.532389";"-55.461319";"SR-MS";"DEL3/4";"UOP03/MS"
183619;2019-01-05;"sábado";"17:30:00";"RO";364;357;"JI-PARANA";"Ultrapassagem Indevida";"Saída de leito carroçável";"Com Vítimas Feridas";"Anoitecer";"Crescente";"Céu Claro";"Simples";"Reta";"Não";1;0;1;0;0;0;1;1;"-10.795544";"-62.033264";"SR-RO";"DEL21/2";"UOP01/RO"
183620;2019-01-05;"sábado";"14:20:00";"SC";280;99,9;"SAO BENTO DO SUL";"Falta de Atenção à Condução";"Saída de leito carroçável";"Com Vítimas Feridas";"Pleno dia";"Crescente";"Chuva";"Múltipla";"Curva";"Não";2;0;2;0;0;0;2;1;"-26.37587";"-49.325443";"SR-SC";"DEL8/6";"UOP03/SC"
183621;2019-01-05;"sábado";"17:40:00";"PR";369;137;"IBIPORA";"Falta de Atenção à Condução";"Colisão transversal";"Com Vítimas Feridas";"Anoitecer";"Decrescente";"Nublado";"Simples";"Rotatória";"Sim";2;0;1;0;1;0;1;2;"-23.27194244";"-51.05175018";"SR-PR";"DEL7/7";"UOP01/PR"
183622;2019-01-05;"sábado";"14:45:00";"RS";285;156,3;"MUITOS CAPOES";"Condutor Dormindo";"Colisão frontal";"Com Vítimas Feridas";"Pleno dia";"Crescente";"Sol";"Simples";"Não Informado";"Sim";2;0;1;0;1;0;1;2;"-28.325294";"-51.187935";"SR-RS";"DEL9/5";"UOP03/RS"
183623;2019-01-05;"sábado";"19:15:00";"SP";153;64;"SAO JOSE DO RIO PRETO";"Pista Escorregadia";"Tombamento";"Com Vítimas Feridas";"Anoitecer";"Crescente";"Chuva";"Dupla";"Desvio Temporário";"Sim";1;0;1;0;0;0;1;1;"-20.829193";"-49.360462";"SR-SP";"DEL6/9";"UOP01/SP"
183624;2019-01-05;"sábado";"16:00:00";"RJ";101;275;"TANGUA";"Condutor Dormindo";"Saída de leito carroçável";"Com Vítimas Feridas";"Pleno dia";"Crescente";"Garoa/Chuvisco";"Dupla";"Reta";"Não";2;0;1;0;1;0;1;1;"-22.73654";"-42.72913";"SR-RJ";"DEL5/2";"UOP03/RJ"
183625;2019-01-05;"sábado";"19:00:00";"PE";232;264,1;"BUIQUE";"Falta de Atenção à Condução";"Saída de leito carroçável";"Com Vítimas Feridas";"Plena Noite";"Crescente";"Nublado";"Simples";"Reta";"Não";1;0;1;0;0;0;1;1;"-8.40974798";"-37.15285454";"SR-PE";"DEL11/3";"UOP02/PE"
183626;2019-01-05;"sábado";"19:10:00";"SP";381;6;"VARGEM";"Falta de Atenção à Condução";"Colisão com objeto estático";"Com Vítimas Feridas";"Plena Noite";"Decrescente";"Chuva";"Dupla";"Reta";"Sim";2;0;2;0;0;0;2;1;"-22.897209";"-46.418674";"SR-SP";"DEL6/3";"UOP01/SP"
183627;2019-01-05;"sábado";"16:30:00";"RO";364;669;"CANDEIAS DO JAMARI";"Defeito na Via";"Colisão traseira";"Com Vítimas Feridas";"Pleno dia";"Crescente";"Céu Claro";"Simples";"Reta";"Não";2;0;1;0;0;1;1;2;"-8.77475058";"-63.4880805";"SR-RO";"DEL21/1";"UOP01/RO"
183628;2019-01-05;"sábado";"18:30:00";"MG";40;554;"NOVA LIMA";"Não guardar distância de segurança";"Colisão traseira";"Com Vítimas Feridas";"Pleno dia";"Decrescente";"Céu Claro";"Dupla";"Reta";"Não";4;0;3;0;1;0;3;2;"-20.0858";"-43.9765";"SR-MG";"DEL4/1";"UOP02/MG"
183629;2019-01-05;"sábado";"12:30:00";"MT";70;545,9;"POCONE";"Falta de Atenção à Condução";"Colisão frontal";"Com Vítimas Fatais";"Pleno dia";"Crescente";"Chuva";"Simples";"Reta";"Não";5;2;1;2;0;0;3;2;"-15.73434489";"-56.53022004";"SR-MT";"DEL2/4";"UOP02/MT"
183630;2019-01-05;"sábado";"19:50:00";"MG";116;508,9;"UBAPORANGA";"Ingestão de Álcool";"Colisão traseira";"Com Vítimas Feridas";"Plena Noite";"Crescente";"Nublado";"Simples";"Reta";"Não";2;0;0;2;0;0;2;2;"-19.621156";"-42.10762";"SR-MG";"DEL4/6";"UOP02/MG"
183631;2019-01-05;"sábado";"19:20:00";"BA";135;182;"BARREIRAS";"Animais na Pista";"Atropelamento de Animal";"Com Vítimas Feridas";"Plena Noite";"Decrescente";"Nublado";"Simples";"Reta";"Não";3;0;1;0;2;0;1;1;"-12.16847738";"-45.00935555";"SR-BA";"DEL10/10";"UOP01/BA"