"id";"data_inversa";"dia_semana";"horario";"uf";"br";"km";"municipio";"causa_acidente";"tipo_acidente";"classificacao_acidente";"fase_dia";"sentido_via";"condicao_metereologica";"tipo_pista";"tracado_via";"uso_solo";"pessoas";"mortos";"feridos_leves";"feridos_graves";"ilesos";"ignorados";"feridos";"veiculos";"latitude";"longitude";"regional";"delegacia";"uop"
183726;2019-01-06;"domingo";"12:45:00";"PR";376;294;"MAUA DA SERRA";"Falta de Atenção à Condução";"Colisão frontal";"Com Vítimas Feridas";"Pleno dia";"Crescente";"Garoa/Chuvisco";"Simples";"Reta";"Sim";2;0;0;1;1;0;1;2;"-23.90555957";"-51.20072544";"SR-PR";"DEL7/7";"UOP02/PR"
183727;2019-01-06;"domingo";"10:25:00";"MG";381;727,3;"CARMO DA CACHOEIRA";"Falta de Atenção à Condução";"Colisão traseira";"Com Vítimas Feridas";"Pleno dia";"Crescente";"Céu Claro";"Dupla";"Curva";"Não";3;0;1;0;2;0;1;2;"-21.4883";"-45.2066";"SR-MG";"DEL4/4";"UOP02/MG"
183728;2019-01-06;"domingo";"11:45:00";"MS";163;484,5;"CAMPO GRANDE";"Avarias e/ou desgaste excessivo no pneu";"Tombamento";"Com Vítimas Feridas";"Pleno dia";"Decrescente";"Céu Claro";"Simples";"Reta";"Não";2;0;2;0;0;0;2;1;"-20.453084";"-54.534411";"SR-MS";"DEL3/1";"UOP02/MS"
183729;2019-01-06;"domingo";"12:40:00";"MG";40;556;"NOVA LIMA";"Defeito Mecânico no Veículo";"Incêndio";"Sem Vítimas";"Pleno dia";"Crescente";"Sol";"Dupla";"Reta";"Sim";2;0;0;0;2;0;0;1;"-20.1037";"-43.9749";"SR-MG";"DEL4/1";"UOP02/MG"
183730;2019-01-06;"domingo";"12:40:00";"RS";392;341;"SANTA MARIA";"Desobediência às normas de trânsito pelo condutor";"Colisão lateral";"Sem Vítimas";"Pleno dia";"Crescente";"Céu Claro";"Simples";"Reta";"Não";2;0;0;0;2;0;0;2;"-29.813076";"-53.771732";"SR-RS";"DEL9/9";"UOP01/RS"
183731;2019-01-06;"domingo";"11:10:00";"RO";319;62;"PORTO VELHO";"Falta de Atenção à Condução";"Colisão transversal";"Com Vítimas Feridas";"Pleno dia";"Crescente";"Nublado";"Dupla";"Interseção de vias";"Sim";2;0;1;0;1;0;1;2;"-8.74809882";"-63.88851469";"SR-RO";"DEL21/1";"UOP01/RO"
183732;2019-01-06;"domingo";"13:35:00";"MG";153;147,9;"CAMPO FLORIDO";"Falta de Atenção à Condução";"Colisão transversal";"Com Vítimas Fatais";"Pleno dia";"Crescente";"Sol";"Simples";"Interseção de vias";"Não";6;1;0;2;3;0;2;2;"-19.63175514";"-48.8498497";"SR-MG";"DEL13";"UOP02/MG"
183733;2019-01-06;"domingo";"13:20:00";"DF";20;8;"BRASILIA";"Mal Súbito";"Colisão com objeto estático";"Com Vítimas Feridas";"Pleno dia";"Decrescente";"Céu Claro";"Dupla";"Retorno Regulamentado";"Sim";1;0;1;0;0;0;1;1;"-15.6554688";"-47.78573155";"SR-DF";"DF";"UOP04/DF"
183734;2019-01-06;"domingo";"13:22:00";"PR";376;618,3;"SAO JOSE DOS PINHAIS";"Avarias e/ou desgaste excessivo no pneu";"Colisão com objeto estático";"Com Vítimas Feridas";"Pleno dia";"Decrescente";"Nublado";"Dupla";"Desvio Temporário";"Sim";2;0;0;2;0;0;2;1;"-25.60151556";"-49.17324364";"SR-PR";"DEL7/1";"UOP08/PR"
183736;2019-01-06;"domingo";"12:10:00";"PA";163;1001;"SANTAREM";"Defeito na Via";"Colisão lateral";"Com Vítimas Feridas";"Pleno dia";"Decrescente";"Céu Claro";"Simples";"Reta";"Sim";4;0;1;0;3;0;1;3;"-2.46830126";"-54.72840613";"SR-PA";"DEL19/5";"UOP01/PA"
183737;2019-01-06;"domingo";"13:30:00";"PR";476;139,2;"CURITIBA";"Velocidade Incompatível";"Capotamento";"Sem Vítimas";"Pleno dia";"Decrescente";"Garoa/Chuvisco";"Múltipla";"Reta";"Sim";1;0;0;0;1;0;0;1;"-25.51284";"-49.289257";"SR-PR";"DEL7/1";"UOP06/PR"
183738;2019-01-06;"domingo";"13:45:00";"SP";116;278;"EMBU DAS ARTES";"Velocidade Incompatível";"Capotamento";"Sem Vítimas";"Pleno dia";"Decrescente";"Céu Claro";"Dupla";"Curva";"Não";1;0;0;0;0;1;0;1;"-23.63602256";"-46.82922363";"SR-SP";"DEL6/4";"UOP01/SP"
183739;2019-01-06;"domingo";"13:25:00";"RS";290;295,3;"CACHOEIRA DO SUL";"Defeito na Via";"Capotamento";"Sem Vítimas";"Pleno dia";"Decrescente";"Céu Claro";"Simples";"Reta";"Não";3;0;0;0;3;0;0;1;"-30.305027";"-53.157436";"SR-RS";"DEL9/2";"UOP03/RS"
183740;2019-01-06;"domingo";"14:25:00";"DF";70;8,7;"BRASILIA";"Ingestão de Álcool";"Atropelamento de Pedestre";"Com Vítimas Feridas";"Pleno dia";"Crescente";"Céu Claro";"Dupla";"Reta";"Sim";2;0;2;0;0;0;2;1;"-15.784966";"-48.122108";"SR-DF";"DF";"UOP06/DF"
183741;2019-01-06;"domingo";"13:25:00";"CE";116;6;"FORTALEZA";"Falta de Atenção à Condução";"Colisão traseira";"Com Vítimas Feridas";"Pleno dia";"Crescente";"Céu Claro";"Múltipla";"Reta";"Sim";2;0;0;1;1;0;1;2;"-3.8126";"-38.5007";"SR-CE";"DEL16/1";"UOP02/CE"
183742;2019-01-06;"domingo";"13:45:00";"BA";324;587;"CANDEIAS";"Agressão Externa";"Capotamento";"Com Vítimas Feridas";"Pleno dia";"Decrescente";"Sol";"Dupla";"Reta";"Não";2;0;2;0;0;0;2;1;"-12.652794";"-38.473133";"SR-BA";"DEL10/1";"UOP01/BA"
183743;2019-01-06;"domingo";"11:30:00";"MG";365;371,8;"PATOS DE MINAS";"Defeito Mecânico no Veículo";"Incêndio";"Sem Vítimas";"Pleno dia";"Decrescente";"Sol";"Simples";"Curva";"Não";1;0;0;0;1;0;0;1;"-18.53967538";"-46.20532036";"SR-MG";"DEL4/10";"UOP01/MG"
183744;2019-01-06;"domingo";"14:40:00";"GO";364;214;"JATAI";"Pista Escorregadia";"Saída de leito carroçável";"Com Vítimas Feridas";"Pleno dia";"Decrescente";"Chuva";"Simples";"Curva";"Não";2;0;1;0;1;0;1;1;"-17.876808";"-51.872562";"SR-GO";"DEL1/5";"UOP01/GO"
183747;2019-01-06;"domingo";"14:00:00";"MS";419;296,6;"NIOAQUE";"Condutor Dormindo";"Capotamento";"Com Vítimas Feridas";"Pleno dia";"Decrescente";"Céu Claro";"Simples";"Curva";"Não";1;0;1;0;0;0;1;1;"-20.887465";"-55.836407";"SR-MS";"DEL3/3";"UOP01/MS"
183748;2019-01-06;"domingo";"15:30:00";"MG";381;1;"BETIM";"Carga excessiva e/ou mal acondicionada";"Danos eventuais";"Sem Vítimas";"Pleno dia";"Crescente";"Sol";"Dupla";"Reta";"Sim";2;0;0;0;2;0;0;1;"-19.96624983";"-44.1942215";"SR-MG";"DEL4/1";"UOP03/MG"
183749;2019-01-06;"domingo";"15:10:00";"RS";158;264,7;"JULIO DE CASTILHOS";"Desobediência às normas de trânsito pelo condutor";"Colisão transversal";"Com Vítimas Feridas";"Pleno dia";"Decrescente";"Nublado";"Simples";"Não Informado";"Sim";5;0;2;2;0;1;4;2;"-29.238945";"-53.665611";"SR-RS";"DEL9/9";"UOP01/RS"
183750;2019-01-06;"domingo";"15:00:00";"MG";267;287,2;"BAEPENDI";"Velocidade Incompatível";"Tombamento";"Com Vítimas Feridas";"Pleno dia";"Crescente";"Céu Claro";"Simples";"Curva";"Não";1;0;1;0;0;0;1;1;"-21.92724968";"-44.78753224";"SR-MG";"DEL5";"UOP03/MG"
183751;2019-01-06;"domingo";"11:40:00";"RO";435;64;"VILHENA";"Falta de Atenção à Condução";"Saída de leito carroçável";"Com Vítimas Feridas";"Pleno dia";"Decrescente";"Céu Claro";"Simples";"Desvio Temporário";"Não";2;0;1;0;1;0;1;1;"-13.084197";"-60.3773";"SR-RO";"DEL21/4";"UOP02/RO"
183752;2019-01-06;"domingo";"15:20:00";"RS";386;435,5;"NOVA SANTA RITA";"Desobediência às normas de trânsito pelo condutor";"Colisão transversal";"Com Vítimas Fatais";"Pleno dia";"Crescente";"Céu Claro";"Dupla";"Reta";"Não";2;1;0;0;1;0;0;2;"-29.846369";"-51.275738";"SR-RS";"DEL9/4";"UOP02/RS"
183754;2019-01-06;"domingo";"15:40:00";"PR";476;168,6;"CONTENDA";"Velocidade Incompatível";"Saída de leito carroçável";"Com Vítimas Fatais";"Pleno dia";"Crescente";"Nublado";"Simples";"Não Informado";"Não";3;1;2;0;0;0;2;1;"-25.661057";"-49.48967";"SR-PR";"DEL7/1";"UOP04/PR"
183755;2019-01-06;"domingo";"14:40:00";"MT";174;125;"MIRASSOL DOESTE";"Falta de Atenção à Condução";"Colisão transversal";"Com Vítimas Feridas";"Pleno dia";"Decrescente";"Sol";"Simples";"Interseção de vias";"Não";3;0;1;0;2;0;1;2;"-15.81981128";"-58.08683574";"SR-MT";"DEL2/3";"UOP01/MT"
183756;2019-01-06;"domingo";"15:25:00";"BA";367;36;"PORTO SEGURO";"Animais na Pista";"Atropelamento de Animal";"Com Vítimas Feridas";"Pleno dia";"Decrescente";"Céu Claro";"Simples";"Reta";"Não";2;0;2;0;0;0;2;1;"-16.40287";"-39.177658";"SR-BA";"DEL10/9";"UOP01/BA"
183757;2019-01-06;"domingo";"15:55:00";"SP";116;359;"MIRACATU";"Velocidade Incompatível";"Tombamento";"Sem Vítimas";"Pleno dia";"Decrescente";"Garoa/Chuvisco";"Múltipla";"Curva";"Não";1;0;0;0;1;0;0;1;"-24.10946757";"-47.26914883";"SR-SP";"DEL6/4";"UOP02/SP"
183759;2019-01-06;"domingo";"16:30:00";"MG";40;519;"RIBEIRAO DAS NEVES";"Não guardar distância de segurança";"Colisão traseira";"Com Vítimas Feridas";"Pleno dia";"Crescente";"Sol";"Dupla";"Retorno Regulamentado";"Sim";2;0;1;0;1;0;1;2;"-19.8511";"-44.0724";"SR-MG";"DEL4/1";"UOP03/MG"
183760;2019-01-06;"domingo";"16:00:00";"RJ";116;48;"TERESOPOLIS";"Falta de Atenção à Condução";"Colisão transversal";"Com Vítimas Feridas";"Pleno dia";"Crescente";"Céu Claro";"Simples";"Reta";"Sim";2;0;0;1;1;0;1;2;"-22.176069";"-42.839436";"SR-RJ";"DEL5/4";"UOP01/RJ"
183761;2019-01-06;"domingo";"15:50:00";"MG";116;597,1;"SAO JOAO DO MANHUACU";"Ultrapassagem Indevida";"Colisão lateral";"Com Vítimas Feridas";"Pleno dia";"Decrescente";"Sol";"Simples";"Curva";"Não";4;0;2;0;1;1;2;2;"-20.29246942";"-42.14698792";"SR-MG";"DEL4/6";"UOP04/MG"
183763;2019-01-06;"domingo";"16:40:00";"GO";153;546;"PIRACANJUBA";"Falta de Atenção à Condução";"Capotamento";"Com Vítimas Feridas";"Pleno dia";"Decrescente";"Nublado";"Dupla";"Desvio Temporário";"Não";1;0;1;0;0;0;1;1;"-17.1069";"-49.2174";"SR-GO";"DEL1/1";"UOP03/GO"
183765;2019-01-06;"domingo";"12:20:00";"RJ";116;55,9;"TERESOPOLIS";"Falta de Atenção do Pedestre";"Atropelamento de Pedestre";"Com Vítimas Feridas";"Pleno dia";"Crescente";"Céu Claro";"Simples";"Curva";"Não";2;0;0;1;1;0;1;1;"-22.203508";"-42.888542";"SR-RJ";"DEL5/4";"UOP01/RJ"
183766;2019-01-06;"domingo";"16:00:00";"RS";448;21;"CANOAS";"Falta de Atenção à Condução";"Saída de leito carroçável";"Com Vítimas Feridas";"Pleno dia";"Crescente";"Céu Claro";"Simples";"Curva";"Não";2;0;2;0;0;0;2;1;"-29.96574";"-51.202034";"SR-RS";"DEL9/1";"UOP01/RS"
183767;2019-01-06;"domingo";"11:30:00";"BA";330;782;"IPIAU";"Falta de Atenção à Condução";"Colisão transversal";"Com Vítimas Fatais";"Pleno dia";"Crescente";"Céu Claro";"Simples";"Reta";"Não";2;1;0;0;1;0;0;2;"-14.16";"-39.692";"SR-BA";"DEL10/3";"UOP01/BA"
183768;2019-01-06;"domingo";"16:00:00";"BA";116;752;"POCOES";"Ultrapassagem Indevida";"Colisão lateral";"Com Vítimas Feridas";"Pleno dia";"Decrescente";"Céu Claro";"Simples";"Reta";"Não";2;0;2;0;0;0;2;2;"-14.49264322";"-40.34601733";"SR-BA";"DEL10/8";"UOP02/BA"
183769;2019-01-06;"domingo";"17:00:00";"RS";290;90;"PORTO ALEGRE";"Desobediência às normas de trânsito pelo condutor";"Colisão traseira";"Com Vítimas Feridas";"Pleno dia";"Decrescente";"Céu Claro";"Múltipla";"Reta";"Sim";4;0;1;0;3;0;1;3;"-29.968319";"-51.157398";"SR-RS";"DEL9/1";"UOP01/RS"
183770;2019-01-06;"domingo";"17:00:00";"SP";381;74;"SAO PAULO";"Defeito Mecânico no Veículo";"Tombamento";"Com Vítimas Feridas";"Pleno dia";"Crescente";"Céu Claro";"Múltipla";"Curva";"Sim";2;0;1;0;1;0;1;1;"-23.38614933";"-46.5653007";"SR-SP";"DEL6/3";"UOP02/SP"
183772;2019-01-06;"domingo";"12:05:00";"SC";280;129,3;"RIO NEGRINHO";"Velocidade Incompatível";"Colisão com objeto estático";"Com Vítimas Feridas";"Pleno dia";"Decrescente";"Céu Claro";"Simples";"Ponte";"Sim";2;0;1;1;0;0;2;1;"-26.245865";"-49.522846";"SR-SC";"DEL8/6";"UOP03/SC"
183773;2019-01-06;"domingo";"18:00:00";"GO";40;92,7;"CRISTALINA";"Desobediência às normas de trânsito pelo condutor";"Colisão transversal";"Com Vítimas Feridas";"Pleno dia";"Crescente";"Nublado";"Simples";"Não Informado";"Sim";8;0;4;0;4;0;4;2;"-16.73428692";"-47.62119412";"SR-DF";"GO";"UOP02/DF"
183775;2019-01-06;"domingo";"18:00:00";"RJ";356;157,7;"CAMPOS DOS GOYTACAZES";"Desobediência às normas de trânsito pelo condutor";"Colisão lateral";"Sem Vítimas";"Pleno dia";"Decrescente";"Céu Claro";"Simples";"Reta";"Não";4;0;0;0;4;0;0;2;"-21.73816";"-41.20485";"SR-RJ";"DEL5/8";"UOP02/RJ"
183776;2019-01-06;"domingo";"17:50:00";"SC";101;316;"LAGUNA";"Falta de Atenção à Condução";"Colisão transversal";"Com Vítimas Feridas";"Pleno dia";"Decrescente";"Céu Claro";"Simples";"Interseção de vias";"Sim";2;0;1;0;1;0;1;2;"-28.4277";"-48.8516";"SR-SC";"DEL8/2";"UOP01/SC"
183777;2019-01-06;"domingo";"18:00:00";"MG";381;519;"IGARAPE";"Falta de Atenção à Condução";"Colisão lateral";"Com Vítimas Feridas";"Anoitecer";"Decrescente";"Céu Claro";"Dupla";"Não Informado";"Não";3;0;1;0;2;0;1;2;"-20.1127";"-44.3091";"SR-MG";"DEL4/1";"UOP03/MG"
183778;2019-01-06;"domingo";"18:10:00";"ES";101;284;"CARIACICA";"Defeito Mecânico no Veículo";"Colisão com objeto estático";"Com Vítimas Feridas";"Pleno dia";"Crescente";"Céu Claro";"Dupla";"Curva";"Sim";1;0;1;0;0;0;1;1;"-20.24694898";"-40.37010323";"SR-ES";"DEL12/1";"UOP01/ES"
183780;2019-01-06;"domingo";"09:30:00";"MA";316;339,9;"BACABAL";"Mal Súbito";"Colisão lateral";"Com Vítimas Feridas";"Pleno dia";"Crescente";"Céu Claro";"Simples";"Reta";"Não";2;0;1;0;1;0;1;2;"-4.177123";"-44.956398";"SR-MA";"DEL18/2";"UOP01/MA"
183781;2019-01-06;"domingo";"18:30:00";"SP";116;2;"GUARULHOS";"Não guardar distância de segurança";"Colisão traseira";"Com Vítimas Feridas";"Pleno dia";"Crescente";"Chuva";"Dupla";"Reta";"Sim";2;0;1;0;1;0;1;2;"-23.44430785";"-46.49436772";"SR-SP";"DEL6/8";"UOP01/SP"
183783;2019-01-06;"domingo";"17:20:00";"PE";232;245,5;"ARCOVERDE";"Falta de Atenção à Condução";"Tombamento";"Sem Vítimas";"Anoitecer";"Crescente";"Céu Claro";"Simples";"Reta";"Não";2;0;0;0;1;1;0;2;"-8.429241";"-37.060127";"SR-PE";"DEL11/3";"UOP02/PE"
183784;2019-01-06;"domingo";"15:45:00";"MG";50;155;"UBERABA";"Fenômenos da Natureza";"Saída de leito carroçável";"Com Vítimas Feridas";"Pleno dia";"Crescente";"Chuva";"Dupla";"Reta";"Não";4;0;3;0;1;0;3;1;"-19.6157";"-48.0192";"SR-MG";"DEL13";"UOP01/MG"
183785;2019-01-06;"domingo";"18:55:00";"ES";101;283,8;"CARIACICA";"Falta de Atenção à Condução";"Queda de ocupante de veículo";"Com Vítimas Feridas";"Anoitecer";"Crescente";"Céu Claro";"Dupla";"Não Informado";"Não";1;0;0;1;0;0;1;1;"-20.23913765";"-40.3698672";"SR-ES";"DEL12/1";"UOP01/ES"
183786;2019-01-06;"domingo";"19:20:00";"RJ";101;61;"CAMPOS DOS GOYTACAZES";"Falta de Atenção à Condução";"Colisão traseira";"Com Vítimas Feridas";"Anoitecer";"Decrescente";"Céu Claro";"Simples";"Reta";"Não";3;0;1;0;2;0;1;3;"-21.726534";"-41.32132";"SR-RJ";"DEL5/8";"UOP01/RJ"
183787;2019-01-06;"domingo";"18:15:00";"MT";163;859;"SINOP";"Avarias e/ou desgaste excessivo no pneu";"Capotamento";"Com Vítimas Feridas";"Anoitecer";"Decrescente";"Nublado";"Simples";"Reta";"Não";5;0;4;0;1;0;4;1;"-11.67514625";"-55.44663951";"SR-MT";"DEL2/6";"UOP02/MT"
183788;2019-01-06;"domingo";"19:00:00";"SC";101;203;"BIGUACU";"Desobediência às normas de trânsito pelo condutor";"Saída de leito carroçável";"Com Vítimas Feridas";"Pleno dia";"Crescente";"Céu Claro";"Dupla";"Reta";"Sim";2;0;1;0;1;0;1;1;"-27.5742";"-48.6134";"SR-SC";"DEL8/1";"UOP01/SC"
183789;2019-01-06;"domingo";"19:36:00";"MG";381;494;"BETIM";"Defeito Mecânico no Veículo";"Incêndio";"Sem Vítimas";"Anoitecer";"Crescente";"Nublado";"Múltipla";"Reta";"Sim";1;0;0;0;1;0;0;1;"-19.9731";"-44.1843";"SR-MG";"DEL4/1";"UOP03/MG"
183790;2019-01-06;"domingo";"19:10:00";"RS";290;94;"PORTO ALEGRE";"Velocidade Incompatível";"Colisão com objeto estático";"Com Vítimas Feridas";"Anoitecer";"Decrescente";"Céu Claro";"Simples";"Não Informado";"Sim";1;0;1;0;0;0;1;1;"-29.973856";"-51.197853";"SR-RS";"DEL9/1";"UOP01/RS"
183791;2019-01-06;"domingo";"17:45:00";"RN";101;84;"SAO GONCALO DO AMARANTE";"Ingestão de Álcool";"Colisão traseira";"Com Vítimas Feridas";"Anoitecer";"Crescente";"Céu Claro";"Dupla";"Reta";"Sim";3;0;2;0;1;0;2;2;"-5.774175";"-35.257801";"SR-RN";"DEL15/2";"UOP01/RN"
183792;2019-01-06;"domingo";"18:30:00";"MG";381;490,5;"BETIM";"Defeito Mecânico no Veículo";"Colisão com objeto estático";"Sem Vítimas";"Anoitecer";"Crescente";"Céu Claro";"Dupla";"Curva";"Sim";1;0;0;0;1;0;0;1;"-19.9585";"-44.151";"SR-MG";"DEL4/1";"UOP03/MG"
183793;2019-01-06;"domingo";"17:35:00";"SC";470;122,1;"IBIRAMA";"Ingestão de álcool e/ou substâncias psicoativas pelo pedestre";"Colisão lateral";"Com Vítimas Feridas";"Pleno dia";"Crescente";"Céu Claro";"Simples";"Reta";"Sim";2;0;1;0;1;0;1;2;"-27.099888";"-49.527679";"SR-SC";"DEL8/4";"UOP02/SC"
183795;2019-01-06;"domingo";"19:40:00";"PR";158;503,6;"CORONEL VIVIDA";"Ingestão de álcool e/ou substâncias psicoativas pelo pedestre";"Saída de leito carroçável";"Com Vítimas Feridas";"Anoitecer";"Decrescente";"Garoa/Chuvisco";"Simples";"Não Informado";"Não";5;0;4;1;0;0;5;1;"-26.01371611";"-52.56917775";"SR-PR";"DEL7/2";"UOP01/PR"
183796;2019-01-06;"domingo";"19:00:00";"PI";343;30;"PARNAIBA";"Ingestão de Álcool";"Colisão frontal";"Com Vítimas Feridas";"Plena Noite";"Decrescente";"Céu Claro";"Simples";"Reta";"Não";2;0;0;1;1;0;1;2;"-3.070129";"-41.778793";"SR-PI";"DEL17/5";"UOP01/PI"
183797;2019-01-06;"domingo";"19:00:00";"PE";104;116,5;"PANELAS";"Animais na Pista";"Atropelamento de Animal";"Com Vítimas Fatais";"Plena Noite";"Decrescente";"Céu Claro";"Simples";"Desvio Temporário";"Não";2;1;1;0;0;0;1;1;"-8.669848";"-36.014065";"SR-PE";"DEL11/2";"UOP01/PE"
183798;2019-01-06;"domingo";"20:10:00";"SP";101;43,7;"UBATUBA";"Falta de Atenção do Pedestre";"Atropelamento de Pedestre";"Com Vítimas Feridas";"Anoitecer";"Decrescente";"Céu Claro";"Simples";"Reta";"Sim";3;0;1;2;0;0;3;1;"-23.40969647";"-45.06380439";"SR-SP";"DEL6";"UOP03/SP"
183799;2019-01-06;"domingo";"18:30:00";"RS";470;256;"SALVADOR DO SUL";"Ingestão de Álcool";"Colisão lateral";"Com Vítimas Feridas";"Pleno dia";"Decrescente";"Nublado";"Simples";"Interseção de vias";"Sim";6;0;1;0;5;0;1;2;"-29.4409168";"-51.5079625";"SR-RS";"DEL9/6";"UOP01/RS"
183800;2019-01-06;"domingo";"19:45:00";"RJ";116;323,7;"ITATIAIA";"Falta de Atenção à Condução";"Colisão lateral";"Com Vítimas Feridas";"Plena Noite";"Crescente";"Nublado";"Dupla";"Reta";"Não";2;0;1;0;1;0;1;2;"-22.491064";"-44.56184";"SR-RJ";"DEL5/7";"UOP03/RJ"
183801;2019-01-06;"domingo";"18:50:00";"MG";40;504,9;"RIBEIRAO DAS NEVES";"Falta de Atenção à Condução";"Capotamento";"Com Vítimas Fatais";"Anoitecer";"Decrescente";"Céu Claro";"Dupla";"Desvio Temporário";"Não";4;2;0;2;0;0;2;1;"-19.7426";"-44.1485";"SR-MG";"DEL4/2";"UOP01/MG"
183802;2019-01-06;"domingo";"15:00:00";"BA";242;170,1;"RAFAEL JAMBEIRO";"Ultrapassagem Indevida";"Capotamento";"Com Vítimas Feridas";"Pleno dia";"Decrescente";"Céu Claro";"Simples";"Reta";"Não";2;0;2;0;0;0;2;1;"-12.485849";"-39.777569";"SR-BA";"DEL10/6";"UOP02/BA"
183803;2019-01-06;"domingo";"18:40:00";"SC";282;637,4;"DESCANSO";"Velocidade Incompatível";"Saída de leito carroçável";"Com Vítimas Feridas";"Pleno dia";"Crescente";"Chuva";"Simples";"Reta";"Não";4;0;3;1;0;0;4;1;"-26.806643";"-53.441025";"SR-SC";"DEL7";"UOP03/SC"
183804;2019-01-06;"domingo";"18:25:00";"MG";251;472,6;"FRANCISCO SA";"Carga excessiva e/ou mal acondicionada";"Colisão com objeto estático";"Sem Vítimas";"Pleno dia";"Crescente";"Chuva";"Simples";"Curva";"Não";1;0;0;0;1;0;0;1;"-16.472";"-43.4251";"SR-MG";"DEL4/12";"UOP01/MG"
183805;2019-01-06;"domingo";"19:50:00";"SP";116;4,9;"QUELUZ";"Fenômenos da Natureza";"Incêndio";"Sem Vítimas";"Plena Noite";"Crescente";"Nublado";"Simples";"Retorno Regulamentado";"Sim";1;0;0;0;1;0;0;1;"-22.525434";"-44.735806";"SR-SP";"DEL6/8";"UOP01/SP"
183806;2019-01-06;"domingo";"20:10:00";"SP";381;69,7;"MAIRIPORA";"Velocidade Incompatível";"Colisão com objeto estático";"Com Vítimas Feridas";"Plena Noite";"Decrescente";"Garoa/Chuvisco";"Múltipla";"Não Informado";"Não";3;0;1;0;2;0;1;1;"-23.349637";"-46.560603";"SR-SP";"DEL6/3";"UOP02/SP"
183807;2019-01-06;"domingo";"20:50:00";"RJ";101;266;"RIO BONITO";"Não guardar distância de segurança";"Colisão traseira";"Com Vítimas Feridas";"Plena Noite";"Crescente";"Céu Claro";"Dupla";"Reta";"Não";4;0;2;1;1;0;3;2;"-22.70859";"-42.651821";"SR-RJ";"DEL5/2";"UOP03/RJ"
183808;2019-01-06;"domingo";"19:30:00";"SP";116;84;"PINDAMONHANGABA";"Defeito Mecânico no Veículo";"Tombamento";"Com Vítimas Feridas";"Anoitecer";"Crescente";"Céu Claro";"Dupla";"Reta";"Não";2;0;2;0;0;0;2;1;"-22.917799";"-45.336021";"SR-SP";"DEL6";"UOP01/SP"
183809;2019-01-06;"domingo";"20:30:00";"GO";60;48;"APARECIDA DE GOIANIA";"Falta de Atenção à Condução";"Colisão lateral";"Com Vítimas Feridas";"Plena Noite";"Decrescente";"Céu Claro";"Dupla";"Reta";"Sim";2;0;0;1;1;0;1;2;"-16.8101";"-49.2397";"SR-GO";"DEL1/1";"UOP03/GO"
183813;2019-01-06;"domingo";"15:00:00";"MA";222;625;"ACAILANDIA";"Pista Escorregadia";"Saída de leito carroçável";"Com Vítimas Feridas";"Pleno dia";"Crescente";"Nublado";"Simples";"Curva";"Não";1;0;1;0;0;0;1;1;"-4.915103";"-47.420988";"SR-MA";"DEL18/4";"UOP03/MA"
183814;2019-01-06;"domingo";"20:30:00";"SE";235;55;"ITABAIANA";"Ingestão de Álcool";"Colisão traseira";"Sem Vítimas";"Plena Noite";"Decrescente";"Céu Claro";"Simples";"Reta";"Sim";2;0;0;0;2;0;0;2;"-10.667386";"-37.446014";"SR-SE";"DEL20/1";"UOP02/SE"
183815;2019-01-06;"domingo";"21:25:00";"MG";116;716,3;"MURIAE";"Falta de Atenção à Condução";"Colisão frontal";"Com Vítimas Feridas";"Plena Noite";"Crescente";"Nublado";"Simples";"Curva";"Não";2;0;1;0;1;0;1;2;"-21.20247707";"-42.38650564";"SR-MG";"DEL4/7";"UOP02/MG"
183816;2019-01-06;"domingo";"21:00:00";"PR";277;162;"PALMEIRA";"Desobediência às normas de trânsito pelo condutor";"Colisão lateral";"Com Vítimas Feridas";"Plena Noite";"Decrescente";"Chuva";"Simples";"Curva";"Não";2;0;1;0;1;0;1;2;"-25.45892543";"-49.93959367";"SR-PR";"DEL7/1";"UOP05/PR"
183817;2019-01-06;"domingo";"15:40:00";"SC";101;398;"MARACAJA";"Desobediência às normas de trânsito pelo condutor";"Colisão com objeto estático";"Sem Vítimas";"Pleno dia";"Crescente";"Céu Claro";"Dupla";"Curva";"Sim";1;0;0;0;0;1;0;1;"-28.8434";"-49.4302";"SR-SC";"DEL8/2";"UOP02/SC"
183818;2019-01-06;"domingo";"21:20:00";"RS";285;361;"SALDANHA MARINHO";"Desobediência às normas de trânsito pelo condutor";"Colisão traseira";"Com Vítimas Feridas";"Plena Noite";"Crescente";"Nublado";"Simples";"Reta";"Não";3;0;0;1;2;0;1;2;"-28.369568";"-52.986038";"SR-RS";"DEL08";"UOP03/RS"
183819;2019-01-06;"domingo";"18:10:00";"BA";242;388;"PALMEIRAS";"Desobediência às normas de trânsito pelo condutor";"Colisão frontal";"Com Vítimas Feridas";"Anoitecer";"Decrescente";"Céu Claro";"Simples";"Desvio Temporário";"Não";10;0;1;3;6;0;4;3;"-12.450456";"-41.588406";"SR-BA";"DEL 10/10";"UOP02/BA"
183820;2019-01-06;"domingo";"20:50:00";"PR";277;42;"MORRETES";"Defeito Mecânico no Veículo";"Incêndio";"Sem Vítimas";"Plena Noite";"Crescente";"Garoa/Chuvisco";"Dupla";"Reta";"Não";1;0;0;0;1;0;0;1;"-25.57729988";"-48.85969341";"SR-PR";"DEL7/1";"UOP06/PR"