"id";"data_inversa";"dia_semana";"horario";"uf";"br";"km";"municipio";"causa_acidente";"tipo_acidente";"classificacao_acidente";"fase_dia";"sentido_via";"condicao_metereologica";"tipo_pista";"tracado_via";"uso_solo";"pessoas";"mortos";"feridos_leves";"feridos_graves";"ilesos";"ignorados";"feridos";"veiculos";"latitude";"longitude";"regional";"delegacia";"uop"
183922;2019-01-07;"segunda-feira";"14:05:00";"ES";101;214,3;"IBIRACU";"Defeito Mecânico no Veículo";"Colisão com objeto estático";"Com Vítimas Feridas";"Pleno dia";"Crescente";"Céu Claro";"Simples";"Reta";"Sim";2;0;1;0;1;0;1;1;"-19.82955488";"-40.37716649";"SR-ES";"DEL12/2";"UOP01/ES"
183923;2019-01-07;"segunda-feira";"12:50:00";"PB";230;18,9;"JOAO PESSOA";"Desobediência às normas de trânsito pelo condutor";"Colisão traseira";"Com Vítimas Feridas";"Pleno dia";"Crescente";"Céu Claro";"Dupla";"Curva";"Sim";4;0;0;1;3;0;1;4;"-7.12710571";"-34.84585069";"SR-PB";"DEL14/1";"UOP01/PB"
183924;2019-01-07;"segunda-feira";"12:30:00";"BA";101;126,8;"TEODORO SAMPAIO";"Defeito Mecânico no Veículo";"Colisão lateral";"Com Vítimas Feridas";"Pleno dia";"Crescente";"Céu Claro";"Simples";"Reta";"Não";3;0;1;0;2;0;1;2;"-12.17948408";"-38.57923687";"SR-BA";"DEL10/1";"UOP04/BA"
183925;2019-01-07;"segunda-feira";"14:00:00";"SP";116;138,2;"SAO JOSE DOS CAMPOS";"Falta de Atenção à Condução";"Colisão traseira";"Com Vítimas Feridas";"Pleno dia";"Crescente";"Sol";"Dupla";"Reta";"Não";2;0;1;0;1;0;1;2;"-23.157297";"-45.795593";"SR-SP";"DEL6";"UOP02/SP"
183927;2019-01-07;"segunda-feira";"13:40:00";"BA";116;422;"FEIRA DE SANTANA";"Desobediência às normas de trânsito pelo condutor";"Colisão traseira";"Com Vítimas Feridas";"Pleno dia";"Decrescente";"Sol";"Dupla";"Reta";"Sim";14;0;12;0;2;0;12;2;"-12.22804129";"-38.96481514";"SR-BA";"DEL10/2";"UOP01/BA"
183928;2019-01-07;"segunda-feira";"14:55:00";"MG";116;701;"MURIAE";"Falta de Atenção à Condução";"Colisão frontal";"Com Vítimas Feridas";"Pleno dia";"Decrescente";"Céu Claro";"Simples";"Curva";"Sim";4;0;1;0;3;0;1;2;"-21.12428851";"-42.37981828";"SR-MG";"DEL4/7";"UOP02/MG"
183929;2019-01-07;"segunda-feira";"13:15:00";"MG";459;75,5;"SENADOR JOSE BENTO";"Falta de Atenção à Condução";"Colisão lateral";"Com Vítimas Feridas";"Pleno dia";"Decrescente";"Céu Claro";"Simples";"Curva";"Não";2;0;1;0;1;0;1;2;"-22.14909538";"-46.12916784";"SR-MG";"DEL13";"UOP01/MG"
183930;2019-01-07;"segunda-feira";"14:10:00";"PE";101;46,5;"IGARASSU";"Falta de Atenção à Condução";"Colisão lateral";"Sem Vítimas";"Pleno dia";"Decrescente";"Céu Claro";"Dupla";"Reta";"Sim";9;0;0;0;8;1;0;4;"-7.875498";"-34.905649";"SR-PE";"DEL11/1";"UOP02/PE"
183931;2019-01-07;"segunda-feira";"13:55:00";"SP";116;272,8;"TABOAO DA SERRA";"Falta de Atenção à Condução";"Colisão traseira";"Com Vítimas Feridas";"Pleno dia";"Crescente";"Céu Claro";"Dupla";"Não Informado";"Sim";2;0;1;0;1;0;1;2;"-23.61498232";"-46.78837359";"SR-SP";"DEL6/4";"UOP01/SP"
183932;2019-01-07;"segunda-feira";"14:50:00";"SC";101;202;"SAO JOSE";"Desobediência às normas de trânsito pelo condutor";"Colisão traseira";"Sem Vítimas";"Pleno dia";"Crescente";"Céu Claro";"Múltipla";"Reta";"Sim";3;0;0;0;3;0;0;3;"-27.5651";"-48.6144";"SR-SC";"DEL8/1";"UOP01/SC"
183933;2019-01-07;"segunda-feira";"12:10:00";"RO";319;62;"PORTO VELHO";"Falta de Atenção à Condução";"Colisão lateral";"Sem Vítimas";"Pleno dia";"Decrescente";"Céu Claro";"Dupla";"Interseção de vias";"Sim";2;0;0;0;2;0;0;2;"-8.746046";"-63.888527";"SR-RO";"DEL21/1";"UOP01/RO"
183935;2019-01-07;"segunda-feira";"09:00:00";"PR";277;584,1;"CASCAVEL";"Falta de Atenção à Condução";"Colisão traseira";"Com Vítimas Feridas";"Pleno dia";"Decrescente";"Nublado";"Simples";"Interseção de vias";"Não";2;0;1;0;1;0;1;2;"-25.02956524";"-53.55600358";"SR-PR";"DEL7/4";"UOP01/PR"
183937;2019-01-07;"segunda-feira";"14:20:00";"RS";116;458,9;"SAO LOURENCO DO SUL";"Falta de Atenção à Condução";"Colisão traseira";"Com Vítimas Feridas";"Pleno dia";"Decrescente";"Nublado";"Simples";"Não Informado";"Não";2;0;1;0;1;0;1;2;"-31.27139";"-52.00549";"SR-RS";"DEL9/2";"UOP02/RS"
183938;2019-01-07;"segunda-feira";"15:40:00";"RJ";393;289;"VOLTA REDONDA";"Falta de Atenção à Condução";"Queda de ocupante de veículo";"Com Vítimas Feridas";"Pleno dia";"Decrescente";"Céu Claro";"Dupla";"Reta";"Sim";1;0;1;0;0;0;1;1;"-22.510941";"-44.084461";"SR-RJ";"DEL5/5";"UOP02/RJ"
183939;2019-01-07;"segunda-feira";"14:05:00";"MS";158;101;"PARANAIBA";"Defeito Mecânico no Veículo";"Incêndio";"Sem Vítimas";"Pleno dia";"Crescente";"Céu Claro";"Simples";"Não Informado";"Não";4;0;0;0;4;0;0;1;"-19.702106";"-51.158798";"SR-MS";"DEL3/8";"UOP01/MS"
183940;2019-01-07;"segunda-feira";"15:15:00";"SP";116;134;"CACAPAVA";"Falta de Atenção à Condução";"Colisão lateral";"Com Vítimas Feridas";"Pleno dia";"Crescente";"Céu Claro";"Dupla";"Reta";"Não";3;0;1;0;2;0;1;3;"-23.140236";"-45.761753";"SR-SP";"DEL6";"UOP02/SP"
183942;2019-01-07;"segunda-feira";"15:40:00";"SC";280;54,5;"GUARAMIRIM";"Não guardar distância de segurança";"Colisão traseira";"Com Vítimas Feridas";"Pleno dia";"Decrescente";"Sol";"Simples";"Reta";"Sim";2;0;0;1;1;0;1;2;"-26.475399";"-48.983723";"SR-SC";"DEL8/3";"UOP03/SC"
183944;2019-01-07;"segunda-feira";"16:40:00";"SP";116;283,3;"EMBU DAS ARTES";"Falta de Atenção à Condução";"Colisão transversal";"Com Vítimas Feridas";"Pleno dia";"Decrescente";"Céu Claro";"Dupla";"Reta";"Sim";4;0;2;0;2;0;2;2;"-23.67037";"-46.85611";"SR-SP";"DEL6/4";"UOP01/SP"
183945;2019-01-07;"segunda-feira";"16:10:00";"SP";116;436,5;"REGISTRO";"Falta de Atenção à Condução";"Colisão traseira";"Com Vítimas Feridas";"Pleno dia";"Decrescente";"Céu Claro";"Dupla";"Reta";"Não";2;0;1;1;0;0;2;2;"-24.49498867";"-47.83733726";"SR-SP";"DEL6/5";"UOP01/SP"
183947;2019-01-07;"segunda-feira";"14:30:00";"PI";316;35,1;"DEMERVAL LOBAO";"Falta de Atenção do Pedestre";"Atropelamento de Pedestre";"Com Vítimas Fatais";"Pleno dia";"Decrescente";"Céu Claro";"Simples";"Reta";"Não";2;1;0;0;0;1;0;1;"-5.34218";"-42.686275";"SR-PI";"DEL17/1";"UOP02/PI"
183948;2019-01-07;"segunda-feira";"04:30:00";"PB";230;122,9;"RIACHAO DO BACAMARTE";"Condutor Dormindo";"Colisão com objeto estático";"Sem Vítimas";"Amanhecer";"Crescente";"Céu Claro";"Simples";"Reta";"Sim";1;0;0;0;1;0;0;1;"-7.2466";"-35.6577";"SR-PB";"DEL14/2";"UOP01/PB"
183949;2019-01-07;"segunda-feira";"15:50:00";"RS";470;212,8;"BENTO GONCALVES";"Falta de Atenção à Condução";"Saída de leito carroçável";"Sem Vítimas";"Pleno dia";"Crescente";"Chuva";"Simples";"Reta";"Não";1;0;0;0;1;0;0;1;"-29.14338653";"-51.53622687";"SR-RS";"DEL9/6";"UOP01/RS"
183951;2019-01-07;"segunda-feira";"16:20:00";"MG";40;633,1;"CONSELHEIRO LAFAIETE";"Falta de Atenção à Condução";"Colisão transversal";"Com Vítimas Feridas";"Pleno dia";"Crescente";"Nublado";"Simples";"Interseção de vias";"Não";4;0;1;0;3;0;1;2;"-20.68865304";"-43.79062506";"SR-MG";"DEL5";"UOP02/MG"
183952;2019-01-08;"terça-feira";"06:10:00";"SP";153;265,7;"MARILIA";"Não guardar distância de segurança";"Colisão traseira";"Com Vítimas Feridas";"Plena Noite";"Decrescente";"Nublado";"Simples";"Não Informado";"Não";6;0;3;0;3;0;3;2;"-22.304981";"-49.902378";"SR-SP";"DEL6/07";"UOP02/SP"
183953;2019-01-07;"segunda-feira";"19:30:00";"MG";381;776;"CAMPANHA";"Defeito na Via";"Queda de ocupante de veículo";"Com Vítimas Feridas";"Plena Noite";"Crescente";"Céu Claro";"Dupla";"Reta";"Não";2;0;2;0;0;0;2;1;"-21.7989";"-45.4617";"SR-MG";"DEL09";"UOP02/MG"
183954;2019-01-08;"terça-feira";"07:20:00";"SC";101;214;"PALHOCA";"Falta de Atenção à Condução";"Colisão traseira";"Com Vítimas Feridas";"Pleno dia";"Decrescente";"Sol";"Dupla";"Reta";"Não";4;0;1;0;3;0;1;3;"-27.652";"-48.676";"SR-SC";"DEL8/1";"UOP02/SC"
183955;2019-01-08;"terça-feira";"04:00:00";"SP";116;440,9;"REGISTRO";"Condutor Dormindo";"Colisão traseira";"Com Vítimas Feridas";"Plena Noite";"Decrescente";"Céu Claro";"Dupla";"Reta";"Sim";2;0;2;0;0;0;2;2;"-24.46777122";"-47.82146394";"SR-SP";"DEL6/5";"UOP01/SP"
183956;2019-01-08;"terça-feira";"01:15:00";"MG";381;597,5;"CARMOPOLIS DE MINAS";"Condutor Dormindo";"Colisão traseira";"Com Vítimas Fatais";"Plena Noite";"Crescente";"Céu Claro";"Dupla";"Reta";"Não";10;1;5;0;4;0;5;2;"-20.5937";"-44.704";"SR-MG";"DEL4/4";"UOP01/MG"
183957;2019-01-07;"segunda-feira";"16:32:00";"MG";50;107,1;"UBERABA";"Falta de Atenção à Condução";"Saída de leito carroçável";"Com Vítimas Feridas";"Pleno dia";"Decrescente";"Céu Claro";"Dupla";"Reta";"Não";3;0;3;0;0;0;3;1;"-19.2072";"-48.1496";"SR-MG";"DEL13";"UOP01/MG"
183958;2019-01-08;"terça-feira";"07:50:00";"RJ";116;191;"QUEIMADOS";"Falta de Atenção à Condução";"Colisão lateral";"Com Vítimas Feridas";"Pleno dia";"Crescente";"Céu Claro";"Dupla";"Reta";"Sim";6;0;2;0;4;0;2;5;"-22.72979878";"-43.57229233";"SR-RJ";"DEL5/1";"UOP03/RJ"
183959;2019-01-07;"segunda-feira";"17:15:00";"PR";376;666;"GUARATUBA";"Defeito Mecânico no Veículo";"Colisão com objeto estático";"Com Vítimas Feridas";"Pleno dia";"Crescente";"Céu Claro";"Dupla";"Curva";"Não";1;0;1;0;0;0;1;1;"-25.8528875";"-48.9770463";"SR-PR";"DEL7/1";"UOP08/PR"
183960;2019-01-07;"segunda-feira";"13:25:00";"PR";376;664;"GUARATUBA";"Falta de Atenção à Condução";"Colisão traseira";"Com Vítimas Feridas";"Pleno dia";"Decrescente";"Sol";"Dupla";"Curva";"Não";2;0;1;0;1;0;1;2;"-25.85381689";"-48.95593643";"SR-PR";"DEL7/1";"UOP08/PR"
183962;2019-01-07;"segunda-feira";"17:20:00";"PI";343;0,2;"LUIS CORREIA";"Falta de Atenção à Condução";"Colisão transversal";"Com Vítimas Feridas";"Pleno dia";"Decrescente";"Nublado";"Simples";"Interseção de vias";"Sim";2;0;1;0;1;0;1;2;"-2.881846";"-41.665638";"SR-PI";"DEL17/5";"UOP01/PI"
183963;2019-01-07;"segunda-feira";"18:55:00";"MT";163;829;"SINOP";"Pista Escorregadia";"Saída de leito carroçável";"Com Vítimas Feridas";"Anoitecer";"Decrescente";"Chuva";"Dupla";"Reta";"Sim";1;0;1;0;0;0;1;1;"-11.91572841";"-55.50979614";"SR-MT";"DEL2/6";"UOP01/MT"
183964;2019-01-07;"segunda-feira";"20:45:00";"MT";163;839,5;"SINOP";"Ingestão de Álcool";"Saída de leito carroçável";"Com Vítimas Feridas";"Plena Noite";"Crescente";"Chuva";"Simples";"Reta";"Sim";1;0;1;0;0;0;1;1;"-11.80857877";"-55.48244834";"SR-MT";"DEL2/6";"UOP02/MT"
183965;2019-01-08;"terça-feira";"02:30:00";"SC";101;379,1;"ICARA";"Ingestão de Álcool";"Colisão com objeto estático";"Com Vítimas Feridas";"Plena Noite";"Crescente";"Nublado";"Dupla";"Reta";"Sim";2;0;2;0;0;0;2;1;"-28.75430049";"-49.27600265";"SR-SC";"DEL8/2";"UOP01/SC"
183966;2019-01-07;"segunda-feira";"18:30:00";"MG";381;525,5;"BRUMADINHO";"Defeito Mecânico no Veículo";"Colisão traseira";"Com Vítimas Feridas";"Anoitecer";"Crescente";"Céu Claro";"Dupla";"Curva";"Não";4;0;1;0;3;0;1;3;"-20.146223";"-44.323435";"SR-MG";"DEL4/4";"UOP03/MG"
183967;2019-01-07;"segunda-feira";"19:30:00";"MT";163;674;"LUCAS DO RIO VERDE";"Velocidade Incompatível";"Saída de leito carroçável";"Com Vítimas Feridas";"Anoitecer";"Decrescente";"Nublado";"Simples";"Reta";"Não";1;0;1;0;0;0;1;1;"-13.27907474";"-56.02901816";"SR-MT";"DEL2/6";"UOP01/MT"
183968;2019-01-08;"terça-feira";"07:50:00";"RS";101;79,9;"OSORIO";"Falta de Atenção à Condução";"Saída de leito carroçável";"Com Vítimas Feridas";"Pleno dia";"Crescente";"Nublado";"Dupla";"Curva";"Sim";1;0;1;0;0;0;1;1;"-29.77391387";"-50.2130127";"SR-RS";"DEL9/3";"UOP01/RS"
183969;2019-01-07;"segunda-feira";"17:30:00";"RJ";356;92,5;"CARDOSO MOREIRA";"Mal Súbito";"Colisão com objeto estático";"Com Vítimas Fatais";"Pleno dia";"Crescente";"Céu Claro";"Simples";"Curva";"Não";1;1;0;0;0;0;0;1;"-21.517906";"-41.548496";"SR-RJ";"DEL5/8";"UOP03/RJ"
183970;2019-01-07;"segunda-feira";"18:30:00";"AL";416;49,2;"IBATEGUARA";"Deficiência ou não Acionamento do Sistema de Iluminação/Sinalização do Veículo";"Atropelamento de Pedestre";"Com Vítimas Fatais";"Plena Noite";"Decrescente";"Garoa/Chuvisco";"Simples";"Reta";"Não";4;1;0;0;0;3;0;1;"-8.96724228";"-35.96480459";"SR-AL";"DEL13/1";"UOP02/AL"
183971;2019-01-07;"segunda-feira";"20:40:00";"PB";104;129,7;"CAMPINA GRANDE";"Ingestão de Álcool";"Atropelamento de Pedestre";"Com Vítimas Feridas";"Plena Noite";"Crescente";"Céu Claro";"Simples";"Reta";"Sim";3;0;0;1;1;1;1;1;"-7.27936";"-35.889091";"SR-PB";"DEL14/2";"UOP01/PB"
183972;2019-01-07;"segunda-feira";"16:40:00";"PR";476;199;"LAPA";"Pista Escorregadia";"Colisão frontal";"Sem Vítimas";"Pleno dia";"Crescente";"Chuva";"Simples";"Curva";"Não";3;0;0;0;3;0;0;3;"-25.772074";"-49.745663";"SR-PR";"DEL7/2";"UOP03/PR"
183973;2019-01-08;"terça-feira";"06:40:00";"SP";381;58;"MAIRIPORA";"Condutor Dormindo";"Colisão traseira";"Com Vítimas Feridas";"Amanhecer";"Crescente";"Céu Claro";"Dupla";"Reta";"Sim";2;0;1;0;1;0;1;2;"-23.33551452";"-46.5759551";"SR-SP";"DEL6/3";"UOP02/SP"
183974;2019-01-07;"segunda-feira";"23:30:00";"SP";116;298,9;"ITAPECERICA DA SERRA";"Falta de Atenção à Condução";"Colisão transversal";"Sem Vítimas";"Plena Noite";"Decrescente";"Céu Claro";"Múltipla";"Reta";"Sim";2;0;0;0;2;0;0;2;"-23.78603";"-46.91351";"SR-SP";"DEL6/4";"UOP01/SP"
183975;2019-01-07;"segunda-feira";"23:45:00";"DF";70;11;"BRASILIA";"Ingestão de Álcool";"Colisão lateral";"Sem Vítimas";"Plena Noite";"Crescente";"Céu Claro";"Dupla";"Reta";"Não";2;0;0;0;2;0;0;2;"-15.789762";"-48.148727";"SR-DF";"DF";"UOP06/DF"
183976;2019-01-08;"terça-feira";"04:00:00";"DF";70;13;"BRASILIA";"Defeito Mecânico no Veículo";"Incêndio";"Sem Vítimas";"Plena Noite";"Decrescente";"Céu Claro";"Simples";"Reta";"Sim";1;0;0;0;0;1;0;1;"-15.794558";"-48.166584";"SR-DF";"DF";"UOP06/DF"
183977;2019-01-07;"segunda-feira";"22:00:00";"PA";10;153,6;"PARAGOMINAS";"Defeito Mecânico no Veículo";"Incêndio";"Sem Vítimas";"Plena Noite";"Crescente";"Nublado";"Simples";"Reta";"Não";2;0;0;0;2;0;0;1;"-2.991842";"-47.456882";"SR-PA";"DEL19/2";"UOP02/PA"
183978;2019-01-07;"segunda-feira";"15:30:00";"PR";153;474,2;"PORTO VITORIA";"Falta de Atenção à Condução";"Saída de leito carroçável";"Sem Vítimas";"Pleno dia";"Decrescente";"Chuva";"Simples";"Curva";"Não";1;0;0;0;1;0;0;1;"-26.385147";"-51.269444";"SR-PR";"DEL7/2";"UOP02/PR"
183979;2019-01-08;"terça-feira";"02:50:00";"CE";222;124,5;"ITAPAJE";"Agressão Externa";"Incêndio";"Sem Vítimas";"Amanhecer";"Crescente";"Céu Claro";"Simples";"Reta";"Sim";1;0;0;0;1;0;0;1;"-3.688793";"-39.588528";"SR-CE";"DEL16/4";"UOP03/CE"
183980;2019-01-08;"terça-feira";"07:00:00";"MT";70;321,4;"DOM AQUINO";"Falta de Atenção à Condução";"Saída de leito carroçável";"Sem Vítimas";"Amanhecer";"Decrescente";"Céu Claro";"Simples";"Curva";"Não";2;0;0;0;2;0;0;1;"-15.516281";"-54.62888";"SR-MT";"DEL2/5";"UOP01/MT"
183981;2019-01-08;"terça-feira";"01:10:00";"PR";476;242,6;"LAPA";"Falta de Atenção à Condução";"Tombamento";"Com Vítimas Feridas";"Plena Noite";"Crescente";"Nublado";"Simples";"Curva";"Não";2;0;1;0;1;0;1;1;"-25.858768";"-50.08609";"SR-PR";"DEL7/2";"UOP03/PR"
183982;2019-01-07;"segunda-feira";"16:30:00";"MT";364;632;"DIAMANTINO";"Falta de Atenção à Condução";"Colisão frontal";"Com Vítimas Fatais";"Pleno dia";"Crescente";"Céu Claro";"Simples";"Reta";"Não";2;1;0;0;1;0;0;2;"-14.36684298";"-56.43127441";"SR-MT";"DEL2/4";"UOP01/MT"
183983;2019-01-08;"terça-feira";"08:50:00";"SP";153;61,3;"SAO JOSE DO RIO PRETO";"Não guardar distância de segurança";"Colisão traseira";"Com Vítimas Feridas";"Pleno dia";"Crescente";"Céu Claro";"Dupla";"Não Informado";"Sim";2;0;1;0;1;0;1;2;"-20.805029";"-49.355747";"SR-SP";"DEL6/9";"UOP01/SP"
183984;2019-01-08;"terça-feira";"08:00:00";"RS";287;518,7;"SAO BORJA";"Animais na Pista";"Atropelamento de Animal";"Com Vítimas Feridas";"Pleno dia";"Crescente";"Nublado";"Simples";"Reta";"Não";1;0;1;0;0;0;1;1;"-28.735588";"-55.842415";"SR-RS";"DEL9/12";"UOP01/RS"
183985;2019-01-08;"terça-feira";"09:10:00";"PR";277;234;"FERNANDES PINHEIRO";"Falta de Atenção à Condução";"Colisão transversal";"Com Vítimas Feridas";"Pleno dia";"Crescente";"Nublado";"Simples";"Interseção de vias";"Não";2;0;0;1;1;0;1;2;"-25.46484056";"-50.57453893";"SR-PR";"DEL7/3";"UOP04/PR"
183986;2019-01-08;"terça-feira";"09:40:00";"RJ";116;178;"NOVA IGUACU";"Falta de Atenção à Condução";"Colisão lateral";"Com Vítimas Feridas";"Pleno dia";"Decrescente";"Sol";"Dupla";"Reta";"Sim";2;0;0;1;1;0;1;2;"-22.774963";"-43.400814";"SR-RJ";"DEL5/1";"UOP02/RJ"
183987;2019-01-08;"terça-feira";"08:00:00";"MS";262;326,5;"CAMPO GRANDE";"Falta de Atenção à Condução";"Colisão transversal";"Com Vítimas Feridas";"Pleno dia";"Decrescente";"Céu Claro";"Múltipla";"Reta";"Sim";2;0;1;0;1;0;1;2;"-20.46562152";"-54.54812229";"SR-MS";"DEL3/1";"UOP01/MS"
183988;2019-01-08;"terça-feira";"07:30:00";"RS";116;530,1;"CAPAO DO LEAO";"Falta de Atenção à Condução";"Colisão transversal";"Com Vítimas Feridas";"Pleno dia";"Decrescente";"Céu Claro";"Simples";"Reta";"Sim";2;0;1;0;1;0;1;2;"-31.76035611";"-52.43834496";"SR-RS";"DEL9/7";"UOP01/RS"
183990;2019-01-08;"terça-feira";"08:10:00";"MG";381;480;"CONTAGEM";"Falta de Atenção à Condução";"Colisão com objeto estático";"Com Vítimas Feridas";"Pleno dia";"Decrescente";"Sol";"Múltipla";"Reta";"Não";2;0;1;0;1;0;1;2;"-19.9586";"-44.0608";"SR-MG";"DEL4/1";"UOP03/MG"
183991;2019-01-08;"terça-feira";"10:25:00";"MG";365;758,4;"ITUIUTABA";"Falta de Atenção à Condução";"Colisão traseira";"Com Vítimas Feridas";"Pleno dia";"Crescente";"Céu Claro";"Simples";"Reta";"Não";3;0;1;0;2;0;1;2;"-18.96155433";"-49.54353333";"SR-MG";"DEL4/15";"UOP03/MG"
183992;2019-01-08;"terça-feira";"08:20:00";"RN";226;1,4;"NATAL";"Desobediência às normas de trânsito pelo condutor";"Colisão transversal";"Com Vítimas Feridas";"Pleno dia";"Crescente";"Nublado";"Dupla";"Reta";"Sim";2;0;2;0;0;0;2;2;"-5.806421";"-35.241673";"SR-RN";"DEL15/1";"UOP02/RN"
183993;2019-01-08;"terça-feira";"07:50:00";"MA";316;407;"ALTO ALEGRE DO MARANHAO";"Desobediência às normas de trânsito pelo condutor";"Colisão lateral";"Com Vítimas Feridas";"Amanhecer";"Decrescente";"Sol";"Simples";"Reta";"Sim";3;0;0;2;1;0;2;2;"-4.24808";"-44.435707";"SR-MA";"DEL18/3";"UOP01/MA"
183995;2019-01-08;"terça-feira";"09:30:00";"SP";381;55,9;"MAIRIPORA";"Não guardar distância de segurança";"Colisão traseira";"Com Vítimas Feridas";"Pleno dia";"Crescente";"Sol";"Dupla";"Reta";"Não";5;0;0;1;4;0;1;5;"-23.26689611";"-46.58477783";"SR-SP";"DEL6/3";"UOP02/SP"
183996;2019-01-08;"terça-feira";"09:20:00";"TO";153;384;"RIO DOS BOIS";"Não guardar distância de segurança";"Saída de leito carroçável";"Com Vítimas Feridas";"Pleno dia";"Crescente";"Sol";"Simples";"Reta";"Não";3;0;1;0;2;0;1;1;"-9.27809";"-48.551979";"SR-TO";"UOP03/TO";""
183997;2019-01-08;"terça-feira";"09:40:00";"PB";230;182;"POCINHOS";"Não guardar distância de segurança";"Colisão traseira";"Sem Vítimas";"Pleno dia";"Decrescente";"Sol";"Simples";"Reta";"Não";2;0;0;0;2;0;0;2;"-7.1584";"-36.0837";"SR-PB";"DEL14/2";"UOP02/PB"
183999;2019-01-08;"terça-feira";"10:00:00";"CE";304;50;"ARACATI";"Falta de Atenção à Condução";"Colisão lateral";"Com Vítimas Feridas";"Pleno dia";"Decrescente";"Céu Claro";"Simples";"Curva";"Não";3;0;3;0;0;0;3;2;"-4.573488";"-37.762367";"SR-CE";"DEL16/3";"UOP03/CE"
184000;2019-01-08;"terça-feira";"10:50:00";"RS";290;99;"PORTO ALEGRE";"Não guardar distância de segurança";"Tombamento";"Com Vítimas Feridas";"Pleno dia";"Crescente";"Céu Claro";"Dupla";"Reta";"Sim";2;0;1;1;0;0;2;1;"-29.990044";"-51.22946054";"SR-RS";"DEL9/1";"UOP01/RS"
184001;2019-01-08;"terça-feira";"10:25:00";"MG";50;176,5;"UBERABA";"Não guardar distância de segurança";"Colisão traseira";"Sem Vítimas";"Pleno dia";"Decrescente";"Céu Claro";"Dupla";"Reta";"Não";2;0;0;0;2;0;0;2;"-19.7792";"-47.9505";"SR-MG";"DEL13";"UOP01/MG"
184002;2019-01-07;"segunda-feira";"18:10:00";"PR";272;542;"TERRA ROXA";"Velocidade Incompatível";"Colisão com objeto estático";"Com Vítimas Fatais";"Pleno dia";"Decrescente";"Chuva";"Simples";"Reta";"Não";2;1;0;0;0;1;0;1;"-24.083958";"-54.086571";"SR-PR";"DEL7/6";"UOP02/PR"
184003;2019-01-08;"terça-feira";"08:42:00";"MG";50;176;"UBERABA";"Falta de Atenção à Condução";"Colisão lateral";"Com Vítimas Feridas";"Pleno dia";"Decrescente";"Céu Claro";"Dupla";"Reta";"Sim";4;0;2;0;2;0;2;3;"-19.7792";"-47.9505";"SR-MG";"DEL13";"UOP01/MG"
184005;2019-01-08;"terça-feira";"10:00:00";"BA";116;410;"FEIRA DE SANTANA";"Desobediência às normas de trânsito pelo condutor";"Colisão lateral";"Sem Vítimas";"Pleno dia";"Decrescente";"Nublado";"Simples";"Reta";"Não";2;0;0;0;2;0;0;2;"-12.12058349";"-38.9683083";"SR-BA";"DEL10/2";"UOP01/BA"
184006;2019-01-08;"terça-feira";"10:45:00";"PR";476;158,8;"ARAUCARIA";"Falta de Atenção à Condução";"Colisão transversal";"Com Vítimas Feridas";"Pleno dia";"Crescente";"Céu Claro";"Simples";"Reta";"Sim";3;0;1;0;2;0;1;2;"-25.613539";"-49.424255";"SR-PR";"DEL7/1";"UOP04/PR"
184007;2019-01-08;"terça-feira";"07:30:00";"PB";230;22,8;"JOAO PESSOA";"Falta de Atenção à Condução";"Colisão traseira";"Com Vítimas Feridas";"Pleno dia";"Decrescente";"Céu Claro";"Dupla";"Reta";"Sim";2;0;1;0;1;0;1;2;"-7.1495";"-34.8517";"SR-PB";"DEL14/1";"UOP01/PB"
184008;2019-01-08;"terça-feira";"08:45:00";"SE";101;47,6;"JAPARATUBA";"Defeito na Via";"Saída de leito carroçável";"Sem Vítimas";"Pleno dia";"Crescente";"Nublado";"Dupla";"Reta";"Não";1;0;0;0;1;0;0;1;"-10.58858099";"-36.97236836";"SR-SE";"DEL20/2";"UOP02/SE"
184009;2019-01-08;"terça-feira";"10:30:00";"MS";163;108,6;"ITAQUIRAI";"Avarias e/ou desgaste excessivo no pneu";"Saída de leito carroçável";"Com Vítimas Feridas";"Pleno dia";"Crescente";"Nublado";"Dupla";"Reta";"Não";1;0;1;0;0;0;1;1;"-23.212587";"-54.210621";"SR-MS";"DEL3/09";"UOP01/MS"
184010;2019-01-08;"terça-feira";"10:57:00";"PE";101;68,2;"RECIFE";"Falta de Atenção à Condução";"Colisão lateral";"Com Vítimas Feridas";"Pleno dia";"Crescente";"Sol";"Dupla";"Rotatória";"Sim";2;0;2;0;0;0;2;2;"-8.0595";"-34.9458";"SR-PE";"DEL11/1";"UOP01/PE"
184011;2019-01-08;"terça-feira";"08:30:00";"ES";262;109;"VENDA NOVA DO IMIGRANTE";"Falta de Atenção à Condução";"Colisão transversal";"Com Vítimas Feridas";"Pleno dia";"Crescente";"Céu Claro";"Simples";"Reta";"Não";2;0;0;1;1;0;1;2;"-20.3359";"-41.1728";"SR-ES";"DEL12/1";"UOP02/ES"
184012;2019-01-08;"terça-feira";"07:50:00";"BA";101;789,5;"ITAMARAJU";"Falta de Atenção à Condução";"Colisão transversal";"Com Vítimas Feridas";"Pleno dia";"Crescente";"Céu Claro";"Simples";"Reta";"Não";3;0;0;2;0;1;2;2;"-16.8698";"-39.5032";"SR-BA";"DEL10/9";"UOP01/BA"