"id";"data_inversa";"dia_semana";"horario";"uf";"br";"km";"municipio";"causa_acidente";"tipo_acidente";"classificacao_acidente";"fase_dia";"sentido_via";"condicao_metereologica";"tipo_pista";"tracado_via";"uso_solo";"pessoas";"mortos";"feridos_leves";"feridos_graves";"ilesos";"ignorados";"feridos";"veiculos";"latitude";"longitude";"regional";"delegacia";"uop"
184013;2019-01-08;"terça-feira";"09:50:00";"ES";259;30,5;"COLATINA";"Falta de Atenção à Condução";"Colisão traseira";"Com Vítimas Feridas";"Pleno dia";"Crescente";"Céu Claro";"Simples";"Curva";"Sim";3;0;1;0;2;0;1;2;"-19.595186";"-40.506504";"SR-ES";"DEL12/2";"UOP01/ES"
184014;2019-01-08;"terça-feira";"08:20:00";"ES";101;148;"LINHARES";"Falta de Atenção à Condução";"Colisão lateral";"Com Vítimas Feridas";"Pleno dia";"Decrescente";"Céu Claro";"Dupla";"Reta";"Sim";3;0;1;0;2;0;1;2;"-19.38600296";"-40.06714236";"SR-ES";"DEL12/4";"UOP01/ES"
184015;2019-01-07;"segunda-feira";"16:00:00";"RS";158;120,9;"PALMEIRA DAS MISSOES";"Falta de Atenção à Condução";"Colisão lateral";"Com Vítimas Feridas";"Pleno dia";"Crescente";"Céu Claro";"Simples";"Reta";"Não";2;0;1;0;1;0;1;2;"-28.058661";"-53.375942";"SR-RS";"DEL08";"UOP02/RS"
184016;2019-01-04;"sexta-feira";"10:00:00";"AM";230;646;"HUMAITA";"Falta de Atenção à Condução";"Tombamento";"Sem Vítimas";"Pleno dia";"Crescente";"Chuva";"Simples";"Reta";"Não";1;0;0;0;1;0;0;1;"-7.55619613";"-63.28823447";"SR-RO";"DEL21/01";"UOP03/RO"
184017;2019-01-08;"terça-feira";"11:20:00";"PE";232;4,7;"RECIFE";"Desobediência às normas de trânsito pelo condutor";"Colisão com objeto estático";"Com Vítimas Feridas";"Pleno dia";"Decrescente";"Céu Claro";"Múltipla";"Não Informado";"Sim";2;0;1;0;1;0;1;2;"-8.064473";"-34.936928";"SR-PE";"DEL11/1";"UOP01/PE"
184018;2019-01-08;"terça-feira";"11:20:00";"RJ";101;320;"NITEROI";"Falta de Atenção à Condução";"Colisão lateral";"Com Vítimas Feridas";"Pleno dia";"Decrescente";"Céu Claro";"Dupla";"Curva";"Sim";2;0;1;0;1;0;1;2;"-22.861752";"-43.107143";"SR-RJ";"DEL5/2";"UOP01/RJ"
184019;2019-01-08;"terça-feira";"12:15:00";"RS";386;419,8;"MONTENEGRO";"Defeito Mecânico no Veículo";"Atropelamento de Pedestre";"Com Vítimas Feridas";"Pleno dia";"Decrescente";"Céu Claro";"Dupla";"Reta";"Sim";2;0;0;1;0;1;1;1;"-29.81764";"-51.432823";"SR-RS";"DEL9/4";"UOP02/RS"
184020;2019-01-08;"terça-feira";"08:40:00";"RO";364;345,5;"JI-PARANA";"Não guardar distância de segurança";"Colisão traseira";"Com Vítimas Feridas";"Pleno dia";"Decrescente";"Sol";"Dupla";"Reta";"Sim";2;0;1;0;1;0;1;2;"-10.86786741";"-61.96580887";"SR-RO";"DEL21/2";"UOP01/RO"
184021;2019-01-08;"terça-feira";"12:30:00";"RJ";493;2;"ITABORAI";"Sinalização da via insuficiente ou inadequada";"Colisão frontal";"Com Vítimas Feridas";"Pleno dia";"Crescente";"Sol";"Múltipla";"Curva";"Sim";2;0;0;2;0;0;2;2;"-22.759342";"-42.935555";"SR-RJ";"DEL5/4";"UOP02/RJ"
184022;2019-01-08;"terça-feira";"12:30:00";"MG";40;603;"CONGONHAS";"Falta de Atenção à Condução";"Colisão lateral";"Com Vítimas Feridas";"Pleno dia";"Decrescente";"Céu Claro";"Simples";"Curva";"Não";2;0;1;0;1;0;1;2;"-20.4505";"-43.8408";"SR-MG";"DEL5";"UOP02/MG"
184023;2019-01-08;"terça-feira";"11:09:00";"BA";324;544,3;"AMELIA RODRIGUES";"Desobediência às normas de trânsito pelo condutor";"Colisão lateral";"Com Vítimas Feridas";"Pleno dia";"Decrescente";"Céu Claro";"Dupla";"Curva";"Sim";2;0;1;0;1;0;1;2;"-12.40662656";"-38.75305122";"SR-BA";"DEL10/1";"UOP01/BA"
184024;2019-01-08;"terça-feira";"10:25:00";"RO";364;693;"CANDEIAS DO JAMARI";"Não guardar distância de segurança";"Colisão traseira";"Com Vítimas Feridas";"Pleno dia";"Decrescente";"Céu Claro";"Dupla";"Reta";"Não";3;0;1;1;1;0;2;2;"-8.80068525";"-63.7203598";"SR-RO";"DEL21/1";"UOP01/RO"
184025;2019-01-08;"terça-feira";"12:31:00";"SP";116;120;"CACAPAVA";"Falta de Atenção à Condução";"Engavetamento";"Com Vítimas Feridas";"Pleno dia";"Decrescente";"Céu Claro";"Dupla";"Reta";"Sim";4;0;2;0;2;0;2;4;"-23.071577";"-45.644619";"SR-SP";"DEL6";"UOP02/SP"
184027;2019-01-08;"terça-feira";"10:30:00";"MA";10;250;"IMPERATRIZ";"Falta de Atenção à Condução";"Colisão traseira";"Com Vítimas Feridas";"Pleno dia";"Crescente";"Nublado";"Simples";"Reta";"Sim";5;0;1;0;4;0;1;2;"-5.550874";"-47.459305";"SR-MA";"DEL18/4";"UOP01/MA"
184029;2019-01-08;"terça-feira";"12:00:00";"RS";116;265;"CANOAS";"Falta de Atenção à Condução";"Colisão transversal";"Sem Vítimas";"Pleno dia";"Crescente";"Sol";"Simples";"Reta";"Sim";2;0;0;0;2;0;0;2;"-29.923407";"-51.177811";"SR-RS";"DEL9/1";"UOP01/RS"
184030;2019-01-08;"terça-feira";"13:40:00";"MG";116;703,9;"MURIAE";"Ultrapassagem Indevida";"Colisão lateral";"Com Vítimas Feridas";"Pleno dia";"Crescente";"Sol";"Simples";"Reta";"Sim";3;0;2;0;1;0;2;2;"-21.11967573";"-42.38011572";"SR-MG";"DEL4/7";"UOP02/MG"
184032;2019-01-08;"terça-feira";"13:45:00";"SC";101;208,5;"SAO JOSE";"Não guardar distância de segurança";"Colisão traseira";"Com Vítimas Feridas";"Pleno dia";"Decrescente";"Céu Claro";"Dupla";"Reta";"Sim";2;0;1;0;1;0;1;2;"-27.6101";"-48.6388";"SR-SC";"DEL8/1";"UOP01/SC"
184034;2019-01-08;"terça-feira";"13:30:00";"RS";158;327;"SANTA MARIA";"Falta de Atenção à Condução";"Colisão transversal";"Com Vítimas Feridas";"Pleno dia";"Crescente";"Garoa/Chuvisco";"Simples";"Reta";"Sim";2;0;0;1;1;0;1;2;"-29.714945";"-53.810829";"SR-RS";"DEL9/9";"UOP01/RS"
184035;2019-01-08;"terça-feira";"13:00:00";"MT";364;331;"SANTO ANTONIO DO LEVERGER";"Falta de Atenção à Condução";"Colisão traseira";"Com Vítimas Feridas";"Pleno dia";"Crescente";"Céu Claro";"Dupla";"Reta";"Não";4;0;2;0;1;1;2;2;"-15.83123276";"-55.44113159";"SR-MT";"DEL2/1";"UOP02/MT"
184036;2019-01-08;"terça-feira";"12:10:00";"SC";282;60,8;"RANCHO QUEIMADO";"Defeito na Via";"Queda de ocupante de veículo";"Com Vítimas Feridas";"Pleno dia";"Crescente";"Nublado";"Simples";"Curva";"Não";2;0;0;2;0;0;2;1;"-27.680164";"-49.019672";"SR-SC";"DEL8/1";"UOP03/SC"
184037;2019-01-08;"terça-feira";"11:40:00";"PE";101;123;"ESCADA";"Velocidade Incompatível";"Saída de leito carroçável";"Com Vítimas Feridas";"Pleno dia";"Crescente";"Chuva";"Dupla";"Reta";"Não";2;0;2;0;0;0;2;1;"-8.3607";"-35.2105";"SR-PE";"DEL11/1";"UOP03/PE"
184038;2019-01-08;"terça-feira";"12:30:00";"PE";232;56;"POMBOS";"Defeito na Via";"Saída de leito carroçável";"Sem Vítimas";"Pleno dia";"Decrescente";"Chuva";"Dupla";"Reta";"Não";1;0;0;0;1;0;0;1;"-8.144629";"-35.390347";"SR-PE";"DEL11/1";"UOP04/PE"
184039;2019-01-08;"terça-feira";"14:30:00";"ES";259;1,6;"JOAO NEIVA";"Falta de Atenção à Condução";"Colisão traseira";"Com Vítimas Feridas";"Pleno dia";"Crescente";"Céu Claro";"Simples";"Reta";"Não";2;0;1;0;1;0;1;2;"-19.73798";"-40.377514";"SR-ES";"DEL12/2";"UOP01/ES"
184041;2019-01-08;"terça-feira";"14:40:00";"ES";262;90,9;"DOMINGOS MARTINS";"Falta de Atenção à Condução";"Colisão transversal";"Com Vítimas Feridas";"Pleno dia";"Crescente";"Céu Claro";"Simples";"Reta";"Sim";3;0;1;2;0;0;3;2;"-20.3821";"-41.0226";"SR-ES";"DEL12/1";"UOP02/ES"
184042;2019-01-08;"terça-feira";"12:40:00";"PR";277;489,5;"NOVA LARANJEIRAS";"Velocidade Incompatível";"Saída de leito carroçável";"Com Vítimas Feridas";"Pleno dia";"Crescente";"Chuva";"Simples";"Curva";"Não";5;0;3;2;0;0;5;1;"-25.24104713";"-52.63197899";"SR-PR";"DEL7/4";"UOP03/PR"
184043;2019-01-08;"terça-feira";"14:30:00";"PR";277;113;"CAMPO LARGO";"Velocidade Incompatível";"Saída de leito carroçável";"Com Vítimas Feridas";"Pleno dia";"Decrescente";"Sol";"Dupla";"Reta";"Sim";1;0;1;0;0;0;1;1;"-25.44692622";"-49.48421627";"SR-PR";"DEL7/1";"UOP05/PR"
184044;2019-01-07;"segunda-feira";"22:00:00";"PE";101;78,7;"JABOATAO DOS GUARARAPES";"Velocidade Incompatível";"Tombamento";"Com Vítimas Feridas";"Pleno dia";"Decrescente";"Nublado";"Simples";"Curva";"Não";1;0;0;1;0;0;1;1;"-8.14110243";"-34.94635105";"SR-PE";"DEL11/1";"UOP01/PE"
184045;2019-01-08;"terça-feira";"13:55:00";"RJ";116;177;"NOVA IGUACU";"Desobediência às normas de trânsito pelo condutor";"Colisão traseira";"Com Vítimas Feridas";"Pleno dia";"Crescente";"Céu Claro";"Dupla";"Reta";"Sim";3;0;1;0;2;0;1;2;"-22.780552";"-43.392086";"SR-RJ";"DEL5/1";"UOP02/RJ"
184046;2019-01-08;"terça-feira";"08:30:00";"MG";381;423;"CAETE";"Falta de Atenção à Condução";"Colisão frontal";"Com Vítimas Feridas";"Pleno dia";"Crescente";"Céu Claro";"Simples";"Reta";"Não";2;0;1;0;1;0;1;2;"-19.77398813";"-43.64977062";"SR-MG";"DEL4/1";"UOP01/MG"
184047;2019-01-08;"terça-feira";"08:45:00";"PR";153;206,8;"TIBAGI";"Desobediência às normas de trânsito pelo condutor";"Colisão transversal";"Com Vítimas Feridas";"Pleno dia";"Crescente";"Céu Claro";"Simples";"Curva";"Sim";3;0;1;1;0;1;2;2;"-24.52644715";"-50.44576591";"SR-PR";"DEL7/3";"UOP05/PR"
184048;2019-01-08;"terça-feira";"15:00:00";"PR";116;119;"CURITIBA";"Falta de Atenção à Condução";"Colisão lateral";"Com Vítimas Feridas";"Pleno dia";"Decrescente";"Céu Claro";"Dupla";"Reta";"Sim";2;0;1;0;1;0;1;2;"-25.544559";"-49.30146";"SR-PR";"DEL7/1";"UOP06/PR"
184051;2019-01-08;"terça-feira";"00:25:00";"MG";381;904;"CAMBUI";"Velocidade Incompatível";"Colisão com objeto estático";"Com Vítimas Feridas";"Plena Noite";"Decrescente";"Ignorado";"Dupla";"Reta";"Não";2;0;0;1;1;0;1;1;"-22.6592";"-46.0882";"SR-MG";"DEL09";"UOP03/MG"
184052;2019-01-08;"terça-feira";"09:00:00";"MA";402;19,4;"ROSARIO";"Condutor Dormindo";"Colisão lateral";"Com Vítimas Feridas";"Pleno dia";"Crescente";"Céu Claro";"Simples";"Reta";"Não";3;0;0;1;2;0;1;3;"-2.930413";"-44.176132";"SR-MA";"DEL18/1";"UOP01/MA"
184053;2019-01-08;"terça-feira";"16:00:00";"SC";282;21,5;"SANTO AMARO DA IMPERATRIZ";"Mal Súbito";"Colisão lateral";"Com Vítimas Feridas";"Pleno dia";"Decrescente";"Nublado";"Simples";"Reta";"Sim";2;0;1;0;1;0;1;2;"-27.68907";"-48.717541";"SR-SC";"DEL8/1";"UOP02/SC"
184054;2019-01-08;"terça-feira";"15:30:00";"PA";230;120,8;"MARABA";"Falta de Atenção à Condução";"Colisão transversal";"Com Vítimas Feridas";"Pleno dia";"Decrescente";"Céu Claro";"Dupla";"Reta";"Sim";2;0;1;0;1;0;1;2;"-5.350384";"-49.114384";"SR-PA";"DEL19/3";"UOP01/PA"
184056;2019-01-08;"terça-feira";"07:40:00";"SP";381;50;"ATIBAIA";"Falta de Atenção à Condução";"Colisão lateral";"Com Vítimas Feridas";"Pleno dia";"Crescente";"Céu Claro";"Simples";"Reta";"Sim";2;0;1;0;1;0;1;2;"-23.138622";"-46.575844";"SR-SP";"DEL6/3";"UOP02/SP"
184057;2019-01-08;"terça-feira";"13:00:00";"PE";232;27,9;"MORENO";"Pista Escorregadia";"Saída de leito carroçável";"Sem Vítimas";"Pleno dia";"Decrescente";"Garoa/Chuvisco";"Dupla";"Reta";"Não";1;0;0;0;1;0;0;1;"-8.114184";"-35.12569";"SR-PE";"DEL11/1";"UOP04/PE"
184058;2019-01-08;"terça-feira";"15:50:00";"PE";232;31,8;"MORENO";"Pista Escorregadia";"Saída de leito carroçável";"Com Vítimas Fatais";"Pleno dia";"Decrescente";"Chuva";"Dupla";"Não Informado";"Não";2;1;0;0;1;0;0;1;"-8.10515305";"-35.16797299";"SR-PE";"DEL11/1";"UOP04/PE"
184059;2019-01-08;"terça-feira";"16:00:00";"PB";230;56;"CRUZ DO ESPIRITO SANTO";"Falta de Atenção à Condução";"Colisão traseira";"Com Vítimas Feridas";"Pleno dia";"Crescente";"Céu Claro";"Dupla";"Não Informado";"Não";3;0;2;0;1;0;2;2;"-7.2021";"-35.1038";"SR-PB";"DEL14/1";"UOP03/PB"
184060;2019-01-08;"terça-feira";"14:20:00";"MA";135;22,3;"SAO LUIS";"Desobediência às normas de trânsito pelo condutor";"Colisão transversal";"Com Vítimas Feridas";"Pleno dia";"Decrescente";"Céu Claro";"Dupla";"Reta";"Sim";2;0;1;0;1;0;1;2;"-2.53073";"-44.3068";"SR-MA";"DEL18/1";"UOP01/MA"
184061;2019-01-08;"terça-feira";"16:20:00";"PI";343;12,7;"PARNAIBA";"Falta de Atenção do Pedestre";"Atropelamento de Pedestre";"Com Vítimas Feridas";"Pleno dia";"Decrescente";"Nublado";"Dupla";"Reta";"Sim";2;0;2;0;0;0;2;1;"-2.91642531";"-41.7541194";"SR-PI";"DEL17/5";"UOP01/PI"
184062;2019-01-08;"terça-feira";"07:40:00";"PB";101;89,9;"CONDE";"Falta de Atenção à Condução";"Colisão lateral";"Com Vítimas Feridas";"Pleno dia";"Crescente";"Céu Claro";"Dupla";"Retorno Regulamentado";"Sim";2;0;1;0;1;0;1;2;"-7.1807";"-34.9005";"SR-PB";"DEL14/1";"UOP02/PB"
184063;2019-01-08;"terça-feira";"17:30:00";"MG";381;479,2;"CONTAGEM";"Falta de Atenção à Condução";"Queda de ocupante de veículo";"Com Vítimas Feridas";"Pleno dia";"Crescente";"Céu Claro";"Dupla";"Reta";"Sim";1;0;1;0;0;0;1;1;"-19.961";"-44.0517";"SR-MG";"DEL4/1";"UOP03/MG"
184064;2019-01-08;"terça-feira";"07:50:00";"PR";277;667,7;"MEDIANEIRA";"Não guardar distância de segurança";"Colisão traseira";"Com Vítimas Feridas";"Pleno dia";"Decrescente";"Nublado";"Dupla";"Reta";"Sim";2;0;0;1;1;0;1;2;"-25.26950699";"-54.06026602";"SR-PR";"DEL7/5";"UOP02/PR"
184065;2019-01-08;"terça-feira";"16:30:00";"PR";376;551,5;"BALSA NOVA";"Falta de Atenção à Condução";"Saída de leito carroçável";"Com Vítimas Feridas";"Pleno dia";"Decrescente";"Céu Claro";"Dupla";"Curva";"Não";5;0;2;0;3;0;2;1;"-25.43480943";"-49.75106388";"SR-PR";"DEL7/1";"UOP05/PR"
184066;2019-01-08;"terça-feira";"17:22:00";"PR";376;214;"CAMPO LARGO";"Falta de Atenção à Condução";"Queda de ocupante de veículo";"Com Vítimas Feridas";"Pleno dia";"Decrescente";"Chuva";"Dupla";"Reta";"Sim";1;0;1;0;0;0;1;1;"-25.445097";"-49.50071";"SR-PR";"DEL7/7";"UOP04/PR"
184067;2019-01-08;"terça-feira";"16:10:00";"RS";290;640;"URUGUAIANA";"Falta de Atenção à Condução";"Saída de leito carroçável";"Com Vítimas Feridas";"Pleno dia";"Decrescente";"Céu Claro";"Simples";"Reta";"Não";4;0;4;0;0;0;4;1;"-30.011345";"-56.318676";"SR-RS";"DEL9/13";"UOP02/RS"
184068;2019-01-08;"terça-feira";"17:00:00";"RN";427;98,2;"CAICO";"Desobediência às normas de trânsito pelo condutor";"Colisão transversal";"Com Vítimas Feridas";"Pleno dia";"Decrescente";"Céu Claro";"Simples";"Interseção de vias";"Sim";3;0;0;1;1;1;1;2;"-6.464375";"-37.092213";"SR-RN";"DEL15/3";"UOP01/RN"
184069;2019-01-08;"terça-feira";"17:30:00";"SP";459;25,8;"LORENA";"Desobediência às normas de trânsito pelo condutor";"Colisão lateral";"Com Vítimas Feridas";"Pleno dia";"Crescente";"Céu Claro";"Simples";"Rotatória";"Não";2;0;1;0;1;0;1;2;"-22.686485";"-45.128445";"SR-SP";"DEL6/8";"UOP03/SP"
184071;2019-01-08;"terça-feira";"17:10:00";"RS";290;151,1;"ARROIO DOS RATOS";"Falta de Atenção à Condução";"Colisão transversal";"Com Vítimas Feridas";"Pleno dia";"Crescente";"Sol";"Simples";"Interseção de vias";"Sim";2;0;1;0;1;0;1;2;"-30.10503883";"-51.72706604";"SR-RS";"DEL9/2";"UOP01/RS"
184072;2019-01-08;"terça-feira";"18:00:00";"PR";116;97;"SAO JOSE DOS PINHAIS";"Falta de Atenção à Condução";"Colisão lateral";"Com Vítimas Feridas";"Anoitecer";"Decrescente";"Chuva";"Dupla";"Reta";"Sim";2;0;0;1;1;0;1;2;"-25.512325";"-49.128712";"SR-PR";"DEL7/1";"UOP01/PR"
184073;2019-01-08;"terça-feira";"17:40:00";"MG";40;525;"CONTAGEM";"Defeito Mecânico no Veículo";"Incêndio";"Sem Vítimas";"Pleno dia";"Decrescente";"Céu Claro";"Dupla";"Reta";"Sim";1;0;0;0;1;0;0;1;"-19.8971";"-44.0497";"SR-MG";"DEL4/1";"UOP03/MG"
184075;2019-01-08;"terça-feira";"18:00:00";"SC";101;337,4;"TUBARAO";"Desobediência às normas de trânsito pelo condutor";"Colisão lateral";"Com Vítimas Feridas";"Pleno dia";"Crescente";"Céu Claro";"Múltipla";"Reta";"Não";4;0;1;0;1;2;1;2;"-28.4881";"-49.0386";"SR-SC";"DEL8/2";"UOP01/SC"
184076;2019-01-08;"terça-feira";"17:30:00";"SP";116;326,2;"JUQUITIBA";"Pista Escorregadia";"Capotamento";"Com Vítimas Feridas";"Pleno dia";"Decrescente";"Chuva";"Dupla";"Curva";"Sim";2;0;2;0;0;0;2;1;"-23.93781779";"-47.06392857";"SR-SP";"DEL6/4";"UOP02/SP"
184077;2019-01-08;"terça-feira";"18:10:00";"MG";381;927;"ITAPEVA";"Falta de Atenção à Condução";"Colisão com objeto estático";"Sem Vítimas";"Pleno dia";"Decrescente";"Nublado";"Dupla";"Não Informado";"Não";1;0;0;0;1;0;0;1;"-22.76752103";"-46.21709174";"SR-MG";"DEL09";"UOP03/MG"
184079;2019-01-08;"terça-feira";"15:30:00";"GO";60;346,7;"SANTO ANTONIO DA BARRA";"Condutor Dormindo";"Tombamento";"Com Vítimas Fatais";"Pleno dia";"Decrescente";"Céu Claro";"Dupla";"Reta";"Não";1;1;0;0;0;0;0;1;"-17.5669";"-50.6589";"SR-GO";"DEL1/4";"UOP01/GO"
184080;2019-01-08;"terça-feira";"18:03:00";"MG";262;803;"UBERABA";"Falta de Atenção à Condução";"Colisão traseira";"Com Vítimas Feridas";"Pleno dia";"Crescente";"Céu Claro";"Dupla";"Reta";"Sim";4;0;1;0;3;0;1;3;"-19.77639606";"-47.92098999";"SR-MG";"DEL13";"UOP01/MG"
184081;2019-01-08;"terça-feira";"17:00:00";"AL";104;35;"UNIAO DOS PALMARES";"Falta de Atenção do Pedestre";"Atropelamento de Pedestre";"Com Vítimas Feridas";"Pleno dia";"Decrescente";"Nublado";"Simples";"Reta";"Sim";2;0;1;0;1;0;1;1;"-9.16286519";"-36.01836294";"SR-AL";"DEL13/1";"UOP02/AL"
184083;2019-01-08;"terça-feira";"19:05:00";"SC";101;42,5;"JOINVILLE";"Velocidade Incompatível";"Colisão com objeto estático";"Sem Vítimas";"Pleno dia";"Crescente";"Nublado";"Dupla";"Reta";"Sim";1;0;0;0;1;0;0;1;"-26.3315";"-48.8617";"SR-SC";"DEL8/3";"UOP01/SC"
184084;2019-01-08;"terça-feira";"15:30:00";"PA";230;564;"ANAPU";"Defeito Mecânico no Veículo";"Colisão traseira";"Com Vítimas Feridas";"Pleno dia";"Crescente";"Céu Claro";"Simples";"Desvio Temporário";"Não";5;0;1;0;4;0;1;2;"-3.12249715";"-51.69966459";"SR-PA";"DEL19/4";"UOP01/PA"
184085;2019-01-08;"terça-feira";"17:50:00";"CE";20;421,3;"MARACANAU";"Falta de Atenção à Condução";"Queda de ocupante de veículo";"Com Vítimas Feridas";"Plena Noite";"Crescente";"Céu Claro";"Dupla";"Reta";"Não";2;0;1;0;1;0;1;2;"-3.84743598";"-38.57249129";"SR-CE";"DEL16/1";"UOP02/CE"
184086;2019-01-08;"terça-feira";"19:30:00";"BA";101;745;"ITABELA";"Falta de Atenção à Condução";"Colisão transversal";"Com Vítimas Feridas";"Plena Noite";"Decrescente";"Céu Claro";"Simples";"Reta";"Não";3;0;2;0;1;0;2;2;"-16.5689";"-39.5609";"SR-BA";"DEL10/9";"UOP01/BA"
184087;2019-01-08;"terça-feira";"16:00:00";"PR";476;84;"BOCAIUVA DO SUL";"Velocidade Incompatível";"Tombamento";"Com Vítimas Feridas";"Pleno dia";"Crescente";"Céu Claro";"Simples";"Curva";"Não";1;0;1;0;0;0;1;1;"-25.152304";"-49.110638";"SR-PR";"DEL7/1";"UOP01/PR"
184088;2019-01-08;"terça-feira";"17:25:00";"MA";230;403;"BALSAS";"Falta de Atenção do Pedestre";"Queda de ocupante de veículo";"Com Vítimas Feridas";"Anoitecer";"Crescente";"Céu Claro";"Simples";"Rotatória";"Não";1;0;1;0;0;0;1;1;"-7.521335";"-46.04969";"SR-MA";"DEL18/5";"UOP01/MA"
184089;2019-01-08;"terça-feira";"19:45:00";"SP";381;62;"MAIRIPORA";"Velocidade Incompatível";"Colisão com objeto estático";"Sem Vítimas";"Plena Noite";"Crescente";"Chuva";"Dupla";"Curva";"Não";1;0;0;0;1;0;0;1;"-23.28952428";"-46.58743858";"SR-SP";"DEL6/3";"UOP02/SP"
184090;2019-01-08;"terça-feira";"21:00:00";"MG";381;853;"POUSO ALEGRE";"Desobediência às normas de trânsito pelo condutor";"Colisão traseira";"Com Vítimas Feridas";"Plena Noite";"Crescente";"Céu Claro";"Dupla";"Reta";"Não";2;0;1;0;1;0;1;2;"-22.2713";"-45.8926";"SR-MG";"DEL09";"UOP01/MG"
184091;2019-01-08;"terça-feira";"21:03:00";"SC";101;193;"BIGUACU";"Falta de Atenção à Condução";"Queda de ocupante de veículo";"Com Vítimas Feridas";"Plena Noite";"Crescente";"Nublado";"Múltipla";"Viaduto";"Sim";2;0;2;0;0;0;2;1;"-27.4982";"-48.6565";"SR-SC";"DEL8/1";"UOP01/SC"
184092;2019-01-08;"terça-feira";"21:40:00";"PR";476;128,3;"CURITIBA";"Pista Escorregadia";"Saída de leito carroçável";"Sem Vítimas";"Plena Noite";"Crescente";"Chuva";"Múltipla";"Não Informado";"Sim";1;0;0;0;1;0;0;1;"-25.433048";"-49.23156";"SR-PR";"DEL7/1";"UOP06/PR"
184093;2019-01-08;"terça-feira";"17:00:00";"MA";316;436;"PERITORO";"Defeito na Via";"Capotamento";"Com Vítimas Feridas";"Pleno dia";"Decrescente";"Chuva";"Simples";"Curva";"Não";2;0;2;0;0;0;2;1;"-4.413616";"-44.2411";"SR-MA";"DEL18/3";"UOP01/MA"
184094;2019-01-08;"terça-feira";"22:10:00";"SC";470;84,2;"RODEIO";"Velocidade Incompatível";"Saída de leito carroçável";"Com Vítimas Fatais";"Plena Noite";"Crescente";"Chuva";"Simples";"Curva";"Não";1;1;0;0;0;0;0;1;"-26.96137";"-49.342415";"SR-SC";"DEL8/4";"UOP01/SC"
184095;2019-01-08;"terça-feira";"21:15:00";"GO";20;185,2;"SIMOLANDIA";"Falta de Atenção à Condução";"Saída de leito carroçável";"Com Vítimas Feridas";"Plena Noite";"Crescente";"Céu Claro";"Dupla";"Curva";"Não";4;0;2;0;2;0;2;1;"-14.443042";"-46.462242";"SR-DF";"GO";"UOP05/DF"
184096;2019-01-08;"terça-feira";"22:12:00";"PR";476;116;"COLOMBO";"Falta de Atenção à Condução";"Colisão com objeto estático";"Com Vítimas Feridas";"Plena Noite";"Crescente";"Chuva";"Dupla";"Reta";"Sim";2;0;1;0;1;0;1;2;"-25.34996";"-49.16642";"SR-PR";"DEL7/1";"UOP01/PR"
184097;2019-01-08;"terça-feira";"20:20:00";"CE";116;316,2;"JAGUARIBE";"Ultrapassagem Indevida";"Colisão lateral";"Com Vítimas Feridas";"Plena Noite";"Decrescente";"Nublado";"Simples";"Reta";"Não";2;0;1;0;0;1;1;2;"-5.981939";"-38.628216";"SR-CE";"DEL16/5";"UOP02/CE"
184099;2019-01-08;"terça-feira";"22:00:00";"RS";392;686,5;"ROQUE GONZALES";"Defeito Mecânico no Veículo";"Saída de leito carroçável";"Com Vítimas Feridas";"Plena Noite";"Decrescente";"Céu Claro";"Simples";"Reta";"Não";2;0;2;0;0;0;2;1;"-28.10655055";"-55.02306506";"SR-RS";"DEL9/10";"UOP01/RS"
184100;2019-01-08;"terça-feira";"21:25:00";"RS";NA;NA;"SAO BORJA";"Pista Escorregadia";"Colisão traseira";"Sem Vítimas";"Plena Noite";"Não Informado";"Céu Claro";"Simples";"Interseção de vias";"Sim";3;0;0;0;2;1;0;2;"-28.66158775";"-55.99882414";"SR-RS";"DEL9/12";"UOP01/RS"
184101;2019-01-08;"terça-feira";"22:40:00";"DF";20;19,4;"BRASILIA";"Falta de Atenção do Pedestre";"Atropelamento de Pedestre";"Com Vítimas Feridas";"Plena Noite";"Crescente";"Céu Claro";"Dupla";"Não Informado";"Não";2;0;1;0;1;0;1;1;"-15.612175";"-47.700928";"SR-DF";"DF";"UOP04/DF"
184102;2019-01-08;"terça-feira";"23:00:00";"ES";259;62;"COLATINA";"Falta de Atenção à Condução";"Queda de ocupante de veículo";"Com Vítimas Feridas";"Plena Noite";"Crescente";"Céu Claro";"Simples";"Curva";"Sim";1;0;1;0;0;0;1;1;"-19.531239";"-40.689915";"SR-ES";"DEL12/2";"UOP01/ES"
184103;2019-01-08;"terça-feira";"21:30:00";"PR";116;149;"MANDIRITUBA";"Velocidade Incompatível";"Colisão transversal";"Com Vítimas Feridas";"Plena Noite";"Decrescente";"Nublado";"Simples";"Desvio Temporário";"Não";4;0;2;1;1;0;3;3;"-25.781727";"-49.325352";"SR-PR";"DEL7/1";"UOP03/PR"
184104;2019-01-08;"terça-feira";"23:00:00";"DF";20;33;"BRASILIA";"Falta de Atenção do Pedestre";"Atropelamento de Pedestre";"Com Vítimas Feridas";"Plena Noite";"Crescente";"Céu Claro";"Dupla";"Reta";"Sim";2;0;1;0;1;0;1;1;"-15.587365";"-47.577034";"SR-DF";"DF";"UOP04/DF"