"id";"data_inversa";"dia_semana";"horario";"uf";"br";"km";"municipio";"causa_acidente";"tipo_acidente";"classificacao_acidente";"fase_dia";"sentido_via";"condicao_metereologica";"tipo_pista";"tracado_via";"uso_solo";"pessoas";"mortos";"feridos_leves";"feridos_graves";"ilesos";"ignorados";"feridos";"veiculos";"latitude";"longitude";"regional";"delegacia";"uop"
184297;2019-01-10;"quinta-feira";"04:20:00";"RS";116;253;"SAPUCAIA DO SUL";"Desobediência às normas de trânsito pelo condutor";"Colisão frontal";"Com Vítimas Fatais";"Plena Noite";"Crescente";"Nublado";"Dupla";"Reta";"Sim";3;1;1;1;0;0;2;2;"-29.817963";"-51.169994";"SR-RS";"DEL9/1";"UOP02/RS"
184298;2019-01-10;"quinta-feira";"03:50:00";"RN";101;126,3;"SAO JOSE DE MIPIBU";"Animais na Pista";"Atropelamento de Animal";"Com Vítimas Feridas";"Plena Noite";"Decrescente";"Céu Claro";"Dupla";"Reta";"Não";1;0;1;0;0;0;1;1;"-6.086887";"-35.234379";"SR-RN";"DEL15/1";"UOP01/RN"
184299;2019-01-10;"quinta-feira";"04:15:00";"SE";235;46,7;"ITABAIANA";"Desobediência às normas de trânsito pelo pedestre";"Atropelamento de Pedestre";"Com Vítimas Fatais";"Amanhecer";"Crescente";"Céu Claro";"Simples";"Reta";"Não";2;1;0;0;0;1;0;1;"-10.739394";"-37.405602";"SR-SE";"DEL20/1";"UOP02/SE"
184300;2019-01-09;"quarta-feira";"21:40:00";"CE";116;110,1;"MORADA NOVA";"Falta de Atenção à Condução";"Colisão traseira";"Sem Vítimas";"Plena Noite";"Crescente";"Garoa/Chuvisco";"Simples";"Reta";"Não";2;0;0;0;2;0;0;2;"-4.590173";"-38.214588";"SR-CE";"DEL16/3";"UOP02/CE"
184301;2019-01-10;"quinta-feira";"06:40:00";"ES";101;125;"SOORETAMA";"Falta de Atenção à Condução";"Queda de ocupante de veículo";"Com Vítimas Feridas";"Pleno dia";"Crescente";"Céu Claro";"Dupla";"Reta";"Não";1;0;1;0;0;0;1;1;"-19.1868951";"-40.09500536";"SR-ES";"DEL12/4";"UOP01/ES"
184302;2019-01-10;"quinta-feira";"06:45:00";"ES";101;255,5;"SERRA";"Desobediência às normas de trânsito pelo condutor";"Colisão transversal";"Com Vítimas Feridas";"Pleno dia";"Decrescente";"Céu Claro";"Simples";"Reta";"Sim";4;0;0;1;2;1;1;2;"-20.11734143";"-40.31474059";"SR-ES";"DEL12/2";"UOP01/ES"
184303;2019-01-10;"quinta-feira";"06:20:00";"PE";232;63;"POMBOS";"Velocidade Incompatível";"Capotamento";"Com Vítimas Feridas";"Amanhecer";"Decrescente";"Céu Claro";"Dupla";"Reta";"Não";1;0;0;1;0;0;1;1;"-8.147123";"-35.398911";"SR-PE";"DEL11/1";"UOP04/PE"
184305;2019-01-10;"quinta-feira";"07:50:00";"ES";101;297;"CARIACICA";"Não guardar distância de segurança";"Colisão traseira";"Com Vítimas Feridas";"Pleno dia";"Crescente";"Céu Claro";"Dupla";"Reta";"Sim";2;0;1;0;1;0;1;2;"-20.34784597";"-40.41166306";"SR-ES";"DEL12/1";"UOP01/ES"
184306;2019-01-10;"quinta-feira";"08:20:00";"PR";376;279;"MARILANDIA DO SUL";"Ultrapassagem Indevida";"Colisão frontal";"Com Vítimas Fatais";"Pleno dia";"Crescente";"Chuva";"Simples";"Não Informado";"Não";5;2;0;2;0;1;2;2;"-23.80384345";"-51.26199245";"SR-PR";"DEL7/7";"UOP02/PR"
184307;2019-01-10;"quinta-feira";"07:43:00";"PR";369;147;"LONDRINA";"Não guardar distância de segurança";"Colisão traseira";"Com Vítimas Feridas";"Pleno dia";"Crescente";"Sol";"Dupla";"Reta";"Não";2;0;1;0;1;0;1;2;"-23.29306743";"-51.13721073";"SR-PR";"DEL7/7";"UOP01/PR"
184308;2019-01-10;"quinta-feira";"06:45:00";"MG";40;523;"RIBEIRAO DAS NEVES";"Não guardar distância de segurança";"Colisão traseira";"Com Vítimas Feridas";"Pleno dia";"Crescente";"Sol";"Dupla";"Reta";"Sim";3;0;0;1;1;1;1;2;"-19.879";"-44.051";"SR-MG";"DEL4/1";"UOP03/MG"
184309;2019-01-10;"quinta-feira";"08:30:00";"MG";40;447,4;"CAETANOPOLIS";"Condutor Dormindo";"Saída de leito carroçável";"Com Vítimas Fatais";"Pleno dia";"Decrescente";"Céu Claro";"Dupla";"Reta";"Não";3;1;1;1;0;0;2;1;"-19.3089";"-44.3729";"SR-MG";"DEL4/2";"UOP01/MG"
184310;2019-01-10;"quinta-feira";"08:30:00";"PR";373;173,2;"PONTA GROSSA";"Falta de Atenção à Condução";"Atropelamento de Pedestre";"Com Vítimas Feridas";"Pleno dia";"Crescente";"Sol";"Dupla";"Reta";"Sim";3;0;0;1;1;1;1;1;"-25.07956568";"-50.20357165";"SR-PR";"DEL7/3";"UOP01/PR"
184312;2019-01-10;"quinta-feira";"07:55:00";"PR";369;151,1;"LONDRINA";"Falta de Atenção à Condução";"Colisão lateral";"Com Vítimas Feridas";"Pleno dia";"Decrescente";"Céu Claro";"Dupla";"Reta";"Sim";2;0;1;0;1;0;1;2;"-23.2928551";"-51.1782217";"SR-PR";"DEL7/7";"UOP01/PR"
184313;2019-01-10;"quinta-feira";"07:45:00";"GO";50;179,8;"CAMPO ALEGRE DE GOIAS";"Defeito Mecânico no Veículo";"Colisão com objeto estático";"Com Vítimas Feridas";"Amanhecer";"Crescente";"Céu Claro";"Dupla";"Ponte";"Não";1;0;1;0;0;0;1;1;"-17.4057";"-47.7789";"SR-GO";"DEL1/6";"UOP01/GO"
184314;2019-01-10;"quinta-feira";"06:50:00";"RO";364;220;"PIMENTA BUENO";"Desobediência às normas de trânsito pelo condutor";"Colisão frontal";"Com Vítimas Feridas";"Pleno dia";"Crescente";"Nublado";"Simples";"Não Informado";"Não";5;0;2;3;0;0;5;2;"-11.534743";"-61.322225";"SR-RO";"DEL21/2";"UOP02/RO"
184315;2019-01-10;"quinta-feira";"05:40:00";"PE";232;361;"FLORES";"Condutor Dormindo";"Saída de leito carroçável";"Com Vítimas Feridas";"Amanhecer";"Crescente";"Céu Claro";"Simples";"Reta";"Não";3;0;3;0;0;0;3;1;"-8.04495223";"-37.87433624";"SR-PE";"DEL11/4";"UOP01/PE"
184316;2019-01-10;"quinta-feira";"06:50:00";"RO";364;5,1;"VILHENA";"Falta de Atenção à Condução";"Colisão transversal";"Com Vítimas Feridas";"Pleno dia";"Decrescente";"Sol";"Simples";"Reta";"Sim";3;0;1;0;2;0;1;2;"-12.786234";"-60.089916";"SR-RO";"DEL21/4";"UOP01/RO"
184317;2019-01-07;"segunda-feira";"20:00:00";"MG";153;0,8;"ARAPORA";"Não guardar distância de segurança";"Colisão traseira";"Sem Vítimas";"Plena Noite";"Decrescente";"Céu Claro";"Dupla";"Reta";"Sim";2;0;0;0;2;0;0;2;"-18.42509978";"-49.19371963";"SR-MG";"DEL4/15";"UOP03/MG"
184318;2019-01-07;"segunda-feira";"17:20:00";"BA";116;797,7;"VITORIA DA CONQUISTA";"Condutor Dormindo";"Colisão lateral";"Com Vítimas Feridas";"Pleno dia";"Crescente";"Nublado";"Simples";"Reta";"Não";3;0;1;0;2;0;1;3;"-14.73604";"-40.65091";"SR-BA";"DEL10/8";"UOP02/BA"
184320;2019-01-10;"quinta-feira";"05:50:00";"MT";364;606;"DIAMANTINO";"Não guardar distância de segurança";"Colisão frontal";"Com Vítimas Fatais";"Amanhecer";"Decrescente";"Nublado";"Simples";"Reta";"Não";4;1;0;0;3;0;0;2;"-14.46637";"-56.248875";"SR-MT";"DEL2/4";"UOP01/MT"
184322;2019-01-10;"quinta-feira";"08:00:00";"PE";428;186,9;"PETROLINA";"Desobediência às normas de trânsito pelo condutor";"Colisão transversal";"Com Vítimas Feridas";"Pleno dia";"Decrescente";"Céu Claro";"Simples";"Reta";"Sim";2;0;1;0;1;0;1;2;"-9.36872";"-40.48502";"SR-PE";"DEL11/6";"UOP01/PE"
184323;2019-01-10;"quinta-feira";"09:00:00";"MG";381;754,4;"TRES CORACOES";"Condutor Dormindo";"Saída de leito carroçável";"Com Vítimas Feridas";"Pleno dia";"Decrescente";"Céu Claro";"Dupla";"Reta";"Não";1;0;1;0;0;0;1;1;"-21.66767849";"-45.31969786";"SR-MG";"DEL09";"UOP02/MG"
184324;2019-01-10;"quinta-feira";"09:15:00";"RJ";101;269;"RIO BONITO";"Falta de Atenção à Condução";"Colisão traseira";"Com Vítimas Feridas";"Pleno dia";"Decrescente";"Céu Claro";"Dupla";"Reta";"Não";2;0;1;0;1;0;1;2;"-22.714979";"-42.678112";"SR-RJ";"DEL5/2";"UOP03/RJ"
184326;2019-01-10;"quinta-feira";"08:25:00";"CE";20;358,9;"MARANGUAPE";"Desobediência às normas de trânsito pelo condutor";"Colisão lateral";"Com Vítimas Feridas";"Pleno dia";"Crescente";"Céu Claro";"Dupla";"Reta";"Não";5;0;1;0;4;0;1;2;"-4.03937";"-38.998554";"SR-CE";"DEL16/2";"UOP01/CE"
184330;2019-01-10;"quinta-feira";"09:15:00";"SC";101;423,6;"ARARANGUA";"Desobediência às normas de trânsito pelo condutor";"Colisão transversal";"Com Vítimas Feridas";"Pleno dia";"Crescente";"Sol";"Simples";"Interseção de vias";"Não";2;0;1;0;1;0;1;2;"-29.0193";"-49.5882";"SR-SC";"DEL8/2";"UOP02/SC"
184331;2019-01-10;"quinta-feira";"10:30:00";"PR";469;19,1;"FOZ DO IGUACU";"Falta de Atenção à Condução";"Tombamento";"Com Vítimas Feridas";"Pleno dia";"Crescente";"Sol";"Simples";"Desvio Temporário";"Não";1;0;0;1;0;0;1;1;"-25.6015";"-54.5021";"SR-PR";"DEL7/5";"UOP04/PR"
184333;2019-01-10;"quinta-feira";"09:00:00";"BA";324;418;"FEIRA DE SANTANA";"Falta de Atenção à Condução";"Colisão transversal";"Com Vítimas Feridas";"Pleno dia";"Crescente";"Céu Claro";"Simples";"Reta";"Sim";3;0;1;1;1;0;2;2;"-12.26956031";"-38.93417358";"SR-BA";"DEL10/4";"UOP02/BA"
184334;2019-01-10;"quinta-feira";"07:55:00";"RJ";40;122;"DUQUE DE CAXIAS";"Falta de Atenção à Condução";"Colisão transversal";"Com Vítimas Feridas";"Pleno dia";"Crescente";"Céu Claro";"Múltipla";"Reta";"Sim";2;0;1;0;1;0;1;2;"-22.7968";"-43.2889";"SR-RJ";"DEL5/1";"UOP01/RJ"
184335;2019-01-10;"quinta-feira";"08:40:00";"CE";116;406,4;"BAIXIO";"Desobediência às normas de trânsito pelo condutor";"Colisão lateral";"Com Vítimas Feridas";"Pleno dia";"Crescente";"Céu Claro";"Simples";"Reta";"Não";3;0;0;1;1;1;1;2;"-6.645682";"-38.823742";"SR-CE";"DEL16/5";"UOP01/CE"
184336;2019-01-10;"quinta-feira";"09:45:00";"PB";230;40;"SANTA RITA";"Velocidade Incompatível";"Colisão com objeto estático";"Com Vítimas Fatais";"Pleno dia";"Decrescente";"Céu Claro";"Dupla";"Não Informado";"Sim";1;1;0;0;0;0;0;1;"-7.142062";"-34.994165";"SR-PB";"DEL14/1";"UOP01/PB"
184337;2019-01-10;"quinta-feira";"11:20:00";"RJ";116;122;"MAGE";"Defeito Mecânico no Veículo";"Incêndio";"Sem Vítimas";"Pleno dia";"Crescente";"Céu Claro";"Dupla";"Reta";"Não";2;0;0;0;2;0;0;1;"-22.65457152";"-43.08580399";"SR-RJ";"DEL5/4";"UOP02/RJ"
184338;2019-01-10;"quinta-feira";"06:50:00";"BA";242;358,8;"PALMEIRAS";"Falta de Atenção à Condução";"Colisão lateral";"Com Vítimas Feridas";"Pleno dia";"Decrescente";"Céu Claro";"Simples";"Curva";"Não";3;0;1;0;2;0;1;3;"-12.4469696";"-41.57741547";"SR-BA";"DEL10/6";"UOP01/BA"
184339;2019-01-10;"quinta-feira";"09:30:00";"RS";392;209;"SANTANA DA BOA VISTA";"Pista Escorregadia";"Colisão transversal";"Com Vítimas Feridas";"Pleno dia";"Decrescente";"Garoa/Chuvisco";"Simples";"Curva";"Não";2;0;1;0;1;0;1;2;"-30.817316";"-53.182964";"SR-RS";"DEL9/9";"UOP02/RS"
184340;2019-01-10;"quinta-feira";"10:05:00";"PI";343;14;"PARNAIBA";"Falta de Atenção à Condução";"Colisão lateral";"Com Vítimas Feridas";"Pleno dia";"Crescente";"Nublado";"Dupla";"Reta";"Sim";4;0;2;0;2;0;2;4;"-2.927902";"-41.753502";"SR-PI";"DEL17/5";"UOP01/PI"
184341;2019-01-10;"quinta-feira";"10:30:00";"PR";376;508,3;"PONTA GROSSA";"Velocidade Incompatível";"Colisão traseira";"Com Vítimas Feridas";"Pleno dia";"Crescente";"Céu Claro";"Dupla";"Reta";"Não";3;0;1;0;2;0;1;2;"-25.206619";"-50.066486";"SR-PR";"DEL7/3";"UOP03/PR"
184342;2019-01-10;"quinta-feira";"09:00:00";"TO";153;743,6;"ALVORADA";"Pista Escorregadia";"Saída de leito carroçável";"Com Vítimas Feridas";"Pleno dia";"Decrescente";"Chuva";"Simples";"Curva";"Não";2;0;2;0;0;0;2;1;"-12.341898";"-49.151215";"SR-TO";"UOP01/TO";""
184343;2019-01-10;"quinta-feira";"11:45:00";"MG";364;33,3;"FRUTAL";"Falta de Atenção à Condução";"Queda de ocupante de veículo";"Com Vítimas Feridas";"Pleno dia";"Crescente";"Céu Claro";"Simples";"Desvio Temporário";"Não";1;0;1;0;0;0;1;1;"-20.025185";"-48.94096";"SR-MG";"DEL13";"UOP02/MG"
184345;2019-01-10;"quinta-feira";"11:10:00";"TO";153;789,8;"TALISMA";"Pista Escorregadia";"Saída de leito carroçável";"Sem Vítimas";"Pleno dia";"Crescente";"Chuva";"Simples";"Reta";"Não";4;0;0;0;4;0;0;1;"-12.719222";"-49.076927";"SR-TO";"UOP01/TO";""
184347;2019-01-10;"quinta-feira";"11:50:00";"PR";376;2;"MANDAGUARI";"Não guardar distância de segurança";"Colisão traseira";"Com Vítimas Feridas";"Pleno dia";"Decrescente";"Sol";"Simples";"Reta";"Sim";2;0;1;0;1;0;1;2;"-23.515062";"-51.695749";"SR-PR";"DEL7/7";"UOP04/PR"
184348;2019-01-10;"quinta-feira";"11:30:00";"PA";230;97;"SAO JOAO DO ARAGUAIA";"Falta de Atenção à Condução";"Colisão traseira";"Com Vítimas Feridas";"Pleno dia";"Crescente";"Garoa/Chuvisco";"Simples";"Reta";"Não";3;0;2;0;1;0;2;2;"-5.426243";"-48.931004";"SR-PA";"DEL19/3";"UOP01/PA"
184349;2019-01-10;"quinta-feira";"12:20:00";"GO";20;54;"FORMOSA";"Não guardar distância de segurança";"Colisão traseira";"Com Vítimas Feridas";"Pleno dia";"Decrescente";"Chuva";"Simples";"Não Informado";"Não";3;0;2;0;1;0;2;1;"-15.298045";"-47.148319";"SR-DF";"GO";"UOP04/DF"
184350;2019-01-10;"quinta-feira";"12:35:00";"RJ";116;224,4;"PIRAI";"Defeito Mecânico no Veículo";"Tombamento";"Sem Vítimas";"Pleno dia";"Decrescente";"Céu Claro";"Simples";"Reta";"Não";1;0;0;0;1;0;0;1;"-22.679905";"-43.814217";"SR-RJ";"DEL5/7";"UOP01/RJ"
184351;2019-01-10;"quinta-feira";"12:30:00";"MG";40;532,9;"BELO HORIZONTE";"Falta de Atenção à Condução";"Colisão traseira";"Com Vítimas Feridas";"Pleno dia";"Crescente";"Céu Claro";"Dupla";"Reta";"Sim";5;0;2;0;3;0;2;3;"-19.92596933";"-44.00929928";"SR-MG";"DEL4/1";"UOP03/MG"
184352;2019-01-10;"quinta-feira";"12:40:00";"MG";40;515;"RIBEIRAO DAS NEVES";"Falta de Atenção à Condução";"Colisão frontal";"Com Vítimas Feridas";"Pleno dia";"Crescente";"Sol";"Dupla";"Reta";"Sim";2;0;0;1;1;0;1;2;"-19.819";"-44.0869";"SR-MG";"DEL4/1";"UOP03/MG"
184353;2019-01-10;"quinta-feira";"12:48:00";"RJ";40;124;"DUQUE DE CAXIAS";"Não guardar distância de segurança";"Colisão traseira";"Com Vítimas Feridas";"Pleno dia";"Decrescente";"Sol";"Múltipla";"Reta";"Sim";2;0;1;0;1;0;1;2;"-22.8147";"-43.2881";"SR-RJ";"DEL5/1";"UOP01/RJ"
184354;2019-01-10;"quinta-feira";"12:40:00";"SP";153;178;"LINS";"Pista Escorregadia";"Tombamento";"Com Vítimas Feridas";"Pleno dia";"Decrescente";"Sol";"Simples";"Interseção de vias";"Não";1;0;1;0;0;0;1;1;"-21.664663";"-49.789581";"SR-SP";"DEL6/07";"UOP01/SP"
184355;2019-01-10;"quinta-feira";"12:00:00";"MG";116;675;"MIRADOURO";"Falta de Atenção à Condução";"Capotamento";"Com Vítimas Feridas";"Pleno dia";"Decrescente";"Céu Claro";"Simples";"Curva";"Sim";2;0;2;0;0;0;2;1;"-20.889471";"-42.339582";"SR-MG";"DEL4/7";"UOP03/MG"
184356;2019-01-10;"quinta-feira";"11:20:00";"RR";401;1;"BOA VISTA";"Falta de Atenção à Condução";"Colisão transversal";"Com Vítimas Feridas";"Pleno dia";"Crescente";"Céu Claro";"Múltipla";"Reta";"Sim";5;0;3;0;2;0;3;3;"2.802294";"-60.682434";"SR-RR";"UOP01/RR";""
184358;2019-01-07;"segunda-feira";"15:20:00";"RS";116;149,9;"CAXIAS DO SUL";"Não guardar distância de segurança";"Colisão traseira";"Sem Vítimas";"Pleno dia";"Decrescente";"Garoa/Chuvisco";"Dupla";"Reta";"Sim";2;0;0;0;2;0;0;2;"-29.159958";"-51.156448";"SR-RS";"DEL9/5";"UOP01/RS"
184360;2019-01-10;"quinta-feira";"13:30:00";"RS";290;507;"ROSARIO DO SUL";"Defeito Mecânico no Veículo";"Incêndio";"Sem Vítimas";"Pleno dia";"Decrescente";"Céu Claro";"Simples";"Reta";"Não";2;0;0;0;2;0;0;1;"-30.156145";"-55.167656";"SR-RS";"DEL9/11";"UOP02/RS"
184361;2019-01-10;"quinta-feira";"11:50:00";"PR";476;348,5;"PAULA FREITAS";"Falta de Atenção à Condução";"Colisão frontal";"Com Vítimas Feridas";"Pleno dia";"Decrescente";"Nublado";"Simples";"Curva";"Não";4;0;2;0;2;0;2;2;"-26.181463";"-50.960186";"SR-PR";"DEL7/2";"UOP02/PR"
184364;2019-01-10;"quinta-feira";"14:30:00";"MG";40;517,1;"RIBEIRAO DAS NEVES";"Falta de Atenção à Condução";"Colisão lateral";"Com Vítimas Feridas";"Pleno dia";"Decrescente";"Céu Claro";"Dupla";"Reta";"Sim";2;0;0;1;1;0;1;2;"-19.82743903";"-44.08371633";"SR-MG";"DEL4/1";"UOP03/MG"
184365;2019-01-10;"quinta-feira";"13:30:00";"MG";381;523;"BRUMADINHO";"Não guardar distância de segurança";"Colisão traseira";"Sem Vítimas";"Pleno dia";"Decrescente";"Sol";"Dupla";"Não Informado";"Não";2;0;0;0;2;0;0;2;"-20.1375";"-44.3159";"SR-MG";"DEL4/4";"UOP03/MG"
184366;2019-01-10;"quinta-feira";"11:00:00";"MG";262;579;"CORREGO DANTA";"Desobediência às normas de trânsito pelo condutor";"Colisão transversal";"Com Vítimas Feridas";"Pleno dia";"Decrescente";"Sol";"Simples";"Reta";"Não";2;0;1;0;1;0;1;2;"-19.657564";"-46.068436";"SR-MG";"DEL4/8";"UOP02/MG"
184367;2019-01-10;"quinta-feira";"10:45:00";"MG";381;451,3;"SANTA LUZIA";"Falta de Atenção à Condução";"Colisão transversal";"Com Vítimas Feridas";"Pleno dia";"Decrescente";"Céu Claro";"Simples";"Reta";"Sim";2;0;1;0;1;0;1;2;"-19.8236638";"-43.83035302";"SR-MG";"DEL4/1";"UOP01/MG"
184368;2019-01-10;"quinta-feira";"14:30:00";"PR";376;341,2;"ORTIGUEIRA";"Velocidade Incompatível";"Tombamento";"Com Vítimas Fatais";"Pleno dia";"Decrescente";"Nublado";"Simples";"Curva";"Não";6;1;2;0;2;1;2;3;"-24.14352467";"-50.98654032";"SR-PR";"DEL7/7";"UOP02/PR"
184369;2019-01-10;"quinta-feira";"14:30:00";"MG";381;505;"BETIM";"Desobediência às normas de trânsito pelo condutor";"Colisão com objeto estático";"Sem Vítimas";"Pleno dia";"Crescente";"Céu Claro";"Dupla";"Reta";"Não";3;0;0;0;3;0;0;2;"-20.0384";"-44.2529";"SR-MG";"DEL4/1";"UOP03/MG"
184371;2019-01-10;"quinta-feira";"15:10:00";"DF";20;18;"BRASILIA";"Não guardar distância de segurança";"Saída de leito carroçável";"Sem Vítimas";"Pleno dia";"Crescente";"Céu Claro";"Dupla";"Reta";"Não";1;0;0;0;1;0;0;1;"-15.616901";"-47.708927";"SR-DF";"DF";"UOP04/DF"
184372;2019-01-10;"quinta-feira";"15:00:00";"RJ";493;4;"ITABORAI";"Falta de Atenção à Condução";"Colisão lateral";"Com Vítimas Feridas";"Pleno dia";"Crescente";"Céu Claro";"Simples";"Não Informado";"Não";3;0;2;0;1;0;2;2;"-22.748209";"-42.95015";"SR-RJ";"DEL5/4";"UOP02/RJ"
184373;2019-01-10;"quinta-feira";"15:00:00";"MG";381;762,3;"CAMPANHA";"Falta de Atenção à Condução";"Colisão com objeto estático";"Com Vítimas Feridas";"Pleno dia";"Crescente";"Sol";"Dupla";"Curva";"Não";4;0;1;0;3;0;1;1;"-21.70967913";"-45.37551463";"SR-MG";"DEL09";"UOP02/MG"
184374;2019-01-10;"quinta-feira";"10:20:00";"MG";50;130,5;"UBERABA";"Condutor Dormindo";"Saída de leito carroçável";"Com Vítimas Feridas";"Pleno dia";"Decrescente";"Céu Claro";"Dupla";"Reta";"Não";4;0;2;0;2;0;2;1;"-19.4001";"-48.0775";"SR-MG";"DEL13";"UOP01/MG"
184375;2019-01-10;"quinta-feira";"14:45:00";"RS";285;121,9;"VACARIA";"Condutor Dormindo";"Colisão traseira";"Com Vítimas Feridas";"Pleno dia";"Decrescente";"Nublado";"Simples";"Reta";"Sim";6;0;1;0;5;0;1;3;"-28.510252";"-50.935688";"SR-RS";"DEL9/5";"UOP03/RS"
184376;2019-01-10;"quinta-feira";"15:45:00";"SP";116;311;"SAO LOURENCO DA SERRA";"Não guardar distância de segurança";"Colisão traseira";"Com Vítimas Feridas";"Pleno dia";"Crescente";"Sol";"Dupla";"Reta";"Não";4;0;2;0;2;0;2;3;"-23.87277018";"-46.9639349";"SR-SP";"DEL6/4";"UOP01/SP"
184377;2019-01-10;"quinta-feira";"07:40:00";"SC";470;71,8;"INDAIAL";"Falta de Atenção à Condução";"Colisão transversal";"Com Vítimas Feridas";"Pleno dia";"Crescente";"Céu Claro";"Simples";"Reta";"Não";2;0;1;0;1;0;1;2;"-26.895243";"-49.262104";"SR-SC";"DEL8/4";"UOP01/SC"
184380;2019-01-10;"quinta-feira";"13:50:00";"PR";476;242,5;"LAPA";"Velocidade Incompatível";"Colisão transversal";"Com Vítimas Feridas";"Pleno dia";"Crescente";"Nublado";"Simples";"Curva";"Não";3;0;1;0;2;0;1;2;"-25.85991868";"-50.09040356";"SR-PR";"DEL7/2";"UOP03/PR"
184381;2019-01-10;"quinta-feira";"16:05:00";"SC";470;46,4;"BLUMENAU";"Agressão Externa";"Danos eventuais";"Com Vítimas Feridas";"Pleno dia";"Decrescente";"Chuva";"Simples";"Reta";"Não";1;0;1;0;0;0;1;1;"-26.860388";"-49.037617";"SR-SC";"DEL8/4";"UOP01/SC"
184383;2019-01-10;"quinta-feira";"09:50:00";"SC";101;309,6;"LAGUNA";"Não guardar distância de segurança";"Colisão traseira";"Com Vítimas Feridas";"Pleno dia";"Crescente";"Céu Claro";"Dupla";"Reta";"Não";5;0;1;0;4;0;1;2;"-28.4168";"-48.7952";"SR-SC";"DEL8/2";"UOP03/SC"
184384;2019-01-10;"quinta-feira";"16:20:00";"PR";272;405,5;"JANIOPOLIS";"Velocidade Incompatível";"Colisão traseira";"Com Vítimas Feridas";"Pleno dia";"Crescente";"Nublado";"Simples";"Não Informado";"Não";2;0;1;0;1;0;1;2;"-24.130026";"-52.770565";"SR-PR";"DEL7/4";"UOP05/PR"
184385;2019-01-10;"quinta-feira";"13:20:00";"PA";230;596,7;"VITORIA DO XINGU";"Falta de Atenção à Condução";"Tombamento";"Com Vítimas Feridas";"Pleno dia";"Decrescente";"Céu Claro";"Simples";"Curva";"Não";2;0;1;0;1;0;1;1;"-3.08954998";"-51.89788133";"SR-PA";"DEL19/4";"UOP01/PA"
184386;2019-01-10;"quinta-feira";"15:55:00";"SP";116;447,3;"REGISTRO";"Agressão Externa";"Saída de leito carroçável";"Sem Vítimas";"Pleno dia";"Decrescente";"Céu Claro";"Dupla";"Reta";"Sim";2;0;0;0;1;1;0;1;"-24.53025821";"-47.85575867";"SR-SP";"DEL6/5";"UOP01/SP"
184387;2019-01-10;"quinta-feira";"08:30:00";"SC";116;6;"MAFRA";"Desobediência às normas de trânsito pelo condutor";"Colisão transversal";"Com Vítimas Feridas";"Pleno dia";"Crescente";"Céu Claro";"Simples";"Não Informado";"Sim";2;0;1;0;1;0;1;2;"-26.14646";"-49.823074";"SR-SC";"DEL8/6";"UOP01/SC"
184389;2019-01-10;"quinta-feira";"17:07:00";"MG";381;498,5;"BETIM";"Falta de Atenção à Condução";"Colisão traseira";"Com Vítimas Fatais";"Pleno dia";"Crescente";"Sol";"Dupla";"Curva";"Sim";2;1;1;0;0;0;1;2;"-19.9954";"-44.208";"SR-MG";"DEL4/1";"UOP03/MG"
184390;2019-01-10;"quinta-feira";"13:30:00";"PR";153;174;"VENTANIA";"Avarias e/ou desgaste excessivo no pneu";"Saída de leito carroçável";"Com Vítimas Feridas";"Pleno dia";"Decrescente";"Sol";"Simples";"Reta";"Não";4;0;4;0;0;0;4;1;"-24.239725";"-50.235832";"SR-PR";"DEL7/3";"UOP05/PR"
184391;2019-01-10;"quinta-feira";"16:15:00";"MS";163;463,1;"CAMPO GRANDE";"Falta de Atenção à Condução";"Colisão traseira";"Com Vítimas Feridas";"Pleno dia";"Crescente";"Sol";"Simples";"Reta";"Não";9;0;4;0;5;0;4;2;"-20.61093419";"-54.57698822";"SR-MS";"DEL3/1";"UOP01/MS"
184392;2019-01-10;"quinta-feira";"17:00:00";"RS";116;240;"NOVO HAMBURGO";"Não guardar distância de segurança";"Colisão lateral";"Com Vítimas Feridas";"Pleno dia";"Decrescente";"Céu Claro";"Simples";"Reta";"Sim";2;0;1;0;1;0;1;2;"-29.705002";"-51.14677";"SR-RS";"DEL9/1";"UOP02/RS"
184393;2019-01-10;"quinta-feira";"16:00:00";"PE";101;44,9;"IGARASSU";"Falta de Atenção à Condução";"Colisão traseira";"Com Vítimas Feridas";"Pleno dia";"Decrescente";"Sol";"Múltipla";"Reta";"Sim";2;0;1;0;1;0;1;2;"-7.864";"-34.9073";"SR-PE";"DEL11/1";"UOP02/PE"
184394;2019-01-10;"quinta-feira";"15:15:00";"BA";367;26,3;"PORTO SEGURO";"Falta de Atenção à Condução";"Colisão transversal";"Com Vítimas Feridas";"Pleno dia";"Crescente";"Céu Claro";"Simples";"Reta";"Sim";4;0;0;1;2;1;1;2;"-16.4307";"-39.095634";"SR-BA";"DEL10/9";"UOP01/BA"
184395;2019-01-10;"quinta-feira";"17:45:00";"RJ";116;285,8;"BARRA MANSA";"Falta de Atenção à Condução";"Colisão lateral";"Com Vítimas Fatais";"Pleno dia";"Crescente";"Sol";"Dupla";"Reta";"Não";4;1;2;0;1;0;2;2;"-22.47671322";"-44.26940918";"SR-RJ";"DEL5/7";"UOP02/RJ"