"id";"data_inversa";"dia_semana";"horario";"uf";"br";"km";"municipio";"causa_acidente";"tipo_acidente";"classificacao_acidente";"fase_dia";"sentido_via";"condicao_metereologica";"tipo_pista";"tracado_via";"uso_solo";"pessoas";"mortos";"feridos_leves";"feridos_graves";"ilesos";"ignorados";"feridos";"veiculos";"latitude";"longitude";"regional";"delegacia";"uop"
184396;2019-01-10;"quinta-feira";"17:50:00";"PR";376;177;"MARINGA";"Falta de Atenção à Condução";"Colisão lateral";"Com Vítimas Feridas";"Pleno dia";"Crescente";"Nublado";"Dupla";"Reta";"Sim";2;0;1;0;1;0;1;2;"-23.412691";"-51.931583";"SR-PR";"DEL7/7";"UOP04/PR"
184397;2019-01-10;"quinta-feira";"17:40:00";"RS";116;165,1;"CAXIAS DO SUL";"Falta de Atenção à Condução";"Colisão com objeto estático";"Com Vítimas Feridas";"Pleno dia";"Decrescente";"Céu Claro";"Simples";"Curva";"Não";1;0;1;0;0;0;1;1;"-29.259678";"-51.157455";"SR-RS";"DEL9/5";"UOP02/RS"
184398;2019-01-10;"quinta-feira";"15:50:00";"RO";364;429;"JARU";"Falta de Atenção à Condução";"Saída de leito carroçável";"Sem Vítimas";"Pleno dia";"Decrescente";"Nublado";"Simples";"Reta";"Não";1;0;0;0;1;0;0;1;"-10.416249";"-62.502705";"SR-RO";"DEL21/3";"UOP02/RO"
184400;2019-01-03;"quinta-feira";"03:00:00";"MG";40;253;"SAO GONCALO DO ABAETE";"Defeito Mecânico no Veículo";"Incêndio";"Sem Vítimas";"Plena Noite";"Decrescente";"Nublado";"Simples";"Reta";"Não";2;0;0;0;2;0;0;1;"-18.127632";"-45.418228";"SR-MG";"DEL4/14";"UOP03/MG"
184401;2019-01-10;"quinta-feira";"18:00:00";"MG";40;480,8;"SETE LAGOAS";"Avarias e/ou desgaste excessivo no pneu";"Saída de leito carroçável";"Com Vítimas Feridas";"Pleno dia";"Decrescente";"Céu Claro";"Dupla";"Reta";"Não";1;0;1;0;0;0;1;1;"-19.5541";"-44.2429";"SR-MG";"DEL4/2";"UOP01/MG"
184402;2019-01-10;"quinta-feira";"16:20:00";"CE";116;5;"FORTALEZA";"Ingestão de Álcool";"Colisão traseira";"Com Vítimas Feridas";"Pleno dia";"Decrescente";"Céu Claro";"Simples";"Viaduto";"Sim";3;0;3;0;0;0;3;2;"-3.8038";"-38.5032";"SR-CE";"DEL16/1";"UOP02/CE"
184403;2019-01-10;"quinta-feira";"16:40:00";"ES";262;29;"DOMINGOS MARTINS";"Defeito Mecânico no Veículo";"Colisão traseira";"Com Vítimas Feridas";"Pleno dia";"Decrescente";"Céu Claro";"Simples";"Curva";"Não";4;0;2;1;1;0;3;2;"-20.3813";"-40.56";"SR-ES";"DEL12/1";"UOP01/ES"
184404;2019-01-10;"quinta-feira";"17:45:00";"PR";277;130,1;"BALSA NOVA";"Falta de Atenção à Condução";"Saída de leito carroçável";"Com Vítimas Feridas";"Pleno dia";"Decrescente";"Garoa/Chuvisco";"Dupla";"Curva";"Não";3;0;2;0;1;0;2;1;"-25.47825587";"-49.64298159";"SR-PR";"DEL7/1";"UOP05/PR"
184405;2019-01-10;"quinta-feira";"16:45:00";"MA";316;260;"SANTA INES";"Desobediência às normas de trânsito pelo condutor";"Colisão transversal";"Com Vítimas Feridas";"Pleno dia";"Crescente";"Céu Claro";"Simples";"Reta";"Sim";2;0;0;1;1;0;1;2;"-3.669811";"-45.394978";"SR-MA";"DEL18/2";"UOP02/MA"
184406;2019-01-10;"quinta-feira";"15:40:00";"PR";153;352,9;"REBOUCAS";"Velocidade Incompatível";"Saída de leito carroçável";"Sem Vítimas";"Pleno dia";"Crescente";"Céu Claro";"Simples";"Curva";"Não";1;0;0;0;1;0;0;1;"-25.62635932";"-50.72216034";"SR-PR";"DEL7/3";"UOP04/PR"
184407;2019-01-10;"quinta-feira";"18:10:00";"PR";116;113,8;"CURITIBA";"Não guardar distância de segurança";"Colisão lateral";"Com Vítimas Fatais";"Pleno dia";"Crescente";"Nublado";"Dupla";"Reta";"Sim";2;1;0;0;1;0;0;2;"-25.544559";"-49.30146";"SR-PR";"DEL7/1";"UOP01/PR"
184408;2019-01-10;"quinta-feira";"17:59:00";"SP";153;41,9;"ONDA VERDE";"Falta de Atenção à Condução";"Colisão transversal";"Com Vítimas Feridas";"Pleno dia";"Crescente";"Céu Claro";"Simples";"Interseção de vias";"Não";2;0;1;0;1;0;1;2;"-20.628473";"-49.336235";"SR-SP";"DEL6/9";"UOP01/SP"
184409;2019-01-10;"quinta-feira";"18:00:00";"GO";20;154;"ALVORADA DO NORTE";"Ultrapassagem Indevida";"Colisão frontal";"Com Vítimas Feridas";"Anoitecer";"Crescente";"Chuva";"Simples";"Reta";"Não";7;0;1;2;4;0;3;2;"-14.661762";"-46.644321";"SR-DF";"GO";"UOP05/DF"
184410;2019-01-10;"quinta-feira";"18:30:00";"GO";60;60;"ABADIANIA";"Falta de Atenção à Condução";"Colisão transversal";"Com Vítimas Feridas";"Pleno dia";"Decrescente";"Nublado";"Dupla";"Retorno Regulamentado";"Sim";6;0;1;0;5;0;1;2;"-16.1905";"-48.7026";"SR-GO";"DEL1/2";"UOP01/GO"
184411;2019-01-10;"quinta-feira";"15:00:00";"SC";101;116,1;"ITAJAI";"Não guardar distância de segurança";"Tombamento";"Com Vítimas Feridas";"Pleno dia";"Crescente";"Sol";"Múltipla";"Reta";"Sim";2;0;1;1;0;0;2;1;"-26.8877";"-48.7222";"SR-SC";"DEL8/4";"UOP04/SC"
184413;2019-01-10;"quinta-feira";"18:50:00";"RS";386;442;"CANOAS";"Pista Escorregadia";"Tombamento";"Com Vítimas Feridas";"Anoitecer";"Decrescente";"Céu Claro";"Simples";"Interseção de vias";"Não";1;0;1;0;0;0;1;1;"-29.885923";"-51.223259";"SR-RS";"DEL9/1";"UOP01/RS"
184414;2019-01-10;"quinta-feira";"19:30:00";"SC";470;121,6;"IBIRAMA";"Desobediência às normas de trânsito pelo condutor";"Colisão transversal";"Com Vítimas Feridas";"Anoitecer";"Crescente";"Nublado";"Simples";"Reta";"Não";2;0;1;0;1;0;1;2;"-27.14699209";"-49.55211639";"SR-SC";"DEL8/4";"UOP02/SC"
184415;2019-01-06;"domingo";"08:30:00";"RJ";101;405;"ITAGUAI";"Falta de Atenção à Condução";"Tombamento";"Com Vítimas Feridas";"Pleno dia";"Decrescente";"Céu Claro";"Simples";"Reta";"Não";1;0;1;0;0;0;1;1;"-22.867615";"-43.802757";"SR-RJ";"DEL5/3";"UOP01/RJ"
184416;2019-01-10;"quinta-feira";"18:20:00";"SC";101;201;"SAO JOSE";"Ingestão de Álcool";"Colisão traseira";"Sem Vítimas";"Pleno dia";"Decrescente";"Nublado";"Dupla";"Não Informado";"Sim";2;0;0;0;2;0;0;2;"-27.5572";"-48.6188";"SR-SC";"DEL8/1";"UOP01/SC"
184417;2019-01-10;"quinta-feira";"18:00:00";"SC";101;200,5;"SAO JOSE";"Ingestão de Álcool";"Colisão traseira";"Sem Vítimas";"Pleno dia";"Crescente";"Nublado";"Dupla";"Reta";"Sim";2;0;0;0;2;0;0;2;"-27.5485";"-48.6196";"SR-SC";"DEL8/1";"UOP01/SC"
184418;2019-01-10;"quinta-feira";"19:15:00";"ES";262;34;"DOMINGOS MARTINS";"Animais na Pista";"Atropelamento de Animal";"Com Vítimas Feridas";"Plena Noite";"Crescente";"Nublado";"Simples";"Reta";"Não";1;0;1;0;0;0;1;1;"-20.3752";"-40.5893";"SR-ES";"DEL12/1";"UOP01/ES"
184419;2019-01-10;"quinta-feira";"18:25:00";"RN";304;42,5;"MOSSORO";"Falta de Atenção à Condução";"Colisão lateral";"Com Vítimas Feridas";"Plena Noite";"Crescente";"Céu Claro";"Dupla";"Reta";"Sim";2;0;0;1;0;1;1;2;"-5.212811";"-37.372177";"SR-RN";"DEL15/4";"UOP01/RN"
184420;2019-01-10;"quinta-feira";"20:05:00";"PR";277;57;"SAO JOSE DOS PINHAIS";"Falta de Atenção à Condução";"Colisão traseira";"Com Vítimas Feridas";"Anoitecer";"Crescente";"Céu Claro";"Dupla";"Reta";"Não";2;0;1;0;1;0;1;2;"-25.56691068";"-49.00404453";"SR-PR";"DEL7/1";"UOP06/PR"
184421;2019-01-10;"quinta-feira";"20:15:00";"MG";40;737,9;"SANTOS DUMONT";"Falta de Atenção à Condução";"Colisão transversal";"Com Vítimas Feridas";"Plena Noite";"Decrescente";"Céu Claro";"Simples";"Reta";"Sim";2;0;1;1;0;0;2;2;"-21.4078";"-43.5677";"SR-MG";"DEL5";"UOP01/MG"
184422;2019-01-10;"quinta-feira";"19:30:00";"MT";70;496;"CUIABA";"Falta de Atenção à Condução";"Saída de leito carroçável";"Com Vítimas Feridas";"Plena Noite";"Decrescente";"Céu Claro";"Simples";"Reta";"Não";2;0;2;0;0;0;2;1;"-15.699137";"-55.89222";"SR-MT";"DEL2/1";"UOP01/MT"
184423;2019-01-10;"quinta-feira";"18:14:00";"SC";101;220;"PALHOCA";"Fenômenos da Natureza";"Tombamento";"Com Vítimas Feridas";"Pleno dia";"Crescente";"Chuva";"Dupla";"Reta";"Sim";2;0;1;1;0;0;2;1;"-27.702";"-48.6594";"SR-SC";"DEL8/1";"UOP02/SC"
184424;2019-01-10;"quinta-feira";"19:50:00";"SP";153;69,3;"SAO JOSE DO RIO PRETO";"Objeto estático sobre o leito carroçável";"Colisão com objeto estático";"Com Vítimas Feridas";"Plena Noite";"Decrescente";"Céu Claro";"Simples";"Não Informado";"Sim";2;0;1;0;0;1;1;1;"-20.85251099";"-49.40161765";"SR-SP";"DEL6/9";"UOP01/SP"
184425;2019-01-10;"quinta-feira";"17:30:00";"BA";116;791;"PLANALTO";"Velocidade Incompatível";"Capotamento";"Com Vítimas Feridas";"Pleno dia";"Decrescente";"Céu Claro";"Simples";"Reta";"Não";2;0;1;0;1;0;1;1;"-14.71186116";"-40.59197187";"SR-BA";"DEL10/8";"UOP02/BA"
184426;2019-01-10;"quinta-feira";"21:30:00";"GO";80;96;"VILA PROPICIO";"Ingestão de Álcool";"Queda de ocupante de veículo";"Com Vítimas Fatais";"Plena Noite";"Crescente";"Céu Claro";"Simples";"Desvio Temporário";"Não";2;1;0;1;0;0;1;1;"-15.208875";"-48.697312";"SR-GO";"DEL1/7";"UOP02/GO"
184427;2019-01-10;"quinta-feira";"21:00:00";"MG";40;507,9;"RIBEIRAO DAS NEVES";"Velocidade Incompatível";"Saída de leito carroçável";"Com Vítimas Feridas";"Plena Noite";"Crescente";"Céu Claro";"Dupla";"Reta";"Não";1;0;1;0;0;0;1;1;"-19.75994";"-44.13567";"SR-MG";"DEL4/2";"UOP01/MG"
184428;2019-01-10;"quinta-feira";"22:00:00";"RJ";356;163;"SAO JOAO DA BARRA";"Velocidade Incompatível";"Saída de leito carroçável";"Com Vítimas Feridas";"Plena Noite";"Crescente";"Céu Claro";"Simples";"Reta";"Não";1;0;1;0;0;0;1;1;"-21.718328";"-41.109524";"SR-RJ";"DEL5/8";"UOP02/RJ"
184430;2019-01-10;"quinta-feira";"20:40:00";"MG";381;440;"SABARA";"Desobediência às normas de trânsito pelo condutor";"Colisão lateral";"Sem Vítimas";"Plena Noite";"Crescente";"Céu Claro";"Simples";"Reta";"Não";3;0;0;0;2;1;0;3;"-19.79535027";"-43.74756932";"SR-MG";"DEL4/1";"UOP01/MG"
184431;2019-01-10;"quinta-feira";"21:30:00";"RJ";356;83,3;"ITALVA";"Deficiência ou não Acionamento do Sistema de Iluminação/Sinalização do Veículo";"Colisão traseira";"Com Vítimas Fatais";"Plena Noite";"Decrescente";"Céu Claro";"Simples";"Reta";"Não";2;1;0;1;0;0;1;2;"-21.476561";"-41.665489";"SR-RJ";"DEL5/8";"UOP03/RJ"
184432;2019-01-10;"quinta-feira";"21:10:00";"MS";262;327,7;"CAMPO GRANDE";"Falta de Atenção do Pedestre";"Atropelamento de Pedestre";"Com Vítimas Fatais";"Plena Noite";"Decrescente";"Céu Claro";"Dupla";"Reta";"Sim";2;1;0;0;1;0;0;1;"-20.46069063";"-54.55111027";"SR-MS";"DEL3/1";"UOP01/MS"
184433;2019-01-10;"quinta-feira";"11:45:00";"PI";135;521;"GILBUES";"Defeito Mecânico no Veículo";"Saída de leito carroçável";"Sem Vítimas";"Pleno dia";"Decrescente";"Céu Claro";"Simples";"Reta";"Não";1;0;0;0;1;0;0;1;"-9.883653";"-45.343235";"SR-PI";"DEL17/3";"UOP02/PI"
184434;2019-01-10;"quinta-feira";"17:00:00";"AL";104;36;"UNIAO DOS PALMARES";"Animais na Pista";"Atropelamento de Animal";"Com Vítimas Feridas";"Pleno dia";"Crescente";"Sol";"Simples";"Interseção de vias";"Sim";1;0;1;0;0;0;1;1;"-9.16944736";"-36.0236194";"SR-AL";"DEL13/1";"UOP02/AL"
184437;2019-01-10;"quinta-feira";"21:05:00";"PA";163;1002,9;"SANTAREM";"Falta de Atenção do Pedestre";"Atropelamento de Pedestre";"Com Vítimas Feridas";"Plena Noite";"Crescente";"Chuva";"Simples";"Reta";"Sim";2;0;1;0;1;0;1;1;"-2.44645114";"-54.73058593";"SR-PA";"DEL19/5";"UOP01/PA"
184438;2019-01-10;"quinta-feira";"22:00:00";"GO";40;89,9;"CRISTALINA";"Desobediência às normas de trânsito pelo condutor";"Capotamento";"Com Vítimas Feridas";"Plena Noite";"Crescente";"Céu Claro";"Simples";"Reta";"Sim";4;0;3;0;1;0;3;1;"-16.720475";"-47.652061";"SR-DF";"GO";"UOP02/DF"
184439;2019-01-10;"quinta-feira";"22:10:00";"PR";476;151;"ARAUCARIA";"Velocidade Incompatível";"Capotamento";"Sem Vítimas";"Plena Noite";"Crescente";"Nublado";"Dupla";"Interseção de vias";"Não";1;0;0;0;1;0;0;1;"-25.558477";"-49.368313";"SR-PR";"DEL7/1";"UOP04/PR"
184441;2019-01-10;"quinta-feira";"20:40:00";"MG";116;498,8;"INHAPIM";"Animais na Pista";"Atropelamento de Animal";"Com Vítimas Feridas";"Plena Noite";"Crescente";"Nublado";"Simples";"Reta";"Não";1;0;1;0;0;0;1;1;"-19.538687";"-42.126357";"SR-MG";"DEL4/6";"UOP02/MG"
184442;2019-01-10;"quinta-feira";"21:00:00";"SC";101;156;"PORTO BELO";"Falta de Atenção à Condução";"Saída de leito carroçável";"Com Vítimas Feridas";"Plena Noite";"Crescente";"Céu Claro";"Simples";"Reta";"Não";2;0;1;0;1;0;1;1;"-27.1812";"-48.612";"SR-SC";"DEL8/4";"UOP03/SC"
184443;2019-01-10;"quinta-feira";"18:02:00";"MG";40;618,7;"CONGONHAS";"Falta de Atenção à Condução";"Colisão traseira";"Com Vítimas Feridas";"Anoitecer";"Decrescente";"Céu Claro";"Simples";"Curva";"Sim";2;0;1;0;1;0;1;2;"-20.5715";"-43.8116";"SR-MG";"DEL5";"UOP02/MG"
184444;2019-01-10;"quinta-feira";"21:45:00";"SE";101;196,6;"CRISTINAPOLIS";"Velocidade Incompatível";"Tombamento";"Com Vítimas Feridas";"Plena Noite";"Decrescente";"Céu Claro";"Simples";"Curva";"Não";1;0;1;0;0;0;1;1;"-11.44254004";"-37.73252618";"SR-SE";"DEL20/2";"UOP03/SE"
184445;2019-01-10;"quinta-feira";"23:30:00";"SC";101;163;"TIJUCAS";"Falta de Atenção à Condução";"Tombamento";"Com Vítimas Feridas";"Plena Noite";"Crescente";"Nublado";"Simples";"Curva";"Sim";1;0;0;1;0;0;1;1;"-27.2414";"-48.6306";"SR-SC";"DEL8/4";"UOP03/SC"
184446;2019-01-10;"quinta-feira";"09:20:00";"SC";101;133;"BALNEARIO CAMBORIU";"Não guardar distância de segurança";"Colisão traseira";"Com Vítimas Feridas";"Pleno dia";"Decrescente";"Nublado";"Dupla";"Não Informado";"Sim";2;0;0;1;1;0;1;2;"-27.0021";"-48.6362";"SR-SC";"DEL8/4";"UOP03/SC"
184447;2019-01-10;"quinta-feira";"22:00:00";"PR";163;169;"LINDOESTE";"Ingestão de Álcool";"Colisão lateral";"Sem Vítimas";"Plena Noite";"Decrescente";"Céu Claro";"Simples";"Retorno Regulamentado";"Sim";2;0;0;0;2;0;0;2;"-25.2664";"-53.5731";"SR-PR";"DEL7/4";"UOP06/PR"
184448;2019-01-10;"quinta-feira";"22:35:00";"SC";163;87;"GUARACIABA";"Mal Súbito";"Saída de leito carroçável";"Com Vítimas Feridas";"Plena Noite";"Crescente";"Chuva";"Simples";"Reta";"Não";2;0;1;0;1;0;1;1;"-26.590231";"-53.515743";"SR-SC";"DEL7";"UOP03/SC"
184449;2019-01-10;"quinta-feira";"22:00:00";"MG";153;97;"PRATA";"Ultrapassagem Indevida";"Colisão frontal";"Com Vítimas Fatais";"Pleno dia";"Crescente";"Céu Claro";"Simples";"Ponte";"Não";4;1;0;2;1;0;2;4;"-19.21244";"-48.937487";"SR-MG";"DEL4/15";"UOP03/MG"
184450;2019-01-10;"quinta-feira";"20:55:00";"MS";163;516,8;"JARAGUARI";"Animais na Pista";"Atropelamento de Animal";"Sem Vítimas";"Plena Noite";"Decrescente";"Nublado";"Dupla";"Reta";"Não";2;0;0;0;1;1;0;1;"-20.19955559";"-54.46443737";"SR-MS";"DEL3/1";"UOP02/MS"
184451;2019-01-10;"quinta-feira";"22:45:00";"AL";101;114;"PILAR";"Falta de Atenção à Condução";"Colisão lateral";"Com Vítimas Feridas";"Plena Noite";"Decrescente";"Chuva";"Simples";"Curva";"Não";4;0;0;3;0;1;3;2;"-9.628554";"-36.030724";"SR-AL";"DEL13/2";"UOP01/AL"
184452;2019-01-10;"quinta-feira";"23:45:00";"RS";116;334,6;"BARRA DO RIBEIRO";"Ingestão de Álcool";"Colisão frontal";"Com Vítimas Feridas";"Plena Noite";"Decrescente";"Nublado";"Simples";"Reta";"Não";4;0;0;3;1;0;3;2;"-30.34457";"-51.42852";"SR-RS";"DEL9/2";"UOP01/RS"
184454;2019-01-11;"sexta-feira";"00:50:00";"RJ";101;107,9;"CAMPOS DOS GOYTACAZES";"Falta de Atenção à Condução";"Colisão traseira";"Com Vítimas Fatais";"Plena Noite";"Crescente";"Céu Claro";"Dupla";"Reta";"Não";3;1;2;0;0;0;2;2;"-21.93306";"-41.627048";"SR-RJ";"DEL5/8";"UOP02/RJ"
184455;2019-01-10;"quinta-feira";"20:30:00";"BA";242;471;"IBITIARA";"Falta de Atenção à Condução";"Colisão transversal";"Com Vítimas Feridas";"Plena Noite";"Decrescente";"Céu Claro";"Simples";"Reta";"Não";8;0;3;2;3;0;5;2;"-12.46170268";"-42.24173454";"SR-BA";"DEL10/6";"UOP01/BA"
184456;2019-01-10;"quinta-feira";"23:45:00";"BA";116;620,7;"JAGUAQUARA";"Defeito na Via";"Colisão com objeto estático";"Sem Vítimas";"Plena Noite";"Decrescente";"Nublado";"Simples";"Reta";"Não";6;0;0;0;6;0;0;2;"-13.41410402";"-40.02587557";"SR-BA";"DEL10/3";"UOP01/BA"
184457;2019-01-10;"quinta-feira";"20:30:00";"RJ";465;14;"SEROPEDICA";"Falta de Atenção à Condução";"Colisão frontal";"Com Vítimas Feridas";"Plena Noite";"Decrescente";"Céu Claro";"Simples";"Reta";"Sim";3;0;2;0;1;0;2;2;"-22.804979";"-43.638828";"SR-RJ";"DEL5/1";"UOP03/RJ"
184458;2019-01-11;"sexta-feira";"01:48:00";"PR";369;149,4;"LONDRINA";"Desobediência às normas de trânsito pelo condutor";"Colisão transversal";"Com Vítimas Feridas";"Plena Noite";"Crescente";"Céu Claro";"Dupla";"Interseção de vias";"Sim";2;0;1;0;1;0;1;2;"-23.29290976";"-51.15450561";"SR-PR";"DEL7/7";"UOP01/PR"
184460;2019-01-11;"sexta-feira";"04:30:00";"MG";50;190,7;"UBERABA";"Desobediência às normas de trânsito pelo pedestre";"Atropelamento de Pedestre";"Com Vítimas Fatais";"Plena Noite";"Crescente";"Céu Claro";"Dupla";"Reta";"Não";2;1;0;0;0;1;0;1;"-19.862";"-47.8656";"SR-MG";"DEL13";"UOP01/MG"
184461;2019-01-11;"sexta-feira";"04:00:00";"PE";101;68,5;"RECIFE";"Falta de Atenção à Condução";"Saída de leito carroçável";"Com Vítimas Feridas";"Plena Noite";"Decrescente";"Chuva";"Dupla";"Não Informado";"Sim";1;0;1;0;0;0;1;1;"-8.0595";"-34.9458";"SR-PE";"DEL11/1";"UOP01/PE"
184463;2019-01-11;"sexta-feira";"06:15:00";"SC";282;5;"SAO JOSE";"Não guardar distância de segurança";"Colisão traseira";"Com Vítimas Feridas";"Pleno dia";"Decrescente";"Céu Claro";"Dupla";"Reta";"Não";2;0;1;0;1;0;1;2;"-27.588425";"-48.612919";"SR-SC";"DEL8/1";"UOP01/SC"
184464;2019-01-10;"quinta-feira";"22:15:00";"BA";101;739,6;"ITABELA";"Velocidade Incompatível";"Tombamento";"Com Vítimas Feridas";"Plena Noite";"Decrescente";"Céu Claro";"Simples";"Não Informado";"Não";1;0;1;0;0;0;1;1;"-16.5271";"-39.5673";"SR-BA";"DEL10/9";"UOP01/BA"
184465;2019-01-08;"terça-feira";"05:45:00";"SC";101;187,5;"BIGUACU";"Ingestão de Álcool";"Saída de leito carroçável";"Sem Vítimas";"Amanhecer";"Crescente";"Nublado";"Dupla";"Reta";"Sim";1;0;0;0;1;0;0;1;"-27.4514";"-48.6336";"SR-SC";"DEL8/1";"UOP01/SC"
184466;2019-01-11;"sexta-feira";"06:45:00";"PR";277;726,4;"FOZ DO IGUACU";"Falta de Atenção à Condução";"Colisão transversal";"Com Vítimas Feridas";"Pleno dia";"Crescente";"Céu Claro";"Dupla";"Rotatória";"Sim";2;0;1;0;1;0;1;2;"-25.51014376";"-54.55870628";"SR-PR";"DEL7/5";"UOP03/PR"
184467;2019-01-11;"sexta-feira";"02:30:00";"MT";70;62;"BARRA DO GARCAS";"Desobediência às normas de trânsito pelo condutor";"Colisão lateral";"Sem Vítimas";"Plena Noite";"Crescente";"Céu Claro";"Simples";"Não Informado";"Não";2;0;0;0;2;0;0;2;"-15.70628567";"-52.71570398";"SR-MT";"DEL2/8";"UOP01/MT"
184468;2019-01-11;"sexta-feira";"07:00:00";"PR";277;613,1;"CEU AZUL";"Ultrapassagem Indevida";"Saída de leito carroçável";"Com Vítimas Feridas";"Pleno dia";"Crescente";"Céu Claro";"Simples";"Reta";"Não";2;0;2;0;0;0;2;1;"-25.061493";"-53.64838";"SR-PR";"DEL7/5";"UOP02/PR"
184469;2019-01-07;"segunda-feira";"21:50:00";"PR";277;50;"SAO JOSE DOS PINHAIS";"Falta de Atenção do Pedestre";"Atropelamento de Pedestre";"Com Vítimas Feridas";"Plena Noite";"Decrescente";"Garoa/Chuvisco";"Dupla";"Reta";"Não";2;0;1;0;0;1;1;1;"-25.59338634";"-48.90913859";"SR-PR";"DEL7/1";"UOP06/PR"
184470;2019-01-11;"sexta-feira";"06:00:00";"CE";304;92;"ARACATI";"Falta de Atenção à Condução";"Colisão transversal";"Com Vítimas Feridas";"Pleno dia";"Crescente";"Sol";"Simples";"Reta";"Não";2;0;1;0;1;0;1;2;"-4.813123";"-37.490311";"SR-CE";"DEL16/3";"UOP03/CE"
184471;2019-01-11;"sexta-feira";"07:40:00";"SP";116;18,2;"LAVRINHAS";"Falta de Atenção à Condução";"Colisão lateral";"Com Vítimas Feridas";"Pleno dia";"Crescente";"Sol";"Dupla";"Reta";"Não";2;0;0;1;0;1;1;1;"-22.558407";"-44.856655";"SR-SP";"DEL6/8";"UOP01/SP"
184472;2019-01-07;"segunda-feira";"17:20:00";"CE";222;7,4;"CAUCAIA";"Falta de Atenção à Condução";"Colisão lateral";"Com Vítimas Feridas";"Pleno dia";"Decrescente";"Céu Claro";"Dupla";"Retorno Regulamentado";"Sim";2;0;1;0;1;0;1;2;"-3.749515";"-38.629959";"SR-CE";"DEL16/1";"UOP01/CE"
184473;2019-01-11;"sexta-feira";"07:40:00";"MG";381;766,5;"CAMPANHA";"Falta de Atenção à Condução";"Queda de ocupante de veículo";"Com Vítimas Feridas";"Pleno dia";"Decrescente";"Céu Claro";"Dupla";"Curva";"Não";2;0;0;2;0;0;2;1;"-21.7486";"-45.3881";"SR-MG";"DEL09";"UOP02/MG"
184474;2019-01-11;"sexta-feira";"07:45:00";"RS";290;107,2;"ELDORADO DO SUL";"Falta de Atenção à Condução";"Colisão transversal";"Com Vítimas Feridas";"Pleno dia";"Decrescente";"Céu Claro";"Simples";"Rotatória";"Sim";2;0;1;0;1;0;1;2;"-30.00327881";"-51.30587339";"SR-RS";"DEL9/2";"UOP01/RS"
184475;2019-01-11;"sexta-feira";"07:30:00";"MG";381;738,8;"TRES CORACOES";"Velocidade Incompatível";"Saída de leito carroçável";"Com Vítimas Feridas";"Amanhecer";"Decrescente";"Céu Claro";"Dupla";"Curva";"Não";2;0;1;0;1;0;1;1;"-21.5826";"-45.2396";"SR-MG";"DEL09";"UOP02/MG"
184476;2019-01-07;"segunda-feira";"18:00:00";"SC";280;206;"MAFRA";"Falta de Atenção à Condução";"Tombamento";"Sem Vítimas";"Pleno dia";"Decrescente";"Céu Claro";"Simples";"Reta";"Não";1;0;0;0;1;0;0;1;"-26.161243";"-50.131409";"SR-SC";"DEL8/6";"UOP01/SC"
184477;2019-01-11;"sexta-feira";"07:20:00";"RS";116;256;"ESTEIO";"Desobediência às normas de trânsito pelo condutor";"Colisão traseira";"Com Vítimas Feridas";"Pleno dia";"Decrescente";"Céu Claro";"Dupla";"Reta";"Sim";2;0;1;0;1;0;1;2;"-29.843962";"-51.177292";"SR-RS";"DEL9/1";"UOP02/RS"
184479;2019-01-11;"sexta-feira";"05:15:00";"PR";476;284,2;"SAO MATEUS DO SUL";"Ingestão de Álcool";"Colisão frontal";"Com Vítimas Feridas";"Plena Noite";"Crescente";"Nublado";"Simples";"Reta";"Não";2;0;0;1;1;0;1;2;"-25.899374";"-50.439541";"SR-PR";"DEL7/2";"UOP03/PR"
184480;2019-01-07;"segunda-feira";"17:50:00";"PR";376;538;"PALMEIRA";"Defeito Mecânico no Veículo";"Capotamento";"Com Vítimas Feridas";"Pleno dia";"Crescente";"Garoa/Chuvisco";"Múltipla";"Reta";"Não";1;0;1;0;0;0;1;1;"-25.34697849";"-49.84332919";"SR-PR";"DEL7/1";"UOP05/PR"
184481;2019-01-11;"sexta-feira";"07:40:00";"PR";116;115;"CURITIBA";"Falta de Atenção à Condução";"Queda de ocupante de veículo";"Com Vítimas Feridas";"Pleno dia";"Crescente";"Céu Claro";"Dupla";"Reta";"Sim";1;0;0;1;0;0;1;1;"-25.54956593";"-49.30458069";"SR-PR";"DEL7/1";"UOP01/PR"
184482;2019-01-11;"sexta-feira";"08:10:00";"RS";290;75,6;"GRAVATAI";"Defeito Mecânico no Veículo";"Saída de leito carroçável";"Sem Vítimas";"Pleno dia";"Crescente";"Nublado";"Dupla";"Curva";"Não";1;0;0;0;1;0;0;1;"-29.95521";"-51.006855";"SR-RS";"DEL9/1";"UOP01/RS"
184483;2019-01-08;"terça-feira";"04:50:00";"MG";40;750;"SANTOS DUMONT";"Condutor Dormindo";"Saída de leito carroçável";"Sem Vítimas";"Plena Noite";"Decrescente";"Céu Claro";"Dupla";"Retorno Regulamentado";"Sim";1;0;0;0;1;0;0;1;"-21.4903";"-43.535";"SR-MG";"DEL5";"UOP01/MG"
184484;2019-01-07;"segunda-feira";"19:30:00";"PR";277;653;"MATELANDIA";"Falta de Atenção à Condução";"Colisão traseira";"Sem Vítimas";"Pleno dia";"Decrescente";"Sol";"Simples";"Reta";"Não";2;0;0;0;2;0;0;2;"-25.213331";"-53.95145";"SR-PR";"DEL7/5";"UOP02/PR"