"id";"data_inversa";"dia_semana";"horario";"uf";"br";"km";"municipio";"causa_acidente";"tipo_acidente";"classificacao_acidente";"fase_dia";"sentido_via";"condicao_metereologica";"tipo_pista";"tracado_via";"uso_solo";"pessoas";"mortos";"feridos_leves";"feridos_graves";"ilesos";"ignorados";"feridos";"veiculos";"latitude";"longitude";"regional";"delegacia";"uop"
184687;2019-01-12;"sábado";"07:00:00";"RJ";116;76;"TERESOPOLIS";"Velocidade Incompatível";"Saída de leito carroçável";"Sem Vítimas";"Pleno dia";"Crescente";"Céu Claro";"Simples";"Reta";"Não";1;0;0;0;0;1;0;1;"-22.361216";"-42.948738";"SR-RJ";"DEL5/4";"UOP01/RJ"
184688;2019-01-12;"sábado";"01:00:00";"ES";101;113;"SOORETAMA";"Falta de Atenção à Condução";"Saída de leito carroçável";"Sem Vítimas";"Plena Noite";"Decrescente";"Céu Claro";"Simples";"Reta";"Não";1;0;0;0;0;1;0;1;"-19.07769299";"-40.04241943";"SR-ES";"DEL12/4";"UOP01/ES"
184689;2019-01-12;"sábado";"05:30:00";"MG";262;800,9;"UBERABA";"Condutor Dormindo";"Saída de leito carroçável";"Com Vítimas Feridas";"Plena Noite";"Decrescente";"Nublado";"Dupla";"Reta";"Não";2;0;2;0;0;0;2;1;"-19.777964";"-47.9268";"SR-MG";"DEL13";"UOP01/MG"
184690;2019-01-02;"quarta-feira";"20:00:00";"GO";153;133;"ESTRELA DO NORTE";"Falta de Atenção à Condução";"Colisão com objeto estático";"Com Vítimas Feridas";"Plena Noite";"Crescente";"Céu Claro";"Simples";"Reta";"Não";1;0;0;1;0;0;1;1;"-13.934465";"-49.075451";"SR-GO";"DEL1/7";"UOP01/GO"
184691;2019-01-12;"sábado";"07:20:00";"SC";101;151,5;"ITAPEMA";"Desobediência às normas de trânsito pelo condutor";"Colisão transversal";"Com Vítimas Feridas";"Pleno dia";"Decrescente";"Céu Claro";"Simples";"Não Informado";"Sim";3;0;2;0;1;0;2;2;"-27.1325805";"-48.60964363";"SR-SC";"DEL8/4";"UOP03/SC"
184692;2019-01-11;"sexta-feira";"16:20:00";"MG";116;413;"GOVERNADOR VALADARES";"Desobediência às normas de trânsito pelo condutor";"Colisão transversal";"Com Vítimas Feridas";"Pleno dia";"Decrescente";"Céu Claro";"Simples";"Reta";"Sim";4;0;1;0;1;2;1;1;"-18.87087951";"-41.97052002";"SR-MG";"DEL4/6";"UOP01/MG"
184693;2019-01-12;"sábado";"07:15:00";"DF";40;5;"BRASILIA";"Velocidade Incompatível";"Colisão traseira";"Com Vítimas Feridas";"Pleno dia";"Decrescente";"Céu Claro";"Simples";"Reta";"Sim";2;0;1;0;1;0;1;2;"-16.020903";"-47.980541";"SR-DF";"DF";"UOP01/DF"
184694;2019-01-12;"sábado";"07:20:00";"SC";101;161,5;"TIJUCAS";"Falta de Atenção à Condução";"Colisão com objeto estático";"Sem Vítimas";"Pleno dia";"Decrescente";"Céu Claro";"Simples";"Reta";"Sim";1;0;0;0;1;0;0;1;"-27.2237";"-48.6271";"SR-SC";"DEL8/4";"UOP03/SC"
184696;2019-01-12;"sábado";"04:35:00";"AP";210;13,1;"MACAPA";"Velocidade Incompatível";"Saída de leito carroçável";"Sem Vítimas";"Plena Noite";"Decrescente";"Ignorado";"Simples";"Curva";"Não";1;0;0;0;0;1;0;1;"0.141765";"-51.143993";"SR-AP";"UOP01/AP";""
184698;2019-01-12;"sábado";"07:20:00";"MS";163;313;"RIO BRILHANTE";"Falta de Atenção à Condução";"Colisão traseira";"Sem Vítimas";"Pleno dia";"Crescente";"Céu Claro";"Dupla";"Reta";"Não";2;0;0;0;2;0;0;2;"-21.86543181";"-54.52834368";"SR-MS";"DEL2";"UOP02/MS"
184699;2019-01-12;"sábado";"07:50:00";"RS";386;425,1;"MONTENEGRO";"Condutor Dormindo";"Colisão com objeto estático";"Sem Vítimas";"Pleno dia";"Crescente";"Nublado";"Dupla";"Reta";"Sim";1;0;0;0;1;0;0;1;"-29.818272";"-51.372299";"SR-RS";"DEL9/4";"UOP02/RS"
184700;2019-01-12;"sábado";"08:15:00";"SC";470;54,2;"BLUMENAU";"Falta de Atenção à Condução";"Colisão transversal";"Com Vítimas Feridas";"Pleno dia";"Crescente";"Céu Claro";"Simples";"Interseção de vias";"Sim";3;0;2;0;1;0;2;2;"-26.871065";"-49.110374";"SR-SC";"DEL8/4";"UOP01/SC"
184701;2019-01-12;"sábado";"07:00:00";"MT";158;593,1;"AGUA BOA";"Falta de Atenção à Condução";"Tombamento";"Com Vítimas Feridas";"Amanhecer";"Crescente";"Céu Claro";"Simples";"Reta";"Não";1;0;1;0;0;0;1;1;"-14.086872";"-52.16088";"SR-MT";"DEL2/8";"UOP02/MT"
184702;2019-01-12;"sábado";"07:00:00";"RS";470;224;"GARIBALDI";"Ingestão de Álcool";"Saída de leito carroçável";"Com Vítimas Feridas";"Pleno dia";"Crescente";"Nublado";"Simples";"Curva";"Não";1;0;1;0;0;0;1;1;"-29.235607";"-51.516977";"SR-RS";"DEL9/6";"UOP01/RS"
184703;2019-01-12;"sábado";"08:20:00";"RS";158;326,2;"SANTA MARIA";"Falta de Atenção à Condução";"Colisão traseira";"Com Vítimas Feridas";"Pleno dia";"Crescente";"Nublado";"Simples";"Rotatória";"Sim";2;0;2;0;0;0;2;2;"-29.703747";"-53.795246";"SR-RS";"DEL9/9";"UOP01/RS"
184704;2019-01-08;"terça-feira";"23:10:00";"PR";376;660;"TIJUCAS DO SUL";"Ingestão de Álcool";"Saída de leito carroçável";"Sem Vítimas";"Plena Noite";"Decrescente";"Garoa/Chuvisco";"Múltipla";"Reta";"Não";1;0;0;0;1;0;0;1;"-25.852978";"-48.978861";"SR-PR";"DEL7/1";"UOP08/PR"
184705;2019-01-12;"sábado";"08:00:00";"PR";467;108,4;"CASCAVEL";"Falta de Atenção do Pedestre";"Atropelamento de Pedestre";"Com Vítimas Feridas";"Pleno dia";"Crescente";"Céu Claro";"Simples";"Reta";"Sim";2;0;1;0;1;0;1;1;"-24.9237";"-53.4676";"SR-PR";"DEL7/4";"UOP01/PR"
184706;2019-01-12;"sábado";"06:40:00";"BA";116;652,5;"JEQUIE";"Falta de Atenção à Condução";"Colisão transversal";"Com Vítimas Feridas";"Pleno dia";"Crescente";"Sol";"Simples";"Interseção de vias";"Não";5;0;5;0;0;0;5;2;"-13.68406";"-40.09503";"SR-BA";"DEL10/3";"UOP01/BA"
184708;2019-01-08;"terça-feira";"03:35:00";"SC";101;134;"BALNEARIO CAMBORIU";"Defeito na Via";"Colisão lateral";"Com Vítimas Feridas";"Plena Noite";"Crescente";"Céu Claro";"Dupla";"Interseção de vias";"Sim";2;0;1;0;1;0;1;2;"-27.0049";"-48.6266";"SR-SC";"DEL8/4";"UOP03/SC"
184710;2019-01-09;"quarta-feira";"00:00:00";"SC";282;95,1;"ALFREDO WAGNER";"Velocidade Incompatível";"Tombamento";"Sem Vítimas";"Plena Noite";"Crescente";"Nublado";"Simples";"Curva";"Não";1;0;0;0;1;0;0;1;"-27.71188";"-49.255035";"SR-SC";"DEL8/1";"UOP03/SC"
184714;2019-01-12;"sábado";"08:10:00";"RJ";101;408;"ITAGUAI";"Ingestão de Substâncias Psicoativas";"Colisão lateral";"Com Vítimas Feridas";"Pleno dia";"Crescente";"Céu Claro";"Dupla";"Reta";"Sim";11;0;0;1;8;2;1;3;"-22.88088";"-43.824417";"SR-RJ";"DEL5/3";"UOP01/RJ"
184716;2019-01-11;"sexta-feira";"18:30:00";"RO";364;426,8;"JARU";"Falta de Atenção à Condução";"Colisão traseira";"Com Vítimas Feridas";"Anoitecer";"Crescente";"Nublado";"Simples";"Reta";"Sim";3;0;3;0;0;0;3;2;"-10.432428";"-62.479607";"SR-RO";"DEL21/3";"UOP02/RO"
184717;2019-01-12;"sábado";"07:40:00";"PA";163;1001;"SANTAREM";"Falta de Atenção do Pedestre";"Atropelamento de Pedestre";"Com Vítimas Feridas";"Pleno dia";"Crescente";"Nublado";"Simples";"Reta";"Sim";3;0;0;1;2;0;1;1;"-2.46171388";"-54.72737375";"SR-PA";"DEL19/5";"UOP01/PA"
184718;2019-01-07;"segunda-feira";"18:00:00";"SC";280;127,5;"RIO NEGRINHO";"Falta de Atenção à Condução";"Colisão frontal";"Com Vítimas Feridas";"Pleno dia";"Decrescente";"Céu Claro";"Simples";"Não Informado";"Sim";2;0;0;1;1;0;1;2;"-26.239437";"-49.504192";"SR-SC";"DEL8/6";"UOP03/SC"
184719;2019-01-12;"sábado";"09:20:00";"SP";116;109,9;"TAUBATE";"Não guardar distância de segurança";"Colisão traseira";"Com Vítimas Feridas";"Pleno dia";"Decrescente";"Céu Claro";"Dupla";"Reta";"Não";2;0;1;0;1;0;1;2;"-23.028759";"-45.545235";"SR-SP";"DEL6";"UOP01/SP"
184720;2019-01-12;"sábado";"08:45:00";"RS";470;206,8;"BENTO GONCALVES";"Ingestão de Álcool";"Colisão frontal";"Com Vítimas Feridas";"Pleno dia";"Crescente";"Céu Claro";"Simples";"Reta";"Não";9;0;1;0;7;1;1;5;"-29.09508333";"-51.54803395";"SR-RS";"DEL9/6";"UOP01/RS"
184721;2019-01-12;"sábado";"09:14:00";"PR";116;95,2;"SAO JOSE DOS PINHAIS";"Velocidade Incompatível";"Saída de leito carroçável";"Com Vítimas Feridas";"Pleno dia";"Decrescente";"Sol";"Dupla";"Reta";"Não";2;0;1;0;1;0;1;1;"-25.497253";"-49.117657";"SR-PR";"DEL7/1";"UOP01/PR"
184723;2019-01-12;"sábado";"08:30:00";"MG";50;64,1;"UBERLANDIA";"Ultrapassagem Indevida";"Colisão traseira";"Com Vítimas Feridas";"Pleno dia";"Decrescente";"Sol";"Dupla";"Não Informado";"Não";4;0;2;0;2;0;2;2;"-18.8551";"-48.2537";"SR-MG";"DEL4/15";"UOP02/MG"
184724;2019-01-11;"sexta-feira";"20:10:00";"PI";135;505;"MONTE ALEGRE DO PIAUI";"Ingestão de Álcool";"Colisão com objeto em movimento";"Com Vítimas Fatais";"Plena Noite";"Decrescente";"Céu Claro";"Simples";"Reta";"Não";2;1;0;0;1;0;0;2;"-9.753529";"-45.307346";"SR-PI";"DEL17/3";"UOP02/PI"
184725;2019-01-12;"sábado";"07:30:00";"SC";282;644,5;"SAO MIGUEL DO OESTE";"Desobediência às normas de trânsito pelo condutor";"Colisão transversal";"Com Vítimas Feridas";"Pleno dia";"Decrescente";"Céu Claro";"Simples";"Desvio Temporário";"Não";6;0;1;0;2;3;1;2;"-26.769157";"-53.479385";"SR-SC";"DEL7";"UOP03/SC"
184727;2019-01-12;"sábado";"07:30:00";"MG";354;732,3;"POUSO ALTO";"Velocidade Incompatível";"Tombamento";"Com Vítimas Feridas";"Pleno dia";"Decrescente";"Céu Claro";"Simples";"Curva";"Não";1;0;1;0;0;0;1;1;"-22.1736551";"-44.96438026";"SR-MG";"DEL09";"UOP02/MG"
184728;2019-01-07;"segunda-feira";"15:30:00";"MS";163;486,3;"CAMPO GRANDE";"Desobediência às normas de trânsito pelo condutor";"Colisão traseira";"Com Vítimas Feridas";"Pleno dia";"Crescente";"Chuva";"Simples";"Desvio Temporário";"Sim";3;0;1;0;2;0;1;2;"-20.430339";"-54.544306";"SR-MS";"DEL3/1";"UOP02/MS"
184729;2019-01-12;"sábado";"09:15:00";"MG";381;789,1;"SAO GONCALO DO SAPUCAI";"Condutor Dormindo";"Saída de leito carroçável";"Com Vítimas Feridas";"Pleno dia";"Decrescente";"Céu Claro";"Dupla";"Reta";"Não";3;0;1;2;0;0;3;1;"-21.8793";"-45.5429";"SR-MG";"DEL09";"UOP02/MG"
184731;2019-01-12;"sábado";"09:20:00";"SP";116;272;"TABOAO DA SERRA";"Falta de Atenção à Condução";"Atropelamento de Animal";"Com Vítimas Feridas";"Pleno dia";"Decrescente";"Sol";"Dupla";"Reta";"Sim";1;0;1;0;0;0;1;1;"-23.61638805";"-46.77984416";"SR-SP";"DEL6/4";"UOP01/SP"
184732;2019-01-12;"sábado";"09:12:00";"PE";101;75;"RECIFE";"Falta de Atenção à Condução";"Colisão lateral";"Com Vítimas Feridas";"Pleno dia";"Decrescente";"Chuva";"Simples";"Reta";"Sim";2;0;1;0;0;1;1;2;"-8.1194";"-34.9429";"SR-PE";"DEL11/1";"UOP01/PE"
184733;2019-01-12;"sábado";"07:50:00";"PR";376;639,9;"TIJUCAS DO SUL";"Condutor Dormindo";"Saída de leito carroçável";"Com Vítimas Feridas";"Pleno dia";"Decrescente";"Céu Claro";"Dupla";"Reta";"Não";2;0;0;2;0;0;2;1;"-25.75183085";"-49.12759781";"SR-PR";"DEL7/1";"UOP08/PR"
184734;2019-01-12;"sábado";"08:00:00";"PA";230;117,1;"MARABA";"Falta de Atenção à Condução";"Colisão traseira";"Com Vítimas Feridas";"Pleno dia";"Decrescente";"Céu Claro";"Dupla";"Reta";"Sim";2;0;1;0;0;1;1;2;"-5.35537519";"-49.09151858";"SR-PA";"DEL19/3";"UOP01/PA"
184735;2019-01-12;"sábado";"10:00:00";"MG";40;224,3;"JOAO PINHEIRO";"Velocidade Incompatível";"Tombamento";"Com Vítimas Feridas";"Pleno dia";"Crescente";"Céu Claro";"Simples";"Rotatória";"Não";2;0;2;0;0;0;2;1;"-17.979826";"-45.617336";"SR-MG";"DEL4/14";"UOP03/MG"
184736;2019-01-12;"sábado";"03:00:00";"PR";NA;NA;"FAZENDA RIO GRANDE";"Falta de Atenção à Condução";"Capotamento";"Sem Vítimas";"Plena Noite";"Não Informado";"Chuva";"Simples";"Reta";"Não";1;0;0;0;1;0;0;1;"-25.71329112";"-49.31824197";"SR-PR";"DEL7/1";"UOP03/PR"
184737;2019-01-12;"sábado";"07:00:00";"BA";110;371;"POJUCA";"Falta de Atenção à Condução";"Tombamento";"Sem Vítimas";"Pleno dia";"Crescente";"Céu Claro";"Simples";"Curva";"Não";1;0;0;0;1;0;0;1;"-12.4";"-38.3765";"SR-BA";"DEL10/1";"UOP04/BA"
184738;2019-01-12;"sábado";"10:30:00";"PR";376;448,9;"TIBAGI";"Condutor Dormindo";"Saída de leito carroçável";"Com Vítimas Feridas";"Pleno dia";"Decrescente";"Céu Claro";"Dupla";"Curva";"Não";2;0;1;0;1;0;1;1;"-24.87731762";"-50.44162642";"SR-PR";"DEL7/3";"UOP05/PR"
184739;2019-01-10;"quinta-feira";"21:30:00";"AM";174;985;"PRESIDENTE FIGUEIREDO";"Defeito Mecânico no Veículo";"Saída de leito carroçável";"Sem Vítimas";"Plena Noite";"Crescente";"Ignorado";"Simples";"Não Informado";"Não";1;0;0;0;1;0;0;1;"-2.10855557";"-59.99333382";"SR-AM";"UOP02/AM";""
184740;2019-01-12;"sábado";"09:50:00";"PI";316;19,8;"TERESINA";"Não guardar distância de segurança";"Colisão transversal";"Com Vítimas Feridas";"Pleno dia";"Crescente";"Nublado";"Simples";"Reta";"Não";3;0;3;0;0;0;3;2;"-5.25780286";"-42.7291131";"SR-PI";"DEL17/1";"UOP02/PI"
184741;2019-01-12;"sábado";"10:25:00";"SE";235;9;"NOSSA SENHORA DO SOCORRO";"Ultrapassagem Indevida";"Colisão frontal";"Com Vítimas Fatais";"Pleno dia";"Crescente";"Céu Claro";"Simples";"Reta";"Não";5;1;2;1;1;0;3;3;"-10.883585";"-37.13908";"SR-SE";"DEL20/1";"UOP01/SE"
184742;2019-01-12;"sábado";"11:45:00";"RJ";101;504,6;"ANGRA DOS REIS";"Não guardar distância de segurança";"Colisão transversal";"Com Vítimas Feridas";"Pleno dia";"Decrescente";"Céu Claro";"Simples";"Reta";"Sim";3;0;3;0;0;0;3;2;"-22.93539848";"-44.39602202";"SR-RJ";"DEL5/3";"UOP03/RJ"
184743;2019-01-12;"sábado";"08:45:00";"MG";116;511,4;"UBAPORANGA";"Velocidade Incompatível";"Colisão traseira";"Com Vítimas Feridas";"Pleno dia";"Crescente";"Céu Claro";"Simples";"Reta";"Não";3;0;1;0;2;0;1;2;"-19.64276436";"-42.10619152";"SR-MG";"DEL4/6";"UOP02/MG"
184744;2019-01-12;"sábado";"10:45:00";"BA";116;9,4;"VITORIA DA CONQUISTA";"Falta de Atenção à Condução";"Colisão transversal";"Com Vítimas Feridas";"Pleno dia";"Crescente";"Céu Claro";"Simples";"Reta";"Não";3;0;2;0;1;0;2;2;"-14.856592";"-40.878629";"SR-BA";"DEL10/8";"UOP01/BA"
184745;2019-01-12;"sábado";"10:40:00";"PB";230;66;"SOBRADO";"Velocidade Incompatível";"Capotamento";"Com Vítimas Feridas";"Pleno dia";"Crescente";"Chuva";"Dupla";"Curva";"Não";3;0;2;0;1;0;2;1;"-7.1874";"-35.1889";"SR-PB";"DEL14/1";"UOP03/PB"
184747;2019-01-12;"sábado";"12:30:00";"SC";101;195;"BIGUACU";"Desobediência às normas de trânsito pelo condutor";"Colisão lateral";"Com Vítimas Feridas";"Pleno dia";"Crescente";"Sol";"Múltipla";"Reta";"Sim";3;0;0;2;1;0;2;2;"-27.511";"-48.643";"SR-SC";"DEL8/1";"UOP01/SC"
184748;2019-01-12;"sábado";"12:30:00";"SC";101;205;"SAO JOSE";"Falta de Atenção à Condução";"Colisão com objeto estático";"Com Vítimas Feridas";"Pleno dia";"Decrescente";"Sol";"Dupla";"Reta";"Não";1;0;0;1;0;0;1;1;"-27.592";"-48.6181";"SR-SC";"DEL8/1";"UOP01/SC"
184749;2019-01-12;"sábado";"11:45:00";"SP";116;62,2;"GUARATINGUETA";"Falta de Atenção à Condução";"Colisão traseira";"Com Vítimas Feridas";"Pleno dia";"Crescente";"Sol";"Dupla";"Reta";"Não";4;0;2;0;2;0;2;2;"-22.805473";"-45.172436";"SR-SP";"DEL6/8";"UOP02/SP"
184750;2019-01-12;"sábado";"12:00:00";"MG";153;28;"CENTRALINA";"Avarias e/ou desgaste excessivo no pneu";"Saída de leito carroçável";"Com Vítimas Feridas";"Pleno dia";"Decrescente";"Céu Claro";"Dupla";"Reta";"Não";2;0;0;1;1;0;1;1;"-18.6699";"-49.1616";"SR-MG";"DEL4/15";"UOP03/MG"
184751;2019-01-12;"sábado";"11:20:00";"MG";262;360;"BETIM";"Falta de Atenção à Condução";"Capotamento";"Com Vítimas Feridas";"Pleno dia";"Crescente";"Céu Claro";"Dupla";"Não Informado";"Não";2;0;1;0;1;0;1;1;"-19.9726";"-44.279";"SR-MG";"DEL4/1";"UOP03/MG"
184752;2019-01-12;"sábado";"12:00:00";"GO";40;17;"LUZIANIA";"Falta de Atenção à Condução";"Colisão lateral";"Com Vítimas Feridas";"Pleno dia";"Crescente";"Céu Claro";"Dupla";"Reta";"Sim";3;0;1;0;1;1;1;2;"-16.18487";"-47.928641";"SR-DF";"GO";"UOP01/DF"
184753;2019-01-12;"sábado";"12:05:00";"PE";232;81,9;"GRAVATA";"Desobediência às normas de trânsito pelo condutor";"Colisão transversal";"Com Vítimas Feridas";"Pleno dia";"Decrescente";"Nublado";"Múltipla";"Reta";"Sim";2;0;1;0;1;0;1;2;"-8.193437";"-35.551865";"SR-PE";"DEL11/1";"UOP04/PE"
184754;2019-01-12;"sábado";"11:50:00";"PE";428;38,9;"OROCO";"Falta de Atenção à Condução";"Colisão transversal";"Com Vítimas Fatais";"Pleno dia";"Crescente";"Céu Claro";"Simples";"Reta";"Não";3;1;0;0;1;1;0;2;"-8.55009";"-39.543583";"SR-PE";"DEL11/5";"UOP03/PE"
184755;2019-01-12;"sábado";"12:00:00";"ES";101;301;"VIANA";"Falta de Atenção à Condução";"Atropelamento de Pedestre";"Com Vítimas Feridas";"Pleno dia";"Decrescente";"Céu Claro";"Dupla";"Reta";"Sim";2;0;1;0;1;0;1;1;"-20.36309518";"-40.44239044";"SR-ES";"DEL12/1";"UOP01/ES"
184757;2019-01-12;"sábado";"12:20:00";"SC";101;123;"ITAJAI";"Avarias e/ou desgaste excessivo no pneu";"Colisão com objeto estático";"Com Vítimas Feridas";"Pleno dia";"Decrescente";"Sol";"Dupla";"Reta";"Não";1;0;0;1;0;0;1;1;"-26.9366";"-48.6987";"SR-SC";"DEL8/4";"UOP04/SC"
184758;2019-01-12;"sábado";"12:15:00";"RN";101;106,5;"PARNAMIRIM";"Falta de Atenção à Condução";"Colisão traseira";"Com Vítimas Feridas";"Pleno dia";"Crescente";"Céu Claro";"Dupla";"Reta";"Sim";3;0;0;1;1;1;1;2;"-5.910553";"-35.261307";"SR-RN";"DEL15/1";"UOP01/RN"
184760;2019-01-12;"sábado";"09:00:00";"RN";101;84;"NATAL";"Não guardar distância de segurança";"Colisão traseira";"Com Vítimas Feridas";"Pleno dia";"Decrescente";"Céu Claro";"Dupla";"Reta";"Sim";2;0;1;0;1;0;1;2;"-5.774175";"-35.257801";"SR-RN";"DEL15/2";"UOP01/RN"
184761;2019-01-12;"sábado";"13:30:00";"TO";153;630,6;"ALIANCA DO TOCANTINS";"Falta de Atenção à Condução";"Engavetamento";"Com Vítimas Feridas";"Pleno dia";"Crescente";"Céu Claro";"Simples";"Não Informado";"Não";11;0;1;0;10;0;1;4;"-11.361217";"-48.960964";"SR-TO";"UOP01/TO";""
184762;2019-01-12;"sábado";"12:40:00";"RJ";101;248,2;"SILVA JARDIM";"Falta de Atenção à Condução";"Colisão traseira";"Com Vítimas Feridas";"Pleno dia";"Crescente";"Céu Claro";"Dupla";"Reta";"Não";7;0;2;4;1;0;6;3;"-22.661955";"-42.502647";"SR-RJ";"DEL5/2";"UOP03/RJ"
184763;2019-01-12;"sábado";"13:08:00";"MG";40;525;"CONTAGEM";"Velocidade Incompatível";"Engavetamento";"Com Vítimas Feridas";"Pleno dia";"Decrescente";"Céu Claro";"Dupla";"Reta";"Não";4;0;1;0;3;0;1;3;"-19.8971";"-44.0497";"SR-MG";"DEL4/1";"UOP03/MG"
184764;2019-01-12;"sábado";"13:30:00";"MG";40;511,9;"RIBEIRAO DAS NEVES";"Falta de Atenção à Condução";"Tombamento";"Com Vítimas Feridas";"Pleno dia";"Crescente";"Céu Claro";"Dupla";"Não Informado";"Sim";1;0;1;0;0;0;1;1;"-19.7926";"-44.1112";"SR-MG";"DEL4/1";"UOP03/MG"
184767;2019-01-12;"sábado";"13:25:00";"RS";101;34,8;"TRES CACHOEIRAS";"Falta de Atenção à Condução";"Colisão traseira";"Com Vítimas Feridas";"Pleno dia";"Decrescente";"Chuva";"Dupla";"Reta";"Não";2;0;0;1;1;0;1;2;"-29.50881";"-49.986858";"SR-RS";"DEL9/3";"UOP03/RS"
184768;2019-01-12;"sábado";"14:00:00";"RS";116;231,8;"ESTANCIA VELHA";"Falta de Atenção à Condução";"Colisão frontal";"Com Vítimas Fatais";"Pleno dia";"Decrescente";"Céu Claro";"Simples";"Curva";"Não";4;1;0;3;0;0;3;2;"-29.627432";"-51.138584";"SR-RS";"DEL9/1";"UOP02/RS"
184769;2019-01-12;"sábado";"14:24:00";"SC";470;31,2;"GASPAR";"Falta de Atenção à Condução";"Queda de ocupante de veículo";"Com Vítimas Feridas";"Pleno dia";"Decrescente";"Sol";"Simples";"Reta";"Sim";2;0;2;0;0;0;2;1;"-26.897331";"-48.923069";"SR-SC";"DEL8/4";"UOP01/SC"
184770;2019-01-12;"sábado";"13:00:00";"MT";174;385,8;"CONQUISTA DOESTE";"Falta de Atenção à Condução";"Saída de leito carroçável";"Com Vítimas Feridas";"Pleno dia";"Crescente";"Nublado";"Simples";"Curva";"Não";1;0;0;1;0;0;1;1;"-14.502687";"-59.567448";"SR-MT";"DEL2/7";"UOP01/MT"
184772;2019-01-12;"sábado";"14:00:00";"RS";290;103;"PORTO ALEGRE";"Falta de Atenção à Condução";"Colisão lateral";"Com Vítimas Feridas";"Pleno dia";"Crescente";"Céu Claro";"Dupla";"Ponte";"Sim";2;0;1;0;1;0;1;2;"-29.99017";"-51.265766";"SR-RS";"DEL9/1";"UOP01/RS"
184773;2019-01-12;"sábado";"14:45:00";"SP";101;28,4;"UBATUBA";"Falta de Atenção à Condução";"Colisão transversal";"Com Vítimas Feridas";"Pleno dia";"Decrescente";"Nublado";"Simples";"Curva";"Não";3;0;1;0;2;0;1;2;"-23.372696";"-44.952877";"SR-SP";"DEL6";"UOP03/SP"
184774;2019-01-12;"sábado";"13:10:00";"MG";146;511,2;"POCOS DE CALDAS";"Velocidade Incompatível";"Saída de leito carroçável";"Com Vítimas Feridas";"Pleno dia";"Crescente";"Nublado";"Simples";"Curva";"Não";2;0;0;1;0;1;1;1;"-21.77618101";"-46.43283606";"SR-MG";"DEL13";"UOP01/MG"
184775;2019-01-12;"sábado";"14:30:00";"SP";381;84;"SAO PAULO";"Pista Escorregadia";"Queda de ocupante de veículo";"Com Vítimas Feridas";"Pleno dia";"Crescente";"Nublado";"Dupla";"Reta";"Sim";1;0;1;0;0;0;1;1;"-23.45130688";"-46.57014468";"SR-SP";"DEL6/3";"UOP02/SP"
184776;2019-01-12;"sábado";"12:30:00";"SC";282;516;"XAXIM";"Condutor Dormindo";"Tombamento";"Com Vítimas Feridas";"Pleno dia";"Crescente";"Sol";"Simples";"Curva";"Não";1;0;1;0;0;0;1;1;"-26.930862";"-52.499157";"SR-SC";"DEL7";"UOP01/SC"
184778;2019-01-12;"sábado";"14:55:00";"SP";116;414;"JUQUIA";"Ingestão de Álcool";"Tombamento";"Com Vítimas Feridas";"Pleno dia";"Crescente";"Céu Claro";"Simples";"Viaduto";"Não";1;0;1;0;0;0;1;1;"-24.33262488";"-47.6352722";"SR-SP";"DEL6/5";"UOP01/SP"
184779;2019-01-12;"sábado";"13:00:00";"PA";10;243,7;"AURORA DO PARA";"Falta de Atenção à Condução";"Colisão traseira";"Com Vítimas Fatais";"Pleno dia";"Decrescente";"Céu Claro";"Simples";"Reta";"Não";2;1;0;0;1;0;0;2;"-2.30644136";"-47.5639987";"SR-PA";"DEL19/2";"UOP02/PA"
184780;2019-01-12;"sábado";"15:15:00";"PR";373;185;"PONTA GROSSA";"Falta de Atenção à Condução";"Colisão transversal";"Com Vítimas Feridas";"Pleno dia";"Crescente";"Nublado";"Simples";"Reta";"Não";3;0;1;0;2;0;1;2;"-25.04703943";"-50.28950963";"SR-PR";"DEL7/3";"UOP01/PR"
184781;2019-01-12;"sábado";"15:20:00";"MG";381;484,4;"BETIM";"Defeito Mecânico no Veículo";"Tombamento";"Com Vítimas Feridas";"Pleno dia";"Decrescente";"Céu Claro";"Dupla";"Reta";"Sim";2;0;2;0;0;0;2;1;"-19.9557";"-44.0964";"SR-MG";"DEL4/1";"UOP03/MG"
184782;2019-01-12;"sábado";"14:20:00";"RS";287;339,5;"SAO VICENTE DO SUL";"Falta de Atenção à Condução";"Colisão frontal";"Com Vítimas Feridas";"Pleno dia";"Crescente";"Nublado";"Simples";"Curva";"Não";4;0;2;0;2;0;2;2;"-29.604765";"-54.688496";"SR-RS";"DEL9/12";"UOP02/RS"
184783;2019-01-12;"sábado";"14:15:00";"SC";282;18;"PALHOCA";"Falta de Atenção à Condução";"Colisão lateral";"Sem Vítimas";"Pleno dia";"Decrescente";"Céu Claro";"Simples";"Reta";"Sim";2;0;0;0;2;0;0;2;"-27.672798";"-48.694286";"SR-SC";"DEL8/1";"UOP02/SC"
184784;2019-01-12;"sábado";"15:00:00";"RS";116;254;"SAPUCAIA DO SUL";"Avarias e/ou desgaste excessivo no pneu";"Tombamento";"Com Vítimas Feridas";"Pleno dia";"Decrescente";"Nublado";"Dupla";"Reta";"Sim";2;0;2;0;0;0;2;1;"-29.826548";"-51.172413";"SR-RS";"DEL9/1";"UOP02/RS"