"id";"data_inversa";"dia_semana";"horario";"uf";"br";"km";"municipio";"causa_acidente";"tipo_acidente";"classificacao_acidente";"fase_dia";"sentido_via";"condicao_metereologica";"tipo_pista";"tracado_via";"uso_solo";"pessoas";"mortos";"feridos_leves";"feridos_graves";"ilesos";"ignorados";"feridos";"veiculos";"latitude";"longitude";"regional";"delegacia";"uop"
184876;2019-01-13;"domingo";"02:00:00";"PE";101;47,6;"ABREU E LIMA";"Velocidade Incompatível";"Saída de leito carroçável";"Com Vítimas Feridas";"Plena Noite";"Crescente";"Chuva";"Dupla";"Curva";"Sim";1;0;1;0;0;0;1;1;"-7.8893";"-34.9037";"SR-PE";"DEL11/1";"UOP02/PE"
184877;2019-01-12;"sábado";"23:10:00";"MG";365;6;"MONTES CLAROS";"Velocidade Incompatível";"Tombamento";"Com Vítimas Feridas";"Plena Noite";"Decrescente";"Céu Claro";"Simples";"Curva";"Não";1;0;1;0;0;0;1;1;"-16.816128";"-43.915218";"SR-MG";"DEL4/12";"UOP01/MG"
184879;2019-01-13;"domingo";"03:15:00";"SP";116;222,7;"GUARULHOS";"Falta de Atenção à Condução";"Colisão com objeto estático";"Com Vítimas Feridas";"Plena Noite";"Decrescente";"Céu Claro";"Múltipla";"Reta";"Sim";2;0;2;0;0;0;2;1;"-23.4801927";"-46.53190613";"SR-SP";"DEL6/1";"UOP01/SP"
184880;2019-01-13;"domingo";"01:50:00";"MT";70;281;"PRIMAVERA DO LESTE";"Ingestão de Álcool";"Saída de leito carroçável";"Sem Vítimas";"Plena Noite";"Crescente";"Céu Claro";"Simples";"Retorno Regulamentado";"Sim";2;0;0;0;2;0;0;2;"-15.567039";"-54.305145";"SR-MT";"DEL2/5";"UOP01/MT"
184881;2019-01-13;"domingo";"03:10:00";"MG";381;875;"ESTIVA";"Falta de Atenção à Condução";"Colisão lateral";"Sem Vítimas";"Plena Noite";"Crescente";"Céu Claro";"Dupla";"Curva";"Não";4;0;0;0;3;1;0;2;"-22.4348";"-45.9801";"SR-MG";"DEL09";"UOP01/MG"
184882;2019-01-13;"domingo";"02:00:00";"TO";153;335;"GUARAI";"Ingestão de Álcool";"Colisão com objeto estático";"Com Vítimas Feridas";"Plena Noite";"Crescente";"Céu Claro";"Dupla";"Reta";"Sim";2;0;2;0;0;0;2;1;"-8.844914";"-48.510712";"SR-TO";"UOP03/TO";""
184883;2019-01-13;"domingo";"04:00:00";"PR";373;412,5;"CANDOI";"Desobediência às normas de trânsito pelo condutor";"Colisão transversal";"Com Vítimas Feridas";"Plena Noite";"Crescente";"Nublado";"Simples";"Reta";"Não";6;0;4;1;1;0;5;2;"-25.65425438";"-52.11238146";"SR-PR";"DEL7/3";"UOP02/PR"
184884;2019-01-13;"domingo";"04:30:00";"SP";153;61;"SAO JOSE DO RIO PRETO";"Condutor Dormindo";"Saída de leito carroçável";"Com Vítimas Feridas";"Plena Noite";"Decrescente";"Céu Claro";"Dupla";"Reta";"Sim";1;0;0;1;0;0;1;1;"-20.79628";"-49.354801";"SR-SP";"DEL6/9";"UOP01/SP"
184885;2019-01-13;"domingo";"03:30:00";"PI";402;35,5;"PARNAIBA";"Condutor Dormindo";"Saída de leito carroçável";"Com Vítimas Fatais";"Plena Noite";"Crescente";"Nublado";"Simples";"Rotatória";"Sim";2;1;0;1;0;0;1;1;"-2.94955542";"-41.73088074";"SR-PI";"DEL17/5";"UOP01/PI"
184886;2019-01-13;"domingo";"04:15:00";"SP";153;334,3;"OURINHOS";"Ingestão de Álcool";"Saída de leito carroçável";"Com Vítimas Feridas";"Plena Noite";"Crescente";"Chuva";"Simples";"Reta";"Não";1;0;1;0;0;0;1;1;"-22.90025658";"-49.88930225";"SR-SP";"DEL6/07";"UOP03/SP"
184887;2019-01-13;"domingo";"05:03:00";"SP";116;108;"TAUBATE";"Falta de Atenção do Pedestre";"Atropelamento de Pedestre";"Com Vítimas Fatais";"Plena Noite";"Decrescente";"Céu Claro";"Dupla";"Reta";"Sim";2;1;0;0;0;1;0;1;"-23.023352";"-45.537693";"SR-SP";"DEL6";"UOP01/SP"
184888;2019-01-13;"domingo";"05:50:00";"MG";381;493,1;"BETIM";"Falta de Atenção à Condução";"Colisão traseira";"Com Vítimas Feridas";"Amanhecer";"Decrescente";"Céu Claro";"Dupla";"Reta";"Sim";2;0;1;0;1;0;1;2;"-19.966";"-44.1775";"SR-MG";"DEL4/1";"UOP03/MG"
184889;2019-01-13;"domingo";"04:40:00";"SE";101;185,9;"UMBAUBA";"Desobediência às normas de trânsito pelo condutor";"Colisão frontal";"Com Vítimas Feridas";"Amanhecer";"Crescente";"Céu Claro";"Simples";"Interseção de vias";"Não";5;0;4;0;0;1;4;2;"-11.3979";"-37.6805";"SR-SE";"DEL20/2";"UOP03/SE"
184890;2019-01-13;"domingo";"03:30:00";"RR";174;633,8;"AMAJARI";"Animais na Pista";"Atropelamento de Animal";"Com Vítimas Fatais";"Plena Noite";"Crescente";"Céu Claro";"Simples";"Reta";"Não";6;1;4;0;1;0;4;1;"3.879215";"-61.001606";"SR-RR";"UOP01/RR";""
184891;2019-01-13;"domingo";"05:00:00";"MG";459;102,5;"POUSO ALEGRE";"Ingestão de Álcool";"Saída de leito carroçável";"Com Vítimas Feridas";"Amanhecer";"Decrescente";"Nublado";"Dupla";"Retorno Regulamentado";"Sim";1;0;1;0;0;0;1;1;"-22.211775";"-45.924671";"SR-MG";"DEL09";"UOP01/MG"
184893;2019-01-13;"domingo";"06:15:00";"RS";153;48,9;"ERECHIM";"Ingestão de Álcool";"Colisão frontal";"Com Vítimas Feridas";"Amanhecer";"Crescente";"Céu Claro";"Simples";"Reta";"Não";2;0;1;1;0;0;2;2;"-27.651188";"-52.257259";"SR-RS";"DEL08";"UOP04/RS"
184894;2019-01-12;"sábado";"20:40:00";"SP";116;506;"CAJATI";"Defeito Mecânico no Veículo";"Incêndio";"Sem Vítimas";"Plena Noite";"Decrescente";"Céu Claro";"Simples";"Reta";"Não";1;0;0;0;1;0;0;1;"-24.80914851";"-48.21204185";"SR-SP";"DEL6/5";"UOP02/SP"
184895;2019-01-13;"domingo";"05:35:00";"RJ";40;54;"PETROPOLIS";"Ingestão de Álcool";"Colisão lateral";"Com Vítimas Feridas";"Plena Noite";"Decrescente";"Céu Claro";"Dupla";"Curva";"Não";3;0;1;0;2;0;1;2;"-22.34627623";"-43.12453877";"SR-RJ";"DEL5/6";"UOP03/RJ"
184897;2019-01-13;"domingo";"06:54:00";"PR";376;187;"MARIALVA";"Falta de Atenção à Condução";"Colisão traseira";"Com Vítimas Feridas";"Pleno dia";"Crescente";"Céu Claro";"Dupla";"Reta";"Não";4;0;1;0;2;1;1;2;"-23.471231";"-51.819515";"SR-PR";"DEL7/7";"UOP04/PR"
184899;2019-01-13;"domingo";"01:00:00";"PA";163;1002;"SANTAREM";"Ingestão de Álcool";"Colisão transversal";"Com Vítimas Feridas";"Pleno dia";"Decrescente";"Nublado";"Simples";"Reta";"Sim";5;0;1;1;3;0;2;3;"-2.45096164";"-54.7296534";"SR-PA";"DEL19/5";"UOP01/PA"
184901;2019-01-13;"domingo";"06:20:00";"PE";101;56,3;"RECIFE";"Falta de Atenção à Condução";"Colisão lateral";"Com Vítimas Feridas";"Amanhecer";"Decrescente";"Céu Claro";"Dupla";"Reta";"Sim";2;0;0;1;1;0;1;2;"-7.9641";"-34.9158";"SR-PE";"DEL11/1";"UOP02/PE"
184903;2019-01-12;"sábado";"19:30:00";"AP";210;104;"PORTO GRANDE";"Ingestão de Álcool";"Colisão com objeto em movimento";"Com Vítimas Feridas";"Plena Noite";"Crescente";"Garoa/Chuvisco";"Simples";"Reta";"Sim";2;0;2;0;0;0;2;2;"0.69967438";"-51.40090942";"SR-AP";"UOP01/AP";""
184904;2019-01-13;"domingo";"06:40:00";"RJ";101;275,9;"ITABORAI";"Falta de Atenção à Condução";"Tombamento";"Com Vítimas Feridas";"Pleno dia";"Decrescente";"Céu Claro";"Dupla";"Reta";"Não";2;0;2;0;0;0;2;1;"-22.73654";"-42.72913";"SR-RJ";"DEL5/2";"UOP03/RJ"
184905;2019-01-13;"domingo";"06:25:00";"PR";116;147;"MANDIRITUBA";"Condutor Dormindo";"Saída de leito carroçável";"Com Vítimas Feridas";"Pleno dia";"Decrescente";"Nublado";"Simples";"Curva";"Não";2;0;1;0;0;1;1;1;"-25.781727";"-49.325352";"SR-PR";"DEL7/1";"UOP03/PR"
184906;2019-01-13;"domingo";"05:50:00";"MT";364;261;"JUSCIMEIRA";"Falta de Atenção à Condução";"Colisão frontal";"Com Vítimas Feridas";"Pleno dia";"Crescente";"Ignorado";"Simples";"Desvio Temporário";"Não";2;0;1;0;1;0;1;2;"-16.031467";"-54.894554";"SR-MT";"DEL2/1";"UOP02/MT"
184907;2019-01-13;"domingo";"06:40:00";"BA";101;516,8;"ITABUNA";"Condutor Dormindo";"Colisão traseira";"Com Vítimas Feridas";"Pleno dia";"Crescente";"Céu Claro";"Simples";"Reta";"Não";4;0;0;2;2;0;2;2;"-14.8851";"-39.2832";"SR-BA";"DEL10/5";"UOP01/BA"
184908;2019-01-13;"domingo";"07:00:00";"RJ";116;311,1;"ITATIAIA";"Falta de Atenção à Condução";"Queda de ocupante de veículo";"Com Vítimas Feridas";"Amanhecer";"Crescente";"Céu Claro";"Simples";"Rotatória";"Não";1;0;1;0;0;0;1;1;"-22.460867";"-44.442963";"SR-RJ";"DEL5/7";"UOP03/RJ"
184909;2019-01-13;"domingo";"07:50:00";"RS";290;566;"ALEGRETE";"Defeito na Via";"Saída de leito carroçável";"Com Vítimas Feridas";"Pleno dia";"Decrescente";"Nublado";"Simples";"Não Informado";"Não";1;0;1;0;0;0;1;1;"-29.854132";"-55.645527";"SR-RS";"DEL9/13";"UOP02/RS"
184911;2019-01-13;"domingo";"07:20:00";"PB";104;139;"QUEIMADAS";"Animais na Pista";"Atropelamento de Animal";"Com Vítimas Feridas";"Pleno dia";"Decrescente";"Céu Claro";"Simples";"Reta";"Não";1;0;1;0;0;0;1;1;"-7.369483";"-35.899796";"SR-PB";"DEL14/2";"UOP03/PB"
184912;2019-01-13;"domingo";"07:30:00";"RS";287;408,8;"SANTIAGO";"Condutor Dormindo";"Saída de leito carroçável";"Com Vítimas Fatais";"Amanhecer";"Decrescente";"Nublado";"Simples";"Interseção de vias";"Não";3;1;2;0;0;0;2;1;"-29.09710831";"-54.92159843";"SR-RS";"DEL9/12";"UOP02/RS"
184913;2019-01-13;"domingo";"07:20:00";"MG";365;624;"UBERLANDIA";"Defeito Mecânico no Veículo";"Colisão com objeto estático";"Sem Vítimas";"Pleno dia";"Crescente";"Céu Claro";"Dupla";"Reta";"Sim";1;0;0;0;1;0;0;1;"-18.903";"-48.2787";"SR-MG";"DEL4/15";"UOP01/MG"
184914;2019-01-13;"domingo";"08:00:00";"MG";381;693,3;"LAVRAS";"Falta de Atenção à Condução";"Colisão traseira";"Com Vítimas Feridas";"Pleno dia";"Crescente";"Céu Claro";"Dupla";"Reta";"Não";2;0;0;1;1;0;1;2;"-21.2338";"-45.1347";"SR-MG";"DEL4/4";"UOP02/MG"
184915;2019-01-13;"domingo";"08:58:00";"MG";381;643;"SANTO ANTONIO DO AMPARO";"Falta de Atenção à Condução";"Saída de leito carroçável";"Com Vítimas Feridas";"Pleno dia";"Crescente";"Céu Claro";"Dupla";"Reta";"Não";4;0;1;0;3;0;1;1;"-20.9278";"-44.8738";"SR-MG";"DEL4/4";"UOP01/MG"
184916;2019-01-13;"domingo";"09:30:00";"PR";369;177;"ROLANDIA";"Pista Escorregadia";"Queda de ocupante de veículo";"Com Vítimas Feridas";"Pleno dia";"Decrescente";"Céu Claro";"Simples";"Curva";"Sim";1;0;1;0;0;0;1;1;"-23.34959981";"-51.38548672";"SR-PR";"DEL7/7";"UOP01/PR"
184917;2019-01-13;"domingo";"09:40:00";"PR";277;27;"MORRETES";"Defeito Mecânico no Veículo";"Saída de leito carroçável";"Com Vítimas Feridas";"Pleno dia";"Crescente";"Céu Claro";"Dupla";"Reta";"Não";2;0;2;0;0;0;2;1;"-25.5373447";"-48.76733959";"SR-PR";"DEL7/1";"UOP07/PR"
184920;2019-01-13;"domingo";"07:10:00";"RO";364;219,3;"PIMENTA BUENO";"Condutor Dormindo";"Saída de leito carroçável";"Sem Vítimas";"Pleno dia";"Crescente";"Garoa/Chuvisco";"Simples";"Curva";"Não";1;0;0;0;0;1;0;1;"-11.53737";"-61.31472";"SR-RO";"DEL21/2";"UOP02/RO"
184921;2019-01-13;"domingo";"08:55:00";"PE";104;12;"TAQUARITINGA DO NORTE";"Falta de Atenção à Condução";"Colisão transversal";"Com Vítimas Feridas";"Pleno dia";"Crescente";"Céu Claro";"Simples";"Interseção de vias";"Não";3;0;1;1;1;0;2;2;"-7.888657";"-36.110435";"SR-PE";"DEL11/2";"UOP01/PE"
184922;2019-01-13;"domingo";"09:00:00";"RJ";40;84;"DUQUE DE CAXIAS";"Defeito na Via";"Queda de ocupante de veículo";"Com Vítimas Feridas";"Pleno dia";"Crescente";"Céu Claro";"Simples";"Curva";"Não";2;0;1;0;1;0;1;1;"-22.5511";"-43.2257";"SR-RJ";"DEL5/6";"UOP03/RJ"
184924;2019-01-13;"domingo";"09:55:00";"PR";376;648,9;"TIJUCAS DO SUL";"Falta de Atenção à Condução";"Saída de leito carroçável";"Sem Vítimas";"Pleno dia";"Crescente";"Céu Claro";"Dupla";"Curva";"Não";2;0;0;0;2;0;0;1;"-25.84624714";"-49.09481049";"SR-PR";"DEL7/1";"UOP08/PR"
184926;2019-01-13;"domingo";"07:00:00";"GO";60;444;"JATAI";"Condutor Dormindo";"Saída de leito carroçável";"Sem Vítimas";"Pleno dia";"Decrescente";"Céu Claro";"Dupla";"Reta";"Não";1;0;0;0;0;1;0;1;"-17.8449";"-51.4691";"SR-GO";"DEL1/5";"UOP01/GO"
184927;2019-01-13;"domingo";"09:46:00";"MG";40;551;"NOVA LIMA";"Falta de Atenção à Condução";"Colisão lateral";"Com Vítimas Feridas";"Pleno dia";"Decrescente";"Céu Claro";"Dupla";"Curva";"Não";3;0;2;0;1;0;2;2;"-20.05077113";"-43.96625519";"SR-MG";"DEL4/1";"UOP02/MG"
184928;2019-01-13;"domingo";"08:20:00";"PB";230;21,9;"JOAO PESSOA";"Falta de Atenção à Condução";"Colisão traseira";"Com Vítimas Feridas";"Pleno dia";"Decrescente";"Céu Claro";"Dupla";"Reta";"Sim";4;0;4;0;0;0;4;2;"-7.1415";"-34.8519";"SR-PB";"DEL14/1";"UOP01/PB"
184929;2019-01-01;"terça-feira";"09:12:00";"MS";163;462,2;"CAMPO GRANDE";"Falta de Atenção à Condução";"Queda de ocupante de veículo";"Com Vítimas Feridas";"Pleno dia";"Decrescente";"Ignorado";"Simples";"Reta";"Não";2;0;2;0;0;0;2;1;"-20.618297";"-54.574265";"SR-MS";"DEL3/1";"UOP01/MS"
184930;2019-01-13;"domingo";"08:00:00";"RJ";101;395;"RIO DE JANEIRO";"Não guardar distância de segurança";"Engavetamento";"Com Vítimas Feridas";"Pleno dia";"Crescente";"Sol";"Dupla";"Reta";"Não";5;0;1;0;4;0;1;4;"-22.882349";"-43.722134";"SR-RJ";"DEL5/3";"UOP01/RJ"
184931;2019-01-13;"domingo";"11:15:00";"RS";116;152,7;"CAXIAS DO SUL";"Falta de Atenção à Condução";"Colisão traseira";"Com Vítimas Feridas";"Pleno dia";"Decrescente";"Céu Claro";"Simples";"Reta";"Sim";7;0;4;0;3;0;4;3;"-29.182934";"-51.168015";"SR-RS";"DEL9/5";"UOP01/RS"
184932;2019-01-13;"domingo";"11:05:00";"GO";153;498,3;"GOIANIA";"Defeito Mecânico no Veículo";"Queda de ocupante de veículo";"Com Vítimas Feridas";"Pleno dia";"Crescente";"Nublado";"Dupla";"Reta";"Sim";2;0;2;0;0;0;2;1;"-16.691286";"-49.23259";"SR-GO";"DEL1/1";"UOP01/GO"
184933;2019-01-10;"quinta-feira";"07:10:00";"MG";381;437,9;"SABARA";"Velocidade Incompatível";"Derramamento de carga";"Com Vítimas Fatais";"Pleno dia";"Crescente";"Céu Claro";"Simples";"Curva";"Não";4;1;0;1;0;2;1;2;"-19.78899543";"-43.7310791";"SR-MG";"DEL4/1";"UOP01/MG"
184935;2019-01-13;"domingo";"05:30:00";"RJ";393;104;"SAPUCAIA";"Falta de Atenção à Condução";"Colisão traseira";"Com Vítimas Feridas";"Amanhecer";"Decrescente";"Céu Claro";"Simples";"Reta";"Sim";2;0;1;0;1;0;1;2;"-21.874243";"-42.66758";"SR-RJ";"DEL5/6";"UOP02/RJ"
184936;2019-01-13;"domingo";"11:50:00";"GO";153;426,2;"ANAPOLIS";"Não guardar distância de segurança";"Colisão traseira";"Com Vítimas Feridas";"Pleno dia";"Decrescente";"Céu Claro";"Dupla";"Desvio Temporário";"Não";2;0;1;0;0;1;1;2;"-16.221258";"-49.013374";"SR-GO";"DEL1/2";"UOP01/GO"
184937;2019-01-13;"domingo";"11:35:00";"AL";316;252;"PILAR";"Falta de Atenção à Condução";"Colisão lateral";"Com Vítimas Feridas";"Pleno dia";"Decrescente";"Nublado";"Simples";"Reta";"Não";4;0;0;2;2;0;2;2;"-9.57134";"-35.966396";"SR-AL";"DEL13/1";"UOP01/AL"
184938;2019-01-13;"domingo";"11:10:00";"RS";158;345,4;"SANTA MARIA";"Ingestão de Álcool";"Saída de leito carroçável";"Com Vítimas Feridas";"Pleno dia";"Crescente";"Sol";"Simples";"Reta";"Não";1;0;1;0;0;0;1;1;"-29.751429";"-53.968925";"SR-RS";"DEL9/9";"UOP01/RS"
184939;2019-01-13;"domingo";"13:08:00";"RJ";116;144;"DUQUE DE CAXIAS";"Defeito Mecânico no Veículo";"Incêndio";"Sem Vítimas";"Pleno dia";"Decrescente";"Céu Claro";"Simples";"Curva";"Sim";1;0;0;0;1;0;0;1;"-22.67262983";"-43.28440547";"SR-RJ";"DEL5/4";"UOP02/RJ"
184940;2019-01-13;"domingo";"07:00:00";"SE";101;81,9;"LARANJEIRAS";"Velocidade Incompatível";"Saída de leito carroçável";"Sem Vítimas";"Amanhecer";"Decrescente";"Céu Claro";"Dupla";"Viaduto";"Sim";1;0;0;0;0;1;0;1;"-10.8207";"-37.1389";"SR-SE";"DEL20/1";"UOP01/SE"
184941;2019-01-13;"domingo";"12:40:00";"PE";428;189;"PETROLINA";"Velocidade Incompatível";"Saída de leito carroçável";"Sem Vítimas";"Pleno dia";"Crescente";"Sol";"Múltipla";"Reta";"Sim";1;0;0;0;1;0;0;1;"-9.372067";"-40.486843";"SR-PE";"DEL11/6";"UOP01/PE"
184942;2019-01-13;"domingo";"12:30:00";"ES";101;379,5;"ICONHA";"Velocidade Incompatível";"Tombamento";"Com Vítimas Feridas";"Pleno dia";"Decrescente";"Céu Claro";"Simples";"Curva";"Não";2;0;2;0;0;0;2;1;"-20.8042";"-40.8295";"SR-ES";"DEL12/3";"UOP01/ES"
184943;2019-01-13;"domingo";"13:30:00";"MG";40;636,7;"CONSELHEIRO LAFAIETE";"Defeito Mecânico no Veículo";"Queda de ocupante de veículo";"Com Vítimas Feridas";"Pleno dia";"Crescente";"Céu Claro";"Simples";"Reta";"Não";3;0;0;2;0;1;2;1;"-20.7215";"-43.7994";"SR-MG";"DEL5";"UOP02/MG"
184944;2019-01-13;"domingo";"05:00:00";"AP";210;27;"MACAPA";"Condutor Dormindo";"Saída de leito carroçável";"Com Vítimas Feridas";"Amanhecer";"Decrescente";"Ignorado";"Simples";"Reta";"Não";1;0;1;0;0;0;1;1;"0.251138";"-51.0891";"SR-AP";"UOP01/AP";""
184945;2019-01-13;"domingo";"12:30:00";"PE";104;12,2;"TAQUARITINGA DO NORTE";"Ultrapassagem Indevida";"Colisão frontal";"Com Vítimas Fatais";"Pleno dia";"Crescente";"Céu Claro";"Simples";"Reta";"Não";3;1;0;0;2;0;0;3;"-7.888657";"-36.110435";"SR-PE";"DEL11/2";"UOP01/PE"
184946;2019-01-13;"domingo";"14:00:00";"RS";158;329,2;"SANTA MARIA";"Falta de Atenção à Condução";"Colisão lateral";"Com Vítimas Feridas";"Pleno dia";"Decrescente";"Nublado";"Simples";"Não Informado";"Sim";6;0;2;0;4;0;2;3;"-29.70652";"-53.828564";"SR-RS";"DEL9/9";"UOP01/RS"
184947;2019-01-13;"domingo";"13:40:00";"RJ";101;417;"MANGARATIBA";"Falta de Atenção do Pedestre";"Atropelamento de Pedestre";"Com Vítimas Feridas";"Pleno dia";"Crescente";"Sol";"Simples";"Curva";"Sim";2;0;0;1;1;0;1;1;"-22.912937";"-43.897324";"SR-RJ";"DEL5/3";"UOP01/RJ"
184948;2019-01-13;"domingo";"14:45:00";"SP";101;47,8;"UBATUBA";"Falta de Atenção à Condução";"Colisão lateral";"Com Vítimas Feridas";"Pleno dia";"Crescente";"Céu Claro";"Simples";"Reta";"Sim";3;0;1;0;2;0;1;2;"-23.43725177";"-45.08771896";"SR-SP";"DEL6";"UOP03/SP"
184950;2019-01-13;"domingo";"14:45:00";"GO";70;8;"AGUAS LINDAS DE GOIAS";"Desobediência às normas de trânsito pelo condutor";"Saída de leito carroçável";"Com Vítimas Fatais";"Pleno dia";"Crescente";"Céu Claro";"Simples";"Reta";"Sim";2;1;0;1;0;0;1;1;"-15.7375";"-48.2739";"SR-DF";"GO";"UOP06/DF"
184951;2019-01-13;"domingo";"14:30:00";"RJ";101;425;"MANGARATIBA";"Ingestão de Álcool";"Colisão traseira";"Com Vítimas Feridas";"Pleno dia";"Decrescente";"Sol";"Simples";"Reta";"Não";5;0;2;0;3;0;2;3;"-22.926231";"-43.963329";"SR-RJ";"DEL5/3";"UOP01/RJ"
184953;2019-01-13;"domingo";"15:15:00";"PR";163;279;"QUATRO PONTES";"Ultrapassagem Indevida";"Colisão frontal";"Com Vítimas Feridas";"Pleno dia";"Decrescente";"Céu Claro";"Simples";"Curva";"Não";4;0;1;1;2;0;2;2;"-24.5837";"-53.9851";"SR-PR";"DEL7/6";"UOP04/PR"
184954;2019-01-13;"domingo";"15:00:00";"DF";60;3;"BRASILIA";"Desobediência às normas de trânsito pelo condutor";"Colisão lateral";"Com Vítimas Feridas";"Pleno dia";"Decrescente";"Céu Claro";"Simples";"Reta";"Sim";2;0;1;0;1;0;1;2;"-15.890521";"-48.086864";"SR-DF";"DF";"UOP03/DF"
184955;2019-01-13;"domingo";"15:10:00";"RS";116;221,8;"DOIS IRMAOS";"Desobediência às normas de trânsito pelo condutor";"Colisão transversal";"Com Vítimas Feridas";"Pleno dia";"Crescente";"Sol";"Dupla";"Não Informado";"Sim";2;0;1;0;1;0;1;2;"-29.572474";"-51.096249";"SR-RS";"DEL9/5";"UOP02/RS"
184956;2019-01-13;"domingo";"07:25:00";"AL";316;252,5;"PILAR";"Ingestão de Álcool";"Colisão lateral";"Com Vítimas Feridas";"Pleno dia";"Decrescente";"Nublado";"Simples";"Reta";"Não";2;0;1;0;0;1;1;2;"-9.57714932";"-35.96271884";"SR-AL";"DEL13/1";"UOP01/AL"
184957;2019-01-12;"sábado";"09:00:00";"MT";163;1111;"GUARANTA DO NORTE";"Velocidade Incompatível";"Tombamento";"Sem Vítimas";"Pleno dia";"Crescente";"Céu Claro";"Simples";"Não Informado";"Não";1;0;0;0;1;0;0;1;"-9.601397";"-54.886204";"SR-MT";"DEL2/6";"UOP02/MT"
184958;2019-01-13;"domingo";"06:06:00";"SC";116;141,7;"SANTA CECILIA";"Falta de Atenção à Condução";"Colisão traseira";"Com Vítimas Fatais";"Amanhecer";"Crescente";"Céu Claro";"Simples";"Reta";"Não";2;1;0;0;0;1;0;2;"-26.966255";"-50.409283";"SR-SC";"DEL8/6";"UOP02/SC"
184959;2019-01-13;"domingo";"14:50:00";"MG";262;177;"SAO DOMINGOS DO PRATA";"Defeito Mecânico no Veículo";"Incêndio";"Sem Vítimas";"Pleno dia";"Crescente";"Céu Claro";"Simples";"Reta";"Não";1;0;0;0;1;0;0;1;"-19.928415";"-42.972904";"SR-MG";"DEL4/3";"UOP01/MG"
184960;2019-01-13;"domingo";"16:00:00";"SP";116;272;"TABOAO DA SERRA";"Velocidade Incompatível";"Colisão traseira";"Com Vítimas Feridas";"Pleno dia";"Decrescente";"Nublado";"Dupla";"Reta";"Sim";2;0;0;1;1;0;1;1;"-23.61365122";"-46.78184878";"SR-SP";"DEL6/4";"UOP01/SP"
184961;2019-01-13;"domingo";"12:20:00";"MG";262;762;"UBERABA";"Falta de Atenção à Condução";"Saída de leito carroçável";"Com Vítimas Feridas";"Pleno dia";"Crescente";"Céu Claro";"Simples";"Reta";"Não";4;0;3;1;0;0;4;1;"-19.6671598";"-47.60890961";"SR-MG";"DEL13";"UOP01/MG"
184962;2019-01-13;"domingo";"11:30:00";"SC";101;41;"JOINVILLE";"Falta de Atenção à Condução";"Colisão traseira";"Com Vítimas Feridas";"Pleno dia";"Decrescente";"Sol";"Dupla";"Viaduto";"Sim";4;0;2;0;2;0;2;3;"-26.324";"-48.8672";"SR-SC";"DEL8/3";"UOP01/SC"
184963;2019-01-13;"domingo";"15:25:00";"RN";110;68,5;"MOSSORO";"Restrição de Visibilidade";"Colisão frontal";"Com Vítimas Fatais";"Pleno dia";"Decrescente";"Chuva";"Simples";"Reta";"Não";4;1;0;1;1;1;1;2;"-5.226844";"-37.33197";"SR-RN";"DEL15/4";"UOP01/RN"
184964;2019-01-13;"domingo";"15:10:00";"RS";285;258;"AGUA SANTA";"Avarias e/ou desgaste excessivo no pneu";"Saída de leito carroçável";"Com Vítimas Feridas";"Pleno dia";"Crescente";"Chuva";"Simples";"Não Informado";"Não";5;0;1;0;4;0;1;1;"-28.303923";"-52.061325";"SR-RS";"DEL08";"UOP03/RS"
184965;2019-01-13;"domingo";"15:00:00";"SC";163;68;"SAO MIGUEL DO OESTE";"Falta de Atenção à Condução";"Colisão com objeto estático";"Sem Vítimas";"Pleno dia";"Crescente";"Céu Claro";"Simples";"Não Informado";"Não";2;0;0;0;2;0;0;1;"-26.750364";"-53.50087";"SR-SC";"DEL7";"UOP03/SC"
184966;2019-01-13;"domingo";"15:00:00";"MG";116;162;"PADRE PARAISO";"Velocidade Incompatível";"Saída de leito carroçável";"Com Vítimas Feridas";"Pleno dia";"Decrescente";"Céu Claro";"Simples";"Curva";"Não";3;0;3;0;0;0;3;1;"-16.95172423";"-41.46240234";"SR-MG";"DEL4/11";"UOP02/MG"
184967;2019-01-13;"domingo";"10:45:00";"SC";116;204,2;"PONTE ALTA";"Velocidade Incompatível";"Saída de leito carroçável";"Com Vítimas Feridas";"Pleno dia";"Decrescente";"Sol";"Simples";"Reta";"Não";1;0;1;0;0;0;1;1;"-27.481998";"-50.379116";"SR-SC";"DEL8/5";"UOP03/SC"
184968;2019-01-13;"domingo";"15:15:00";"PE";110;97;"SERTANIA";"Animais na Pista";"Saída de leito carroçável";"Sem Vítimas";"Pleno dia";"Crescente";"Sol";"Simples";"Reta";"Não";1;0;0;0;1;0;0;1;"-8.372472";"-37.293274";"SR-PE";"DEL11/3";"UOP02/PE"
184970;2019-01-13;"domingo";"14:55:00";"SC";470;163;"TROMBUDO CENTRAL";"Desobediência às normas de trânsito pelo condutor";"Colisão lateral";"Sem Vítimas";"Pleno dia";"Crescente";"Céu Claro";"Simples";"Reta";"Não";5;0;0;0;5;0;0;5;"-27.278976";"-49.825996";"SR-SC";"DEL8/4";"UOP02/SC"