"id";"data_inversa";"dia_semana";"horario";"uf";"br";"km";"municipio";"causa_acidente";"tipo_acidente";"classificacao_acidente";"fase_dia";"sentido_via";"condicao_metereologica";"tipo_pista";"tracado_via";"uso_solo";"pessoas";"mortos";"feridos_leves";"feridos_graves";"ilesos";"ignorados";"feridos";"veiculos";"latitude";"longitude";"regional";"delegacia";"uop"
185172;2019-01-14;"segunda-feira";"08:20:00";"PI";343;340;"TERESINA";"Pista Escorregadia";"Tombamento";"Com Vítimas Feridas";"Pleno dia";"Crescente";"Nublado";"Simples";"Não Informado";"Sim";2;0;1;0;1;0;1;2;"-5.074137";"-42.73629";"SR-PI";"DEL17/1";"UOP01/PI"
185173;2019-01-13;"domingo";"22:40:00";"MA";230;91;"SAO JOAO DOS PATOS";"Deficiência ou não Acionamento do Sistema de Iluminação/Sinalização do Veículo";"Colisão com objeto estático";"Com Vítimas Feridas";"Plena Noite";"Crescente";"Céu Claro";"Simples";"Curva";"Não";2;0;0;1;0;1;1;2;"-6.492675";"-43.710655";"SR-PI";"DEL17/3";"UOP01/PI"
185174;2019-01-14;"segunda-feira";"07:30:00";"RO";364;776;"PORTO VELHO";"Avarias e/ou desgaste excessivo no pneu";"Saída de leito carroçável";"Com Vítimas Feridas";"Amanhecer";"Crescente";"Nublado";"Simples";"Reta";"Não";3;0;3;0;0;0;3;1;"-9.17284972";"-64.21992749";"SR-RO";"DEL21/1";"UOP02/RO"
185176;2019-01-14;"segunda-feira";"09:30:00";"SC";280;127,1;"RIO NEGRINHO";"Falta de Atenção do Pedestre";"Atropelamento de Pedestre";"Com Vítimas Feridas";"Pleno dia";"Decrescente";"Nublado";"Simples";"Reta";"Sim";2;0;0;1;1;0;1;1;"-26.239437";"-49.504192";"SR-SC";"DEL8/6";"UOP03/SC"
185177;2019-01-14;"segunda-feira";"07:30:00";"BA";242;246,1;"ITABERABA";"Pista Escorregadia";"Colisão lateral";"Com Vítimas Feridas";"Pleno dia";"Crescente";"Chuva";"Simples";"Curva";"Não";2;0;1;0;1;0;1;2;"-12.511013";"-40.442356";"SR-BA";"DEL10/6";"UOP02/BA"
185179;2019-01-14;"segunda-feira";"10:35:00";"RJ";101;316;"SAO GONCALO";"Não guardar distância de segurança";"Colisão traseira";"Com Vítimas Feridas";"Pleno dia";"Crescente";"Céu Claro";"Dupla";"Reta";"Sim";3;0;1;0;2;0;1;2;"-22.828388";"-43.092102";"SR-RJ";"DEL5/2";"UOP02/RJ"
185180;2019-01-14;"segunda-feira";"08:20:00";"SC";101;134;"BALNEARIO CAMBORIU";"Desobediência às normas de trânsito pelo condutor";"Colisão transversal";"Com Vítimas Feridas";"Pleno dia";"Decrescente";"Céu Claro";"Dupla";"Interseção de vias";"Sim";2;0;1;0;1;0;1;2;"-27.00358169";"-48.63035917";"SR-SC";"DEL8/4";"UOP03/SC"
185182;2019-01-14;"segunda-feira";"10:10:00";"SC";280;52,7;"GUARAMIRIM";"Falta de Atenção à Condução";"Saída de leito carroçável";"Com Vítimas Feridas";"Pleno dia";"Crescente";"Céu Claro";"Simples";"Interseção de vias";"Sim";2;0;1;0;1;0;1;2;"-26.47138776";"-48.97138059";"SR-SC";"DEL8/3";"UOP03/SC"
185183;2019-01-14;"segunda-feira";"10:50:00";"PR";376;15,3;"MARINGA";"Avarias e/ou desgaste excessivo no pneu";"Queda de ocupante de veículo";"Com Vítimas Feridas";"Pleno dia";"Decrescente";"Sol";"Dupla";"Reta";"Não";2;0;0;2;0;0;2;1;"-23.41375285";"-51.88069224";"SR-PR";"DEL7/7";"UOP04/PR"
185184;2019-01-14;"segunda-feira";"11:00:00";"SP";116;217;"GUARULHOS";"Falta de Atenção à Condução";"Tombamento";"Com Vítimas Feridas";"Pleno dia";"Decrescente";"Sol";"Múltipla";"Reta";"Sim";1;0;1;0;0;0;1;1;"-23.45378727";"-46.47033423";"SR-SP";"DEL6/1";"UOP01/SP"
185185;2019-01-14;"segunda-feira";"08:30:00";"MA";230;399;"BALSAS";"Falta de Atenção à Condução";"Colisão frontal";"Com Vítimas Feridas";"Pleno dia";"Crescente";"Nublado";"Simples";"Reta";"Não";2;0;1;0;1;0;1;2;"-7.521335";"-46.04969";"SR-MA";"DEL18/5";"UOP01/MA"
185186;2019-01-14;"segunda-feira";"10:55:00";"RS";386;341;"LAJEADO";"Falta de Atenção à Condução";"Colisão traseira";"Com Vítimas Feridas";"Plena Noite";"Crescente";"Sol";"Simples";"Interseção de vias";"Sim";2;0;1;0;1;0;1;2;"-29.43392115";"-52.00768585";"SR-RS";"DEL9/4";"UOP01/RS"
185188;2019-01-14;"segunda-feira";"08:30:00";"MT";163;39,9;"ITIQUIRA";"Condutor Dormindo";"Saída de leito carroçável";"Sem Vítimas";"Pleno dia";"Decrescente";"Sol";"Dupla";"Reta";"Não";1;0;0;0;1;0;0;1;"-17.173063";"-54.760029";"SR-MT";"DEL2/2";"UOP02/MT"
185189;2019-01-14;"segunda-feira";"11:00:00";"MG";381;357;"JOAO MONLEVADE";"Desobediência às normas de trânsito pelo pedestre";"Atropelamento de Pedestre";"Com Vítimas Feridas";"Pleno dia";"Crescente";"Sol";"Simples";"Reta";"Não";2;0;0;1;1;0;1;1;"-19.84601834";"-43.16877544";"SR-MG";"DEL4/3";"UOP01/MG"
185190;2019-01-14;"segunda-feira";"11:15:00";"RJ";40;17;"TRES RIOS";"Desobediência às normas de trânsito pelo condutor";"Colisão traseira";"Com Vítimas Fatais";"Pleno dia";"Decrescente";"Sol";"Dupla";"Reta";"Não";8;1;0;1;6;0;1;2;"-22.093";"-43.1708";"SR-RJ";"DEL5/6";"UOP01/RJ"
185191;2019-01-14;"segunda-feira";"11:00:00";"PR";277;44;"MORRETES";"Falta de Atenção à Condução";"Colisão traseira";"Com Vítimas Feridas";"Pleno dia";"Crescente";"Céu Claro";"Múltipla";"Curva";"Não";3;0;1;0;2;0;1;2;"-25.57932728";"-48.86066437";"SR-PR";"DEL7/1";"UOP06/PR"
185192;2019-01-14;"segunda-feira";"11:30:00";"RS";158;195;"CRUZ ALTA";"Desobediência às normas de trânsito pelo condutor";"Colisão lateral";"Com Vítimas Feridas";"Pleno dia";"Decrescente";"Sol";"Simples";"Interseção de vias";"Sim";4;0;1;0;3;0;1;2;"-28.64547754";"-53.57339144";"SR-RS";"DEL9/10";"UOP02/RS"
185193;2019-01-14;"segunda-feira";"09:20:00";"MG";381;289;"JAGUARACU";"Falta de Atenção à Condução";"Colisão traseira";"Sem Vítimas";"Pleno dia";"Decrescente";"Céu Claro";"Simples";"Reta";"Não";2;0;0;0;2;0;0;2;"-19.61784247";"-42.78972122";"SR-MG";"DEL4/3";"UOP02/MG"
185194;2019-01-14;"segunda-feira";"10:31:00";"MG";40;40,8;"PARACATU";"Falta de Atenção à Condução";"Colisão traseira";"Com Vítimas Feridas";"Pleno dia";"Decrescente";"Céu Claro";"Simples";"Reta";"Sim";5;0;1;0;4;0;1;2;"-17.21105659";"-46.87449932";"SR-MG";"DEL4/14";"UOP01/MG"
185195;2019-01-14;"segunda-feira";"10:55:00";"MG";381;515;"IGARAPE";"Falta de Atenção à Condução";"Colisão traseira";"Com Vítimas Feridas";"Pleno dia";"Decrescente";"Sol";"Dupla";"Desvio Temporário";"Não";2;0;1;0;1;0;1;2;"-20.0989";"-44.3171";"SR-MG";"DEL4/1";"UOP03/MG"
185196;2019-01-14;"segunda-feira";"11:20:00";"SP";116;147,4;"SAO JOSE DOS CAMPOS";"Velocidade Incompatível";"Colisão traseira";"Com Vítimas Feridas";"Pleno dia";"Crescente";"Sol";"Dupla";"Reta";"Sim";2;0;1;0;1;0;1;2;"-23.195473";"-45.871849";"SR-SP";"DEL6/2";"UOP01/SP"
185197;2019-01-14;"segunda-feira";"01:00:00";"GO";20;115;"FLORES DE GOIAS";"Defeito Mecânico no Veículo";"Incêndio";"Sem Vítimas";"Plena Noite";"Decrescente";"Céu Claro";"Simples";"Reta";"Não";2;0;0;0;2;0;0;1;"-14.886738";"-46.870541";"SR-DF";"GO";"UOP05/DF"
185198;2019-01-14;"segunda-feira";"12:00:00";"SC";282;3,5;"SAO JOSE";"Não guardar distância de segurança";"Colisão lateral";"Com Vítimas Feridas";"Pleno dia";"Crescente";"Céu Claro";"Múltipla";"Reta";"Sim";4;0;1;0;1;2;1;4;"-27.600384";"-48.599705";"SR-SC";"DEL8/1";"UOP01/SC"
185200;2019-01-14;"segunda-feira";"11:50:00";"ES";101;339,4;"GUARAPARI";"Falta de Atenção à Condução";"Colisão lateral";"Sem Vítimas";"Pleno dia";"Decrescente";"Céu Claro";"Simples";"Reta";"Não";3;0;0;0;3;0;0;2;"-20.66689861";"-40.60982466";"SR-ES";"DEL12/3";"UOP01/ES"
185201;2019-01-14;"segunda-feira";"11:40:00";"PB";230;66;"SAO MIGUEL DE TAIPU";"Defeito Mecânico no Veículo";"Saída de leito carroçável";"Com Vítimas Feridas";"Pleno dia";"Crescente";"Céu Claro";"Dupla";"Curva";"Não";4;0;0;1;3;0;1;1;"-7.185005";"-35.197878";"SR-PB";"DEL14/1";"UOP03/PB"
185202;2019-01-14;"segunda-feira";"11:30:00";"RS";101;0,1;"TORRES";"Falta de Atenção à Condução";"Colisão traseira";"Com Vítimas Feridas";"Pleno dia";"Crescente";"Céu Claro";"Dupla";"Reta";"Não";2;0;1;0;0;1;1;2;"-29.29947053";"-49.77005124";"SR-RS";"DEL9/3";"UOP03/RS"
185203;2019-01-14;"segunda-feira";"12:45:00";"SP";381;32,9;"ATIBAIA";"Falta de Atenção à Condução";"Colisão traseira";"Com Vítimas Fatais";"Pleno dia";"Decrescente";"Céu Claro";"Dupla";"Reta";"Não";2;1;0;0;1;0;0;2;"-23.064737";"-46.570454";"SR-SP";"DEL6/3";"UOP01/SP"
185204;2019-01-14;"segunda-feira";"12:36:00";"PR";369;149,2;"LONDRINA";"Ingestão de álcool e/ou substâncias psicoativas pelo pedestre";"Atropelamento de Pedestre";"Com Vítimas Fatais";"Pleno dia";"Decrescente";"Céu Claro";"Dupla";"Reta";"Sim";3;1;0;0;1;1;0;1;"-23.29273238";"-51.15373313";"SR-PR";"DEL7/7";"UOP01/PR"
185206;2019-01-14;"segunda-feira";"12:30:00";"PR";376;113,8;"CURITIBA";"Velocidade Incompatível";"Colisão traseira";"Sem Vítimas";"Pleno dia";"Decrescente";"Nublado";"Dupla";"Reta";"Sim";4;0;0;0;4;0;0;3;"-25.50030556";"-49.34234619";"SR-PR";"DEL7/7";"UOP05/PR"
185207;2019-01-14;"segunda-feira";"13:30:00";"GO";60;55;"ABADIANIA";"Falta de Atenção à Condução";"Capotamento";"Com Vítimas Feridas";"Pleno dia";"Crescente";"Sol";"Dupla";"Reta";"Não";2;0;2;0;0;0;2;1;"-16.1862";"-48.6611";"SR-GO";"DEL1/2";"UOP01/GO"
185208;2019-01-14;"segunda-feira";"13:30:00";"SP";153;57,6;"SAO JOSE DO RIO PRETO";"Objeto estático sobre o leito carroçável";"Colisão com objeto estático";"Com Vítimas Feridas";"Pleno dia";"Crescente";"Céu Claro";"Simples";"Não Informado";"Sim";5;0;4;1;0;0;5;2;"-20.769854";"-49.349796";"SR-SP";"DEL6/9";"UOP01/SP"
185209;2019-01-14;"segunda-feira";"13:10:00";"PR";376;633,2;"SAO JOSE DOS PINHAIS";"Defeito Mecânico no Veículo";"Queda de ocupante de veículo";"Com Vítimas Feridas";"Pleno dia";"Crescente";"Sol";"Dupla";"Reta";"Não";1;0;1;0;0;0;1;1;"-25.72306941";"-49.13583755";"SR-PR";"DEL7/1";"UOP08/PR"
185210;2019-01-14;"segunda-feira";"13:45:00";"SC";101;203,2;"SAO JOSE";"Pista Escorregadia";"Queda de ocupante de veículo";"Com Vítimas Feridas";"Pleno dia";"Decrescente";"Sol";"Múltipla";"Curva";"Sim";1;0;1;0;0;0;1;1;"-27.5742";"-48.6134";"SR-SC";"DEL8/1";"UOP01/SC"
185211;2019-01-14;"segunda-feira";"14:40:00";"ES";101;237,4;"FUNDAO";"Velocidade Incompatível";"Capotamento";"Com Vítimas Fatais";"Pleno dia";"Crescente";"Céu Claro";"Simples";"Reta";"Não";1;1;0;0;0;0;0;1;"-19.99741173";"-40.41410035";"SR-ES";"DEL12/2";"UOP01/ES"
185212;2019-01-14;"segunda-feira";"14:45:00";"MG";381;518,5;"IGARAPE";"Velocidade Incompatível";"Colisão com objeto estático";"Com Vítimas Feridas";"Pleno dia";"Decrescente";"Sol";"Dupla";"Curva";"Não";1;0;1;0;0;0;1;1;"-20.1093";"-44.3169";"SR-MG";"DEL4/1";"UOP03/MG"
185213;2019-01-14;"segunda-feira";"14:30:00";"SC";280;136;"RIO NEGRINHO";"Condutor Dormindo";"Saída de leito carroçável";"Com Vítimas Feridas";"Pleno dia";"Decrescente";"Nublado";"Simples";"Não Informado";"Não";1;0;1;0;0;0;1;1;"-26.2701";"-49.581215";"SR-SC";"DEL8/6";"UOP03/SC"
185214;2019-01-14;"segunda-feira";"12:15:00";"AL";316;148;"PALMEIRA DOS INDIOS";"Falta de Atenção à Condução";"Colisão lateral";"Sem Vítimas";"Pleno dia";"Decrescente";"Céu Claro";"Simples";"Interseção de vias";"Sim";4;0;0;0;4;0;0;2;"-9.407182";"-36.689068";"SR-AL";"DEL13/3";"UOP01/AL"
185215;2019-01-14;"segunda-feira";"12:55:00";"MG";116;488,7;"INHAPIM";"Não guardar distância de segurança";"Colisão traseira";"Com Vítimas Feridas";"Pleno dia";"Decrescente";"Céu Claro";"Simples";"Curva";"Não";3;0;1;0;2;0;1;2;"-19.451946";"-42.128465";"SR-MG";"DEL4/6";"UOP02/MG"
185216;2019-01-14;"segunda-feira";"15:00:00";"PR";476;128,8;"CURITIBA";"Falta de Atenção à Condução";"Tombamento";"Com Vítimas Feridas";"Pleno dia";"Crescente";"Chuva";"Dupla";"Reta";"Sim";3;0;0;2;1;0;2;2;"-25.433048";"-49.23156";"SR-PR";"DEL7/1";"UOP06/PR"
185217;2019-01-14;"segunda-feira";"15:00:00";"SC";101;213;"PALHOCA";"Não guardar distância de segurança";"Colisão traseira";"Sem Vítimas";"Pleno dia";"Decrescente";"Céu Claro";"Dupla";"Reta";"Sim";4;0;0;0;4;0;0;2;"-27.6446";"-48.6705";"SR-SC";"DEL8/1";"UOP02/SC"
185218;2019-01-14;"segunda-feira";"14:45:00";"MG";153;23;"CENTRALINA";"Falta de Atenção à Condução";"Colisão com objeto estático";"Com Vítimas Feridas";"Pleno dia";"Decrescente";"Céu Claro";"Dupla";"Curva";"Não";2;0;1;0;0;1;1;1;"-18.6299";"-49.1844";"SR-MG";"DEL4/15";"UOP03/MG"
185219;2019-01-01;"terça-feira";"15:00:00";"PE";101;71,2;"RECIFE";"Não guardar distância de segurança";"Colisão traseira";"Com Vítimas Feridas";"Pleno dia";"Crescente";"Nublado";"Dupla";"Reta";"Sim";3;0;1;0;2;0;1;2;"-8.0857";"-34.9457";"SR-PE";"DEL11/1";"UOP01/PE"
185220;2019-01-14;"segunda-feira";"15:40:00";"PR";373;172;"PONTA GROSSA";"Velocidade Incompatível";"Saída de leito carroçável";"Com Vítimas Feridas";"Pleno dia";"Crescente";"Céu Claro";"Dupla";"Interseção de vias";"Sim";2;0;0;1;1;0;1;1;"-25.08095";"-50.192261";"SR-PR";"DEL7/3";"UOP01/PR"
185221;2019-01-14;"segunda-feira";"13:40:00";"BA";101;263,9;"SANTO ANTONIO DE JESUS";"Falta de Atenção à Condução";"Colisão lateral";"Com Vítimas Feridas";"Pleno dia";"Decrescente";"Nublado";"Simples";"Reta";"Sim";2;0;0;1;1;0;1;2;"-12.9781";"-39.2801";"SR-BA";"DEL10/1";"UOP02/BA"
185223;2019-01-14;"segunda-feira";"15:20:00";"RS";285;288,6;"PASSO FUNDO";"Falta de Atenção à Condução";"Colisão traseira";"Com Vítimas Feridas";"Pleno dia";"Decrescente";"Garoa/Chuvisco";"Dupla";"Rotatória";"Sim";3;0;1;1;1;0;2;2;"-28.23814804";"-52.37097323";"SR-RS";"DEL08";"UOP03/RS"
185224;2019-01-14;"segunda-feira";"14:30:00";"PA";10;61,5;"ULIANOPOLIS";"Condutor Dormindo";"Saída de leito carroçável";"Com Vítimas Feridas";"Pleno dia";"Decrescente";"Sol";"Simples";"Reta";"Não";4;0;2;0;2;0;2;1;"-3.721266";"-47.489651";"SR-PA";"DEL19/2";"UOP03/PA"
185226;2019-01-14;"segunda-feira";"15:00:00";"PR";116;115;"CURITIBA";"Não guardar distância de segurança";"Colisão traseira";"Com Vítimas Feridas";"Pleno dia";"Crescente";"Nublado";"Dupla";"Reta";"Não";3;0;1;0;2;0;1;3;"-25.544559";"-49.30146";"SR-PR";"DEL7/1";"UOP01/PR"
185228;2019-01-14;"segunda-feira";"15:40:00";"SC";101;142;"ITAPEMA";"Falta de Atenção à Condução";"Tombamento";"Com Vítimas Feridas";"Pleno dia";"Crescente";"Céu Claro";"Dupla";"Reta";"Sim";1;0;0;1;0;0;1;1;"-27.0645";"-48.5958";"SR-SC";"DEL8/4";"UOP03/SC"
185229;2019-01-14;"segunda-feira";"16:10:00";"ES";101;95,1;"JAGUARE";"Falta de Atenção à Condução";"Colisão traseira";"Com Vítimas Feridas";"Pleno dia";"Decrescente";"Céu Claro";"Simples";"Reta";"Não";6;0;2;1;3;0;3;3;"-18.95727238";"-39.98439789";"SR-ES";"DEL12/4";"UOP02/ES"
185230;2019-01-14;"segunda-feira";"16:10:00";"MG";267;177,8;"OLARIA";"Defeito Mecânico no Veículo";"Saída de leito carroçável";"Com Vítimas Feridas";"Pleno dia";"Decrescente";"Céu Claro";"Simples";"Reta";"Não";2;0;2;0;0;0;2;1;"-21.9354025";"-44.0057373";"SR-MG";"DEL5";"UOP01/MG"
185231;2019-01-14;"segunda-feira";"16:30:00";"PR";277;662;"MATELANDIA";"Defeito Mecânico no Veículo";"Queda de ocupante de veículo";"Com Vítimas Feridas";"Pleno dia";"Decrescente";"Céu Claro";"Dupla";"Reta";"Não";2;0;2;0;0;0;2;1;"-25.251236";"-54.009113";"SR-PR";"DEL7/5";"UOP02/PR"
185232;2019-01-14;"segunda-feira";"16:40:00";"PR";369;184,6;"ARAPONGAS";"Falta de Atenção à Condução";"Colisão lateral";"Com Vítimas Feridas";"Pleno dia";"Decrescente";"Céu Claro";"Simples";"Reta";"Sim";2;0;0;1;1;0;1;2;"-23.403025";"-51.428042";"SR-PR";"DEL7/7";"UOP03/PR"
185233;2019-01-14;"segunda-feira";"13:30:00";"PR";277;667;"MEDIANEIRA";"Defeito Mecânico no Veículo";"Saída de leito carroçável";"Sem Vítimas";"Pleno dia";"Crescente";"Céu Claro";"Dupla";"Reta";"Não";1;0;0;0;1;0;0;1;"-25.265814";"-54.054371";"SR-PR";"DEL7/5";"UOP02/PR"
185234;2019-01-14;"segunda-feira";"11:20:00";"RJ";495;21;"PETROPOLIS";"Não guardar distância de segurança";"Colisão traseira";"Com Vítimas Feridas";"Pleno dia";"Crescente";"Céu Claro";"Simples";"Curva";"Não";3;0;1;1;1;0;2;2;"-22.411654";"-43.079391";"SR-RJ";"DEL5/6";"UOP01/RJ"
185235;2019-01-14;"segunda-feira";"13:45:00";"RO";364;424;"JARU";"Desobediência às normas de trânsito pelo condutor";"Colisão transversal";"Com Vítimas Feridas";"Pleno dia";"Crescente";"Céu Claro";"Dupla";"Reta";"Sim";2;0;1;0;1;0;1;2;"-10.444572";"-62.465683";"SR-RO";"DEL21/3";"UOP02/RO"
185236;2019-01-14;"segunda-feira";"17:00:00";"DF";40;2,5;"BRASILIA";"Mal Súbito";"Colisão com objeto estático";"Com Vítimas Feridas";"Pleno dia";"Crescente";"Céu Claro";"Dupla";"Reta";"Sim";1;0;1;0;0;0;1;1;"-15.99435";"-47.985947";"SR-DF";"DF";"UOP01/DF"
185237;2019-01-14;"segunda-feira";"17:00:00";"SC";470;49;"BLUMENAU";"Falta de Atenção à Condução";"Colisão lateral";"Com Vítimas Feridas";"Pleno dia";"Crescente";"Nublado";"Simples";"Interseção de vias";"Sim";2;0;0;1;1;0;1;2;"-26.860662";"-49.065159";"SR-SC";"DEL8/4";"UOP01/SC"
185239;2019-01-14;"segunda-feira";"16:10:00";"PB";230;27,5;"JOAO PESSOA";"Defeito Mecânico no Veículo";"Incêndio";"Sem Vítimas";"Pleno dia";"Crescente";"Sol";"Dupla";"Viaduto";"Sim";1;0;0;0;1;0;0;1;"-7.1656191";"-34.89635468";"SR-PB";"DEL14/1";"UOP01/PB"
185240;2019-01-14;"segunda-feira";"16:25:00";"PB";230;11,2;"CABEDELO";"Falta de Atenção à Condução";"Colisão lateral";"Com Vítimas Feridas";"Pleno dia";"Decrescente";"Céu Claro";"Dupla";"Reta";"Sim";2;0;1;0;1;0;1;2;"-7.0596";"-34.8506";"SR-PB";"DEL14/1";"UOP01/PB"
185241;2019-01-14;"segunda-feira";"16:50:00";"SC";470;5;"NAVEGANTES";"Falta de Atenção à Condução";"Colisão transversal";"Com Vítimas Feridas";"Pleno dia";"Decrescente";"Sol";"Simples";"Reta";"Não";2;0;1;0;1;0;1;2;"-26.855688";"-48.700333";"SR-SC";"DEL8/4";"UOP04/SC"
185242;2019-01-14;"segunda-feira";"16:00:00";"SE";101;73,3;"MARUIM";"Falta de Atenção à Condução";"Tombamento";"Com Vítimas Feridas";"Pleno dia";"Decrescente";"Céu Claro";"Simples";"Reta";"Não";1;0;0;1;0;0;1;1;"-10.7853";"-37.1421";"SR-SE";"DEL20/1";"UOP01/SE"
185243;2019-01-14;"segunda-feira";"17:50:00";"SP";381;44;"ATIBAIA";"Velocidade Incompatível";"Colisão traseira";"Com Vítimas Feridas";"Pleno dia";"Crescente";"Céu Claro";"Dupla";"Reta";"Sim";3;0;0;1;1;1;1;2;"-23.138622";"-46.575844";"SR-SP";"DEL6/3";"UOP02/SP"
185245;2019-01-14;"segunda-feira";"17:45:00";"ES";101;417;"ITAPEMIRIM";"Ultrapassagem Indevida";"Colisão lateral";"Com Vítimas Feridas";"Pleno dia";"Crescente";"Céu Claro";"Simples";"Reta";"Não";2;0;1;0;1;0;1;2;"-20.94754561";"-41.08942777";"SR-ES";"DEL12/3";"UOP02/ES"
185246;2019-01-14;"segunda-feira";"12:50:00";"SC";153;27,1;"AGUA DOCE";"Agressão Externa";"Saída de leito carroçável";"Com Vítimas Feridas";"Pleno dia";"Decrescente";"Céu Claro";"Simples";"Reta";"Não";4;0;4;0;0;0;4;1;"-26.766655";"-51.67094";"SR-SC";"DEL7";"UOP06/SC"
185247;2019-01-14;"segunda-feira";"11:35:00";"CE";222;221,6;"SOBRAL";"Desobediência às normas de trânsito pelo condutor";"Tombamento";"Sem Vítimas";"Pleno dia";"Crescente";"Chuva";"Simples";"Curva";"Sim";1;0;0;0;1;0;0;1;"-3.727039";"-40.322338";"SR-CE";"DEL16/4";"UOP01/CE"
185248;2019-01-13;"domingo";"18:50:00";"PI";135;557;"CORRENTE";"Ingestão de Álcool";"Colisão lateral";"Sem Vítimas";"Plena Noite";"Decrescente";"Céu Claro";"Simples";"Reta";"Não";2;0;0;0;2;0;0;2;"-10.145636";"-45.193714";"SR-PI";"DEL17/3";"UOP02/PI"
185249;2019-01-14;"segunda-feira";"17:50:00";"SC";101;157;"PORTO BELO";"Falta de Atenção à Condução";"Colisão transversal";"Com Vítimas Feridas";"Pleno dia";"Decrescente";"Céu Claro";"Dupla";"Reta";"Sim";3;0;2;0;1;0;2;2;"-27.1901";"-48.6123";"SR-SC";"DEL8/4";"UOP03/SC"
185250;2019-01-14;"segunda-feira";"16:44:00";"MG";40;366;"FELIXLANDIA";"Defeito Mecânico no Veículo";"Tombamento";"Com Vítimas Feridas";"Pleno dia";"Decrescente";"Céu Claro";"Simples";"Curva";"Não";1;0;1;0;0;0;1;1;"-18.7855";"-44.810379";"SR-MG";"DEL4/2";"UOP01/MG"
185251;2019-01-14;"segunda-feira";"18:15:00";"PR";376;159;"MANDAGUACU";"Falta de Atenção à Condução";"Queda de ocupante de veículo";"Com Vítimas Feridas";"Pleno dia";"Crescente";"Nublado";"Dupla";"Reta";"Não";1;0;0;1;0;0;1;1;"-23.352516";"-52.09127";"SR-PR";"DEL7/7";"UOP04/PR"
185252;2019-01-14;"segunda-feira";"16:50:00";"CE";222;35;"CAUCAIA";"Não guardar distância de segurança";"Colisão lateral";"Com Vítimas Feridas";"Pleno dia";"Crescente";"Céu Claro";"Simples";"Reta";"Não";2;0;1;0;1;0;1;2;"-3.700936";"-38.864799";"SR-CE";"DEL16/1";"UOP01/CE"
185253;2019-01-14;"segunda-feira";"18:20:00";"PR";376;658,1;"TIJUCAS DO SUL";"Velocidade Incompatível";"Colisão com objeto estático";"Sem Vítimas";"Pleno dia";"Decrescente";"Chuva";"Dupla";"Curva";"Não";3;0;0;0;3;0;0;1;"-25.84717407";"-49.01112556";"SR-PR";"DEL7/1";"UOP08/PR"
185254;2019-01-02;"quarta-feira";"07:20:00";"RS";290;44;"GLORINHA";"Falta de Atenção à Condução";"Engavetamento";"Com Vítimas Feridas";"Pleno dia";"Crescente";"Céu Claro";"Múltipla";"Reta";"Não";5;0;2;0;3;0;2;3;"-29.889887";"-50.699654";"SR-RS";"DEL9/3";"UOP02/RS"
185255;2019-01-14;"segunda-feira";"16:30:00";"PR";369;208;"APUCARANA";"Falta de Atenção à Condução";"Colisão transversal";"Com Vítimas Feridas";"Pleno dia";"Decrescente";"Nublado";"Simples";"Reta";"Não";2;0;1;0;1;0;1;2;"-23.564818";"-51.501778";"SR-PR";"DEL7/7";"UOP03/PR"
185256;2019-01-14;"segunda-feira";"17:15:00";"SP";116;143,3;"SAO JOSE DOS CAMPOS";"Restrição de Visibilidade";"Queda de ocupante de veículo";"Com Vítimas Feridas";"Pleno dia";"Decrescente";"Nublado";"Dupla";"Reta";"Sim";1;0;1;0;0;0;1;1;"-23.178532";"-45.83794";"SR-SP";"DEL6";"UOP02/SP"
185257;2019-01-14;"segunda-feira";"17:50:00";"DF";80;0;"BRASILIA";"Falta de Atenção à Condução";"Colisão com objeto estático";"Com Vítimas Feridas";"Pleno dia";"Crescente";"Céu Claro";"Simples";"Curva";"Não";1;0;1;0;0;0;1;1;"-15.735591";"-48.075591";"SR-DF";"DF";"UOP06/DF"
185258;2019-01-14;"segunda-feira";"16:20:00";"RO";364;711;"PORTO VELHO";"Falta de Atenção à Condução";"Colisão lateral";"Com Vítimas Feridas";"Pleno dia";"Decrescente";"Céu Claro";"Dupla";"Interseção de vias";"Sim";2;0;0;1;1;0;1;2;"-8.77993314";"-63.86842939";"SR-RO";"DEL21/1";"UOP01/RO"
185259;2019-01-14;"segunda-feira";"18:40:00";"GO";153;499;"GOIANIA";"Falta de Atenção à Condução";"Colisão lateral";"Sem Vítimas";"Pleno dia";"Crescente";"Sol";"Dupla";"Reta";"Não";2;0;0;0;2;0;0;2;"-16.7033";"-49.2311";"SR-GO";"DEL1/1";"UOP01/GO"
185260;2019-01-14;"segunda-feira";"18:35:00";"SP";116;211;"GUARULHOS";"Velocidade Incompatível";"Colisão traseira";"Com Vítimas Feridas";"Anoitecer";"Decrescente";"Céu Claro";"Múltipla";"Reta";"Sim";2;0;1;0;1;0;1;2;"-23.43250703";"-46.41991854";"SR-SP";"DEL6/1";"UOP01/SP"
185261;2019-01-14;"segunda-feira";"14:00:00";"RO";364;554,6;"ALTO PARAISO";"Condutor Dormindo";"Saída de leito carroçável";"Sem Vítimas";"Pleno dia";"Crescente";"Céu Claro";"Simples";"Reta";"Não";1;0;0;0;1;0;0;1;"-9.615827";"-63.071857";"SR-RO";"DEL21/3";"UOP01/RO"