"id";"data_inversa";"dia_semana";"horario";"uf";"br";"km";"municipio";"causa_acidente";"tipo_acidente";"classificacao_acidente";"fase_dia";"sentido_via";"condicao_metereologica";"tipo_pista";"tracado_via";"uso_solo";"pessoas";"mortos";"feridos_leves";"feridos_graves";"ilesos";"ignorados";"feridos";"veiculos";"latitude";"longitude";"regional";"delegacia";"uop"
185262;2019-01-14;"segunda-feira";"17:00:00";"SC";470;120,9;"IBIRAMA";"Falta de Atenção à Condução";"Tombamento";"Com Vítimas Feridas";"Pleno dia";"Decrescente";"Sol";"Simples";"Curva";"Não";1;0;1;0;0;0;1;1;"-27.089924";"-49.520416";"SR-SC";"DEL8/4";"UOP02/SC"
185263;2019-01-14;"segunda-feira";"17:00:00";"MT";364;276;"JACIARA";"Falta de Atenção à Condução";"Saída de leito carroçável";"Com Vítimas Feridas";"Pleno dia";"Decrescente";"Céu Claro";"Simples";"Não Informado";"Não";1;0;1;0;0;0;1;1;"-15.953446";"-54.99099";"SR-MT";"DEL2/1";"UOP02/MT"
185264;2019-01-14;"segunda-feira";"11:30:00";"MG";381;625,6;"OLIVEIRA";"Condutor Dormindo";"Saída de leito carroçável";"Com Vítimas Feridas";"Pleno dia";"Crescente";"Céu Claro";"Dupla";"Não Informado";"Não";4;0;1;0;3;0;1;1;"-20.8056";"-44.7909";"SR-MG";"DEL4/4";"UOP01/MG"
185265;2019-01-14;"segunda-feira";"17:40:00";"RJ";116;137;"DUQUE DE CAXIAS";"Defeito Mecânico no Veículo";"Tombamento";"Sem Vítimas";"Pleno dia";"Decrescente";"Céu Claro";"Dupla";"Reta";"Sim";1;0;0;0;1;0;0;1;"-22.647911";"-43.182049";"SR-RJ";"DEL5/4";"UOP02/RJ"
185266;2019-01-14;"segunda-feira";"19:00:00";"PR";163;285;"MARECHAL CANDIDO RONDON";"Falta de Atenção à Condução";"Atropelamento de Pedestre";"Com Vítimas Feridas";"Anoitecer";"Crescente";"Céu Claro";"Dupla";"Reta";"Sim";2;0;0;1;1;0;1;1;"-24.5495";"-54.0421";"SR-PR";"DEL7/6";"UOP04/PR"
185267;2019-01-14;"segunda-feira";"18:40:00";"PR";376;666;"GUARATUBA";"Falta de Atenção à Condução";"Colisão traseira";"Sem Vítimas";"Pleno dia";"Decrescente";"Chuva";"Dupla";"Não Informado";"Não";3;0;0;0;3;0;0;2;"-25.85366241";"-48.95370483";"SR-PR";"DEL7/1";"UOP08/PR"
185268;2019-01-14;"segunda-feira";"19:20:00";"PR";376;11;"MARINGA";"Falta de Atenção à Condução";"Colisão com objeto estático";"Com Vítimas Feridas";"Anoitecer";"Crescente";"Céu Claro";"Dupla";"Reta";"Não";2;0;2;0;0;0;2;1;"-23.387131";"-51.898643";"SR-PR";"DEL7/7";"UOP04/PR"
185269;2019-01-14;"segunda-feira";"14:15:00";"SC";470;107,3;"APIUNA";"Condutor Dormindo";"Colisão lateral";"Com Vítimas Feridas";"Pleno dia";"Crescente";"Sol";"Simples";"Curva";"Não";5;0;1;0;4;0;1;2;"-27.077623";"-49.43145";"SR-SC";"DEL8/4";"UOP02/SC"
185270;2019-01-14;"segunda-feira";"19:30:00";"PR";116;23,5;"ANTONINA";"Velocidade Incompatível";"Colisão com objeto estático";"Sem Vítimas";"Plena Noite";"Decrescente";"Chuva";"Dupla";"Curva";"Não";1;0;0;0;1;0;0;1;"-25.110476";"-48.75592";"SR-PR";"DEL7/1";"UOP02/PR"
185271;2019-01-14;"segunda-feira";"16:55:00";"PE";232;5;"RECIFE";"Falta de Atenção à Condução";"Saída de leito carroçável";"Com Vítimas Feridas";"Pleno dia";"Crescente";"Sol";"Simples";"Retorno Regulamentado";"Sim";1;0;1;0;0;0;1;1;"-8.067958";"-34.945354";"SR-PE";"DEL11/1";"UOP01/PE"
185272;2019-01-14;"segunda-feira";"17:10:00";"BA";101;394,5;"IBIRAPITANGA";"Avarias e/ou desgaste excessivo no pneu";"Colisão com objeto estático";"Com Vítimas Fatais";"Pleno dia";"Crescente";"Ignorado";"Simples";"Curva";"Não";3;2;0;0;1;0;0;1;"-13.976225";"-39.480023";"SR-BA";"DEL10/5";"UOP03/BA"
185274;2019-01-14;"segunda-feira";"19:20:00";"PR";467;101,7;"CASCAVEL";"Condutor Dormindo";"Capotamento";"Com Vítimas Feridas";"Anoitecer";"Crescente";"Nublado";"Dupla";"Reta";"Não";2;0;1;0;1;0;1;1;"-24.8999";"-53.5272";"SR-PR";"DEL7/4";"UOP01/PR"
185275;2019-01-14;"segunda-feira";"17:50:00";"RO";364;239;"CACOAL";"Desobediência às normas de trânsito pelo condutor";"Colisão transversal";"Com Vítimas Feridas";"Pleno dia";"Decrescente";"Nublado";"Simples";"Interseção de vias";"Sim";2;0;0;1;1;0;1;2;"-11.434251";"-61.462673";"SR-RO";"DEL21/2";"UOP02/RO"
185276;2019-01-14;"segunda-feira";"19:40:00";"SP";116;272;"TABOAO DA SERRA";"Pista Escorregadia";"Tombamento";"Com Vítimas Feridas";"Plena Noite";"Crescente";"Céu Claro";"Dupla";"Reta";"Sim";1;0;1;0;0;0;1;1;"-23.61055903";"-46.77403634";"SR-SP";"DEL6/4";"UOP01/SP"
185277;2019-01-14;"segunda-feira";"17:45:00";"PA";155;307;"MARABA";"Desobediência às normas de trânsito pelo condutor";"Colisão frontal";"Com Vítimas Fatais";"Pleno dia";"Crescente";"Sol";"Simples";"Reta";"Não";4;2;0;1;1;0;1;2;"-5.67835";"-49.114597";"SR-PA";"DEL19/3";"UOP01/PA"
185278;2019-01-14;"segunda-feira";"20:20:00";"PR";376;176;"MARINGA";"Ingestão de Álcool";"Colisão lateral";"Sem Vítimas";"Plena Noite";"Crescente";"Nublado";"Dupla";"Reta";"Sim";2;0;0;0;2;0;0;2;"-23.412691";"-51.931583";"SR-PR";"DEL7/7";"UOP04/PR"
185279;2019-01-14;"segunda-feira";"17:25:00";"MG";153;11,2;"ARAPORA";"Condutor Dormindo";"Colisão frontal";"Com Vítimas Feridas";"Pleno dia";"Crescente";"Céu Claro";"Dupla";"Reta";"Não";3;0;3;0;0;0;3;2;"-18.5237";"-49.1907";"SR-MG";"DEL4/15";"UOP03/MG"
185280;2019-01-14;"segunda-feira";"21:10:00";"MG";381;507;"SAO JOAQUIM DE BICAS";"Falta de Atenção à Condução";"Tombamento";"Com Vítimas Feridas";"Plena Noite";"Crescente";"Céu Claro";"Dupla";"Reta";"Sim";2;0;2;0;0;0;2;1;"-20.0442";"-44.2708";"SR-MG";"DEL4/1";"UOP03/MG"
185281;2019-01-14;"segunda-feira";"19:00:00";"MG";116;527,2;"CARATINGA";"Ingestão de Álcool";"Colisão traseira";"Com Vítimas Feridas";"Anoitecer";"Crescente";"Nublado";"Simples";"Reta";"Sim";2;0;1;0;1;0;1;2;"-19.775033";"-42.132233";"SR-MG";"DEL4/6";"UOP02/MG"
185282;2019-01-14;"segunda-feira";"18:00:00";"PR";153;135;"VENTANIA";"Velocidade Incompatível";"Queda de ocupante de veículo";"Com Vítimas Feridas";"Pleno dia";"Crescente";"Céu Claro";"Simples";"Curva";"Não";2;0;2;0;0;0;2;1;"-24.04254484";"-50.25047779";"SR-PR";"DEL7/7";"UOP07/PR"
185283;2019-01-14;"segunda-feira";"21:20:00";"PR";376;185,4;"SARANDI";"Pista Escorregadia";"Saída de leito carroçável";"Sem Vítimas";"Plena Noite";"Crescente";"Chuva";"Dupla";"Reta";"Não";2;0;0;0;2;0;0;1;"-23.441591";"-51.870674";"SR-PR";"DEL7/7";"UOP04/PR"
185284;2019-01-14;"segunda-feira";"19:00:00";"BA";101;681,4;"ITAGIMIRIM";"Falta de Atenção à Condução";"Colisão transversal";"Com Vítimas Feridas";"Anoitecer";"Crescente";"Céu Claro";"Simples";"Não Informado";"Não";3;0;2;1;0;0;3;2;"-16.0842";"-39.6199";"SR-BA";"DEL10/9";"UOP01/BA"
185286;2019-01-14;"segunda-feira";"22:15:00";"ES";101;313,9;"GUARAPARI";"Condutor Dormindo";"Colisão com objeto estático";"Com Vítimas Feridas";"Plena Noite";"Crescente";"Céu Claro";"Simples";"Reta";"Não";1;0;1;0;0;0;1;1;"-20.54261435";"-40.48192285";"SR-ES";"DEL12/3";"UOP01/ES"
185288;2019-01-14;"segunda-feira";"22:45:00";"MG";50;97;"UBERLANDIA";"Deficiência ou não Acionamento do Sistema de Iluminação/Sinalização do Veículo";"Colisão traseira";"Com Vítimas Feridas";"Plena Noite";"Decrescente";"Céu Claro";"Dupla";"Reta";"Não";5;0;4;0;1;0;4;2;"-19.1194";"-48.1756";"SR-MG";"DEL4/15";"UOP01/MG"
185289;2019-01-14;"segunda-feira";"21:00:00";"PE";101;123,5;"ESCADA";"Animais na Pista";"Atropelamento de Animal";"Sem Vítimas";"Plena Noite";"Decrescente";"Nublado";"Dupla";"Reta";"Não";1;0;0;0;1;0;0;1;"-8.3607";"-35.2105";"SR-PE";"DEL11/1";"UOP03/PE"
185290;2019-01-14;"segunda-feira";"22:40:00";"SP";459;20,3;"PIQUETE";"Velocidade Incompatível";"Colisão transversal";"Sem Vítimas";"Plena Noite";"Decrescente";"Nublado";"Simples";"Curva";"Não";2;0;0;0;2;0;0;2;"-22.646566";"-45.144917";"SR-SP";"DEL6/8";"UOP03/SP"
185291;2019-01-14;"segunda-feira";"20:38:00";"SP";116;362,7;"MIRACATU";"Defeito Mecânico no Veículo";"Incêndio";"Sem Vítimas";"Plena Noite";"Crescente";"Céu Claro";"Dupla";"Reta";"Não";1;0;0;0;0;1;0;1;"-24.14518156";"-47.27656398";"SR-SP";"DEL6/4";"UOP02/SP"
185292;2019-01-14;"segunda-feira";"20:10:00";"BA";110;67;"JEREMOABO";"Falta de Atenção à Condução";"Colisão transversal";"Com Vítimas Feridas";"Plena Noite";"Decrescente";"Céu Claro";"Simples";"Curva";"Não";2;0;1;1;0;0;2;2;"-9.9841";"-38.3126";"SR-BA";"DEL10/7";"UOP01/BA"
185293;2019-01-14;"segunda-feira";"23:40:00";"MS";163;480,2;"CAMPO GRANDE";"Falta de Atenção à Condução";"Colisão traseira";"Com Vítimas Feridas";"Plena Noite";"Decrescente";"Céu Claro";"Simples";"Reta";"Sim";2;0;1;0;1;0;1;2;"-20.47655183";"-54.55947876";"SR-MS";"DEL3/1";"UOP01/MS"
185294;2019-01-15;"terça-feira";"00:30:00";"MG";381;688,8;"LAVRAS";"Condutor Dormindo";"Colisão traseira";"Com Vítimas Feridas";"Plena Noite";"Crescente";"Nublado";"Dupla";"Reta";"Não";2;0;1;0;1;0;1;2;"-21.1946";"-45.1182";"SR-MG";"DEL4/4";"UOP02/MG"
185295;2019-01-15;"terça-feira";"01:20:00";"GO";153;571,8;"PROFESSOR JAMIL";"Condutor Dormindo";"Capotamento";"Com Vítimas Feridas";"Plena Noite";"Decrescente";"Céu Claro";"Dupla";"Reta";"Não";1;0;1;0;0;0;1;1;"-17.3118";"-49.238";"SR-GO";"DEL1/3";"UOP01/GO"
185296;2019-01-14;"segunda-feira";"23:10:00";"RS";386;293;"POUSO NOVO";"Fenômenos da Natureza";"Colisão com objeto em movimento";"Sem Vítimas";"Plena Noite";"Crescente";"Chuva";"Dupla";"Reta";"Não";2;0;0;0;2;0;0;2;"-29.114208";"-52.244186";"SR-RS";"DEL9/4";"UOP01/RS"
185297;2019-01-15;"terça-feira";"00:50:00";"SC";116;260,5;"CAPAO ALTO";"Velocidade Incompatível";"Saída de leito carroçável";"Com Vítimas Feridas";"Plena Noite";"Crescente";"Chuva";"Simples";"Reta";"Não";1;0;1;0;0;0;1;1;"-27.90675497";"-50.44166565";"SR-SC";"DEL8/5";"UOP02/SC"
185298;2019-01-15;"terça-feira";"01:20:00";"BA";101;513;"ITABUNA";"Animais na Pista";"Atropelamento de Animal";"Sem Vítimas";"Plena Noite";"Decrescente";"Nublado";"Simples";"Reta";"Não";1;0;0;0;1;0;0;1;"-14.8596";"-39.2795";"SR-BA";"DEL10/5";"UOP01/BA"
185299;2019-01-15;"terça-feira";"03:30:00";"SP";116;72,2;"APARECIDA";"Velocidade Incompatível";"Colisão traseira";"Com Vítimas Feridas";"Plena Noite";"Crescente";"Nublado";"Múltipla";"Não Informado";"Não";3;0;1;0;2;0;1;2;"-22.863543";"-45.237461";"SR-SP";"DEL6/8";"UOP02/SP"
185301;2019-01-15;"terça-feira";"03:00:00";"PB";101;46,5;"MAMANGUAPE";"Animais na Pista";"Atropelamento de Animal";"Com Vítimas Feridas";"Plena Noite";"Decrescente";"Céu Claro";"Dupla";"Reta";"Não";4;0;1;3;0;0;4;1;"-6.9";"-35.1209";"SR-PB";"DEL14/1";"UOP04/PB"
185302;2019-01-15;"terça-feira";"04:15:00";"RJ";116;204;"SEROPEDICA";"Restrição de Visibilidade";"Queda de ocupante de veículo";"Com Vítimas Feridas";"Plena Noite";"Crescente";"Céu Claro";"Dupla";"Reta";"Não";1;0;1;0;0;0;1;1;"-22.72043804";"-43.68597633";"SR-RJ";"DEL5/1";"UOP03/RJ"
185305;2019-01-15;"terça-feira";"05:45:00";"PR";376;501,8;"PONTA GROSSA";"Falta de Atenção do Pedestre";"Atropelamento de Pedestre";"Com Vítimas Feridas";"Amanhecer";"Crescente";"Céu Claro";"Dupla";"Reta";"Não";2;0;1;1;0;0;2;1;"-25.18798609";"-50.08684158";"SR-PR";"DEL7/3";"UOP03/PR"
185307;2019-01-15;"terça-feira";"02:30:00";"MG";116;486,1;"DOM CAVATI";"Falta de Atenção à Condução";"Colisão lateral";"Com Vítimas Fatais";"Plena Noite";"Decrescente";"Céu Claro";"Simples";"Reta";"Não";2;1;0;0;0;1;0;2;"-19.433904";"-42.123805";"SR-MG";"DEL4/6";"UOP02/MG"
185308;2019-01-15;"terça-feira";"04:40:00";"MT";364;440;"VARZEA GRANDE";"Velocidade Incompatível";"Saída de leito carroçável";"Com Vítimas Feridas";"Plena Noite";"Crescente";"Nevoeiro/Neblina";"Simples";"Curva";"Não";2;0;2;0;0;0;2;1;"-15.59989083";"-56.20983124";"SR-MT";"DEL2/4";"UOP02/MT"
185309;2019-01-15;"terça-feira";"06:10:00";"MG";40;580,8;"ITABIRITO";"Agressão Externa";"Colisão lateral";"Com Vítimas Fatais";"Amanhecer";"Crescente";"Céu Claro";"Simples";"Reta";"Não";3;1;0;0;2;0;0;3;"-20.2972";"-43.9399";"SR-MG";"DEL4/1";"UOP02/MG"
185310;2019-01-15;"terça-feira";"05:30:00";"MG";40;303;"TRES MARIAS";"Falta de Atenção do Pedestre";"Atropelamento de Pedestre";"Com Vítimas Feridas";"Amanhecer";"Crescente";"Céu Claro";"Simples";"Reta";"Não";3;0;1;0;2;0;1;1;"-18.376602";"-45.098587";"SR-MG";"DEL4/14";"UOP03/MG"
185311;2019-01-15;"terça-feira";"06:40:00";"MG";381;679,2;"PERDOES";"Pista Escorregadia";"Queda de ocupante de veículo";"Com Vítimas Feridas";"Pleno dia";"Decrescente";"Nublado";"Dupla";"Curva";"Não";1;0;1;0;0;0;1;1;"-21.1277";"-45.1001";"SR-MG";"DEL4/4";"UOP02/MG"
185312;2019-01-15;"terça-feira";"06:00:00";"MG";381;480;"CONTAGEM";"Defeito Mecânico no Veículo";"Tombamento";"Com Vítimas Feridas";"Amanhecer";"Decrescente";"Céu Claro";"Dupla";"Não Informado";"Sim";2;0;2;0;0;0;2;1;"-19.9586";"-44.0608";"SR-MG";"DEL4/1";"UOP03/MG"
185313;2019-01-10;"quinta-feira";"01:45:00";"SC";282;20,7;"PALHOCA";"Desobediência às normas de trânsito pelo condutor";"Colisão frontal";"Com Vítimas Fatais";"Plena Noite";"Crescente";"Céu Claro";"Simples";"Não Informado";"Sim";2;1;0;0;1;0;0;2;"-27.689215";"-48.716141";"SR-SC";"DEL8/1";"UOP02/SC"
185314;2019-01-15;"terça-feira";"06:40:00";"SC";470;68;"INDAIAL";"Falta de Atenção à Condução";"Colisão lateral";"Com Vítimas Feridas";"Amanhecer";"Decrescente";"Céu Claro";"Simples";"Interseção de vias";"Sim";2;0;1;0;1;0;1;2;"-26.877615";"-49.239231";"SR-SC";"DEL8/4";"UOP01/SC"
185315;2019-01-15;"terça-feira";"06:40:00";"MG";40;787,3;"JUIZ DE FORA";"Falta de Atenção à Condução";"Colisão frontal";"Com Vítimas Feridas";"Pleno dia";"Decrescente";"Céu Claro";"Dupla";"Curva";"Não";2;0;1;0;1;0;1;2;"-21.7599";"-43.4407";"SR-MG";"DEL5";"UOP01/MG"
185316;2019-01-15;"terça-feira";"06:15:00";"MT";163;743,7;"SORRISO";"Não guardar distância de segurança";"Colisão traseira";"Com Vítimas Feridas";"Pleno dia";"Crescente";"Nevoeiro/Neblina";"Simples";"Reta";"Não";4;0;1;0;3;0;1;2;"-12.62331743";"-55.76819681";"SR-MT";"DEL2/6";"UOP01/MT"
185317;2019-01-15;"terça-feira";"06:30:00";"PR";163;285;"MARECHAL CANDIDO RONDON";"Falta de Atenção à Condução";"Colisão traseira";"Com Vítimas Feridas";"Amanhecer";"Decrescente";"Céu Claro";"Dupla";"Reta";"Sim";3;0;2;0;1;0;2;2;"-24.5495";"-54.0421";"SR-PR";"DEL7/6";"UOP04/PR"
185318;2019-01-15;"terça-feira";"06:45:00";"RS";116;37,8;"VACARIA";"Desobediência às normas de trânsito pelo condutor";"Colisão transversal";"Com Vítimas Feridas";"Amanhecer";"Crescente";"Nublado";"Simples";"Não Informado";"Sim";2;0;1;0;1;0;1;2;"-28.49868858";"-50.91776848";"SR-RS";"DEL9/5";"UOP03/RS"
185319;2019-01-15;"terça-feira";"07:50:00";"SP";101;50,5;"UBATUBA";"Ultrapassagem Indevida";"Colisão transversal";"Com Vítimas Feridas";"Pleno dia";"Decrescente";"Céu Claro";"Simples";"Interseção de vias";"Sim";2;0;1;1;0;0;2;2;"-23.4570459";"-45.07033825";"SR-SP";"DEL6";"UOP03/SP"
185320;2019-01-15;"terça-feira";"07:50:00";"PR";467;109,8;"CASCAVEL";"Falta de Atenção à Condução";"Colisão lateral";"Com Vítimas Feridas";"Pleno dia";"Decrescente";"Céu Claro";"Dupla";"Reta";"Sim";1;0;1;0;0;0;1;1;"-24.9261";"-53.4589";"SR-PR";"DEL7/4";"UOP01/PR"
185321;2019-01-07;"segunda-feira";"17:30:00";"MG";50;54;"ARAGUARI";"Velocidade Incompatível";"Colisão com objeto estático";"Com Vítimas Feridas";"Pleno dia";"Crescente";"Chuva";"Dupla";"Curva";"Não";2;0;1;0;0;1;1;1;"-18.7765";"-48.2393";"SR-MG";"DEL4/15";"UOP02/MG"
185322;2019-01-15;"terça-feira";"05:30:00";"MG";381;302;"ANTONIO DIAS";"Sinalização da via insuficiente ou inadequada";"Saída de leito carroçável";"Com Vítimas Feridas";"Amanhecer";"Decrescente";"Céu Claro";"Simples";"Não Informado";"Não";4;0;1;0;3;0;1;1;"-19.62443148";"-42.86845478";"SR-MG";"DEL4/3";"UOP02/MG"
185323;2019-01-15;"terça-feira";"02:00:00";"BA";101;561;"ARATACA";"Falta de Atenção à Condução";"Saída de leito carroçável";"Com Vítimas Feridas";"Plena Noite";"Decrescente";"Céu Claro";"Simples";"Reta";"Não";3;0;2;0;1;0;2;1;"-15.2027";"-39.4431";"SR-BA";"DEL10/5";"UOP02/BA"
185325;2019-01-15;"terça-feira";"07:55:00";"MG";50;172,2;"UBERABA";"Ingestão de Álcool";"Saída de leito carroçável";"Com Vítimas Feridas";"Pleno dia";"Decrescente";"Céu Claro";"Dupla";"Não Informado";"Sim";1;0;1;0;0;0;1;1;"-19.75820383";"-47.97863267";"SR-MG";"DEL13";"UOP01/MG"
185326;2019-01-13;"domingo";"06:20:00";"SC";101;162;"TIJUCAS";"Desobediência às normas de trânsito pelo condutor";"Colisão transversal";"Sem Vítimas";"Pleno dia";"Decrescente";"Chuva";"Múltipla";"Reta";"Sim";3;0;0;0;3;0;0;3;"-27.2325";"-48.6299";"SR-SC";"DEL8/4";"UOP03/SC"
185327;2019-01-15;"terça-feira";"08:50:00";"SP";116;220;"GUARULHOS";"Não guardar distância de segurança";"Colisão traseira";"Com Vítimas Feridas";"Pleno dia";"Decrescente";"Sol";"Múltipla";"Reta";"Sim";2;0;0;1;1;0;1;2;"-23.46614592";"-46.50075361";"SR-SP";"DEL6/1";"UOP01/SP"
185330;2019-01-12;"sábado";"17:45:00";"SC";101;134;"BALNEARIO CAMBORIU";"Ingestão de Álcool";"Colisão com objeto estático";"Sem Vítimas";"Pleno dia";"Decrescente";"Céu Claro";"Dupla";"Reta";"Sim";1;0;0;0;1;0;0;1;"-27.0049";"-48.6266";"SR-SC";"DEL8/4";"UOP03/SC"
185332;2019-01-15;"terça-feira";"06:15:00";"RJ";101;428;"MANGARATIBA";"Falta de Atenção à Condução";"Saída de leito carroçável";"Com Vítimas Feridas";"Amanhecer";"Decrescente";"Céu Claro";"Dupla";"Reta";"Não";1;0;0;1;0;0;1;1;"-22.933918";"-43.989998";"SR-RJ";"DEL5/3";"UOP01/RJ"
185333;2019-01-15;"terça-feira";"08:20:00";"CE";116;68;"CHOROZINHO";"Falta de Atenção à Condução";"Colisão traseira";"Com Vítimas Feridas";"Pleno dia";"Crescente";"Nublado";"Simples";"Reta";"Sim";2;0;1;0;1;0;1;2;"-4.306195";"-38.501423";"SR-CE";"DEL16/3";"UOP02/CE"
185334;2019-01-12;"sábado";"21:15:00";"SC";282;210,7;"LAGES";"Mal Súbito";"Tombamento";"Com Vítimas Feridas";"Plena Noite";"Decrescente";"Nublado";"Simples";"Reta";"Não";1;0;1;0;0;0;1;1;"-27.778582";"-50.231815";"SR-SC";"DEL8/5";"UOP01/SC"
185335;2019-01-15;"terça-feira";"09:00:00";"ES";101;284,4;"CARIACICA";"Falta de Atenção à Condução";"Tombamento";"Com Vítimas Feridas";"Pleno dia";"Decrescente";"Céu Claro";"Dupla";"Reta";"Não";1;0;0;1;0;0;1;1;"-20.2502121";"-40.37170594";"SR-ES";"DEL12/1";"UOP01/ES"
185336;2019-01-15;"terça-feira";"09:00:00";"ES";262;168,4;"IBATIBA";"Falta de Atenção à Condução";"Tombamento";"Com Vítimas Feridas";"Pleno dia";"Crescente";"Sol";"Simples";"Reta";"Não";2;0;2;0;0;0;2;1;"-20.265";"-41.5732";"SR-ES";"DEL12/1";"UOP02/ES"
185337;2019-01-15;"terça-feira";"07:00:00";"MG";381;931,4;"EXTREMA";"Defeito Mecânico no Veículo";"Tombamento";"Sem Vítimas";"Pleno dia";"Decrescente";"Céu Claro";"Dupla";"Curva";"Sim";1;0;0;0;1;0;0;1;"-22.7926";"-46.2459";"SR-MG";"DEL09";"UOP03/MG"
185338;2019-01-15;"terça-feira";"06:50:00";"SC";101;201;"SAO JOSE";"Falta de Atenção à Condução";"Queda de ocupante de veículo";"Com Vítimas Feridas";"Pleno dia";"Crescente";"Céu Claro";"Múltipla";"Viaduto";"Sim";2;0;2;0;0;0;2;1;"-27.5572";"-48.6188";"SR-SC";"DEL8/1";"UOP01/SC"
185339;2019-01-15;"terça-feira";"07:45:00";"PR";277;110,1;"CAMPO LARGO";"Defeito Mecânico no Veículo";"Colisão lateral";"Sem Vítimas";"Pleno dia";"Crescente";"Céu Claro";"Dupla";"Não Informado";"Sim";2;0;0;0;2;0;0;2;"-25.4414215";"-49.45312532";"SR-PR";"DEL7/1";"UOP05/PR"
185341;2019-01-14;"segunda-feira";"19:15:00";"MG";116;412;"GOVERNADOR VALADARES";"Falta de Atenção à Condução";"Atropelamento de Animal";"Com Vítimas Feridas";"Anoitecer";"Crescente";"Céu Claro";"Dupla";"Retorno Regulamentado";"Sim";2;0;1;0;1;0;1;1;"-18.8679206";"-41.9725067";"SR-MG";"DEL4/6";"UOP01/MG"
185342;2019-01-15;"terça-feira";"08:30:00";"RJ";493;95;"SEROPEDICA";"Falta de Atenção à Condução";"Colisão com objeto estático";"Com Vítimas Feridas";"Pleno dia";"Crescente";"Sol";"Múltipla";"Reta";"Não";4;0;2;1;1;0;3;1;"-22.70909561";"-43.70056629";"SR-RJ";"DEL5/1";"UOP03/RJ"
185343;2019-01-07;"segunda-feira";"05:30:00";"RJ";116;244;"PIRAI";"Condutor Dormindo";"Colisão traseira";"Com Vítimas Feridas";"Amanhecer";"Decrescente";"Céu Claro";"Simples";"Não Informado";"Não";2;0;0;1;1;0;1;2;"-22.624538";"-43.917652";"SR-RJ";"DEL5/7";"UOP01/RJ"
185344;2019-01-15;"terça-feira";"09:29:00";"CE";304;51,4;"ARACATI";"Falta de Atenção à Condução";"Colisão transversal";"Com Vítimas Feridas";"Pleno dia";"Decrescente";"Céu Claro";"Dupla";"Curva";"Não";7;0;2;0;5;0;2;2;"-4.569423";"-37.753418";"SR-CE";"DEL16/3";"UOP03/CE"
185345;2019-01-15;"terça-feira";"10:05:00";"RS";468;98;"TRES PASSOS";"Não guardar distância de segurança";"Colisão traseira";"Com Vítimas Feridas";"Pleno dia";"Crescente";"Sol";"Simples";"Reta";"Não";4;0;2;0;2;0;2;2;"-27.483887";"-53.901962";"SR-RS";"DEL08";"UOP02/RS"
185346;2019-01-15;"terça-feira";"10:00:00";"SC";101;204,2;"SAO JOSE";"Mal Súbito";"Colisão com objeto estático";"Com Vítimas Feridas";"Pleno dia";"Decrescente";"Céu Claro";"Múltipla";"Desvio Temporário";"Não";1;0;1;0;0;0;1;1;"-27.5832";"-48.6151";"SR-SC";"DEL8/1";"UOP01/SC"
185347;2019-01-15;"terça-feira";"10:20:00";"MG";153;36;"CANAPOLIS";"Velocidade Incompatível";"Saída de leito carroçável";"Com Vítimas Feridas";"Pleno dia";"Decrescente";"Céu Claro";"Dupla";"Reta";"Não";4;0;3;0;1;0;3;1;"-18.726";"-49.1166";"SR-MG";"DEL4/15";"UOP03/MG"
185348;2019-01-15;"terça-feira";"08:40:00";"CE";20;429;"FORTALEZA";"Desobediência às normas de trânsito pelo condutor";"Colisão lateral";"Com Vítimas Feridas";"Pleno dia";"Decrescente";"Céu Claro";"Dupla";"Não Informado";"Sim";3;0;0;2;1;0;2;2;"-3.76999";"-38.670063";"SR-CE";"DEL16/1";"UOP02/CE"
185349;2019-01-15;"terça-feira";"07:25:00";"AC";364;125;"RIO BRANCO";"Defeito Mecânico no Veículo";"Queda de ocupante de veículo";"Com Vítimas Feridas";"Pleno dia";"Decrescente";"Ignorado";"Dupla";"Curva";"Não";2;0;2;0;0;0;2;1;"-10.012844";"-67.800125";"SR-AC";"UOP01/AC";""
185350;2019-01-15;"terça-feira";"08:45:00";"MA";135;22,9;"SAO LUIS";"Falta de Atenção à Condução";"Colisão traseira";"Com Vítimas Feridas";"Pleno dia";"Crescente";"Céu Claro";"Dupla";"Reta";"Sim";3;0;0;1;2;0;1;3;"-2.53073";"-44.3068";"SR-MA";"DEL18/1";"UOP01/MA"
185353;2019-01-15;"terça-feira";"10:00:00";"BA";324;588;"CANDEIAS";"Falta de Atenção à Condução";"Colisão traseira";"Com Vítimas Feridas";"Pleno dia";"Crescente";"Nublado";"Dupla";"Reta";"Não";2;0;1;0;1;0;1;2;"-12.69664667";"-38.4645325";"SR-BA";"DEL10/1";"UOP01/BA"
185354;2019-01-15;"terça-feira";"11:05:00";"PR";277;467,3;"LARANJEIRAS DO SUL";"Não guardar distância de segurança";"Colisão traseira";"Com Vítimas Feridas";"Pleno dia";"Decrescente";"Céu Claro";"Simples";"Não Informado";"Não";2;0;0;1;1;0;1;2;"-25.33129952";"-52.50835245";"SR-PR";"DEL7/4";"UOP03/PR"