"id";"data_inversa";"dia_semana";"horario";"uf";"br";"km";"municipio";"causa_acidente";"tipo_acidente";"classificacao_acidente";"fase_dia";"sentido_via";"condicao_metereologica";"tipo_pista";"tracado_via";"uso_solo";"pessoas";"mortos";"feridos_leves";"feridos_graves";"ilesos";"ignorados";"feridos";"veiculos";"latitude";"longitude";"regional";"delegacia";"uop"
185450;2019-01-15;"terça-feira";"21:45:00";"GO";153;592,8;"MORRINHOS";"Condutor Dormindo";"Colisão traseira";"Sem Vítimas";"Plena Noite";"Crescente";"Céu Claro";"Dupla";"Curva";"Não";2;0;0;0;2;0;0;2;"-17.4826";"-49.2097";"SR-GO";"DEL1/3";"UOP01/GO"
185451;2019-01-15;"terça-feira";"18:20:00";"ES";262;112,4;"VENDA NOVA DO IMIGRANTE";"Falta de Atenção à Condução";"Colisão transversal";"Com Vítimas Feridas";"Pleno dia";"Decrescente";"Céu Claro";"Simples";"Curva";"Não";2;0;1;0;1;0;1;2;"-20.3372";"-41.201";"SR-ES";"DEL12/1";"UOP02/ES"
185452;2019-01-15;"terça-feira";"21:00:00";"MG";116;304,2;"ITAMBACURI";"Velocidade Incompatível";"Saída de leito carroçável";"Com Vítimas Feridas";"Plena Noite";"Crescente";"Nublado";"Simples";"Reta";"Não";2;0;1;0;1;0;1;1;"-18.025315";"-41.648784";"SR-MG";"DEL4/11";"UOP01/MG"
185454;2019-01-15;"terça-feira";"22:30:00";"PR";476;124;"CURITIBA";"Velocidade Incompatível";"Atropelamento de Pedestre";"Com Vítimas Feridas";"Plena Noite";"Crescente";"Nublado";"Múltipla";"Reta";"Não";3;0;1;1;1;0;2;1;"-25.399845";"-49.215855";"SR-PR";"DEL7/1";"UOP06/PR"
185455;2019-01-15;"terça-feira";"22:40:00";"MG";381;715,5;"CARMO DA CACHOEIRA";"Ingestão de álcool e/ou substâncias psicoativas pelo pedestre";"Tombamento";"Com Vítimas Feridas";"Plena Noite";"Crescente";"Céu Claro";"Dupla";"Reta";"Não";2;0;1;0;1;0;1;1;"-21.3955";"-45.2022";"SR-MG";"DEL4/4";"UOP02/MG"
185456;2019-01-15;"terça-feira";"22:50:00";"DF";70;15,8;"BRASILIA";"Ingestão de Álcool";"Saída de leito carroçável";"Com Vítimas Feridas";"Plena Noite";"Crescente";"Céu Claro";"Dupla";"Reta";"Não";6;0;3;0;1;2;3;1;"-15.798888";"-48.185043";"SR-DF";"DF";"UOP06/DF"
185457;2019-01-15;"terça-feira";"21:30:00";"PR";116;170;"QUITANDINHA";"Falta de Atenção à Condução";"Queda de ocupante de veículo";"Com Vítimas Feridas";"Plena Noite";"Crescente";"Nublado";"Simples";"Reta";"Não";1;0;0;1;0;0;1;1;"-25.874659";"-49.48101";"SR-PR";"DEL7/1";"UOP03/PR"
185458;2019-01-15;"terça-feira";"23:00:00";"MG";153;27;"CENTRALINA";"Falta de Atenção à Condução";"Tombamento";"Com Vítimas Feridas";"Plena Noite";"Decrescente";"Céu Claro";"Dupla";"Reta";"Não";2;0;1;0;1;0;1;1;"-18.6616";"-49.1663";"SR-MG";"DEL4/15";"UOP03/MG"
185461;2019-01-15;"terça-feira";"23:20:00";"MG";40;469;"SETE LAGOAS";"Condutor Dormindo";"Saída de leito carroçável";"Com Vítimas Feridas";"Plena Noite";"Crescente";"Céu Claro";"Dupla";"Não Informado";"Não";1;0;1;0;0;0;1;1;"-19.469";"-44.295";"SR-MG";"DEL4/2";"UOP01/MG"
185462;2019-01-15;"terça-feira";"23:00:00";"SP";381;86;"SAO PAULO";"Falta de Atenção à Condução";"Colisão traseira";"Com Vítimas Feridas";"Plena Noite";"Crescente";"Céu Claro";"Múltipla";"Curva";"Sim";2;0;1;0;1;0;1;1;"-23.46785263";"-46.57116032";"SR-SP";"DEL6/3";"UOP02/SP"
185464;2019-01-15;"terça-feira";"22:30:00";"SP";459;22;"LORENA";"Falta de Atenção à Condução";"Colisão traseira";"Com Vítimas Feridas";"Plena Noite";"Decrescente";"Céu Claro";"Simples";"Reta";"Não";3;0;2;0;1;0;2;2;"-22.663296";"-45.142551";"SR-SP";"DEL6/8";"UOP03/SP"
185466;2019-01-16;"quarta-feira";"00:05:00";"SC";101;208,6;"SAO JOSE";"Falta de Atenção à Condução";"Colisão traseira";"Com Vítimas Feridas";"Plena Noite";"Crescente";"Chuva";"Dupla";"Reta";"Não";4;0;2;0;2;0;2;3;"-27.6101";"-48.6388";"SR-SC";"DEL8/1";"UOP01/SC"
185467;2019-01-16;"quarta-feira";"00:20:00";"PR";376;388;"IMBAU";"Desobediência às normas de trânsito pelo condutor";"Colisão com objeto estático";"Com Vítimas Fatais";"Plena Noite";"Crescente";"Nublado";"Simples";"Não Informado";"Não";2;1;0;0;1;0;0;2;"-24.4637335";"-50.7494329";"SR-PR";"DEL7/3";"UOP05/PR"
185468;2019-01-16;"quarta-feira";"00:10:00";"PR";158;326,6;"PALMITAL";"Pista Escorregadia";"Saída de leito carroçável";"Com Vítimas Feridas";"Plena Noite";"Crescente";"Chuva";"Simples";"Curva";"Não";1;0;0;1;0;0;1;1;"-24.87850904";"-52.23318279";"SR-PR";"DEL7/4";"UOP03/PR"
185469;2019-01-16;"quarta-feira";"00:00:00";"GO";20;170,2;"ALVORADA DO NORTE";"Falta de Atenção do Pedestre";"Atropelamento de Pedestre";"Com Vítimas Fatais";"Plena Noite";"Decrescente";"Céu Claro";"Simples";"Reta";"Não";2;1;0;0;1;0;0;1;"-14.547201";"-46.55225";"SR-DF";"GO";"UOP05/DF"
185470;2019-01-16;"quarta-feira";"01:00:00";"BA";101;491;"ITAJUIPE";"Desobediência às normas de trânsito pelo condutor";"Colisão transversal";"Sem Vítimas";"Plena Noite";"Crescente";"Garoa/Chuvisco";"Simples";"Interseção de vias";"Não";3;0;0;0;3;0;0;2;"-14.692";"-39.3655";"SR-BA";"DEL10/5";"UOP01/BA"
185471;2019-01-16;"quarta-feira";"01:00:00";"MS";267;366,6;"MARACAJU";"Condutor Dormindo";"Saída de leito carroçável";"Sem Vítimas";"Plena Noite";"Crescente";"Ignorado";"Dupla";"Reta";"Sim";1;0;0;0;0;1;0;1;"-21.63879307";"-55.16782614";"SR-MS";"DEL3/5";"UOP01/MS"
185474;2019-01-16;"quarta-feira";"01:40:00";"CE";222;204;"FORQUILHA";"Não guardar distância de segurança";"Colisão lateral";"Com Vítimas Feridas";"Plena Noite";"Crescente";"Céu Claro";"Simples";"Reta";"Não";2;0;2;0;0;0;2;2;"-3.782076";"-40.223076";"SR-CE";"DEL16/4";"UOP01/CE"
185476;2019-01-16;"quarta-feira";"01:00:00";"SC";282;384,6;"JOACABA";"Velocidade Incompatível";"Saída de leito carroçável";"Com Vítimas Feridas";"Plena Noite";"Decrescente";"Céu Claro";"Simples";"Curva";"Não";2;0;1;0;1;0;1;1;"-27.20299";"-51.515095";"SR-SC";"DEL7";"UOP07/SC"
185477;2019-01-16;"quarta-feira";"04:00:00";"GO";153;509;"APARECIDA DE GOIANIA";"Ingestão de Álcool";"Saída de leito carroçável";"Com Vítimas Feridas";"Plena Noite";"Crescente";"Céu Claro";"Simples";"Reta";"Sim";1;0;1;0;0;0;1;1;"-16.7888";"-49.2379";"SR-GO";"DEL1/1";"UOP03/GO"
185478;2019-01-16;"quarta-feira";"04:00:00";"RS";287;326;"SAO VICENTE DO SUL";"Ingestão de Álcool";"Saída de leito carroçável";"Sem Vítimas";"Plena Noite";"Decrescente";"Nublado";"Simples";"Reta";"Não";1;0;0;0;1;0;0;1;"-29.679338";"-54.628502";"SR-RS";"DEL9/9";"UOP01/RS"
185479;2019-01-16;"quarta-feira";"06:10:00";"ES";101;400,2;"ITAPEMIRIM";"Velocidade Incompatível";"Atropelamento de Pedestre";"Com Vítimas Feridas";"Amanhecer";"Crescente";"Céu Claro";"Simples";"Reta";"Não";2;0;0;1;1;0;1;1;"-20.88110724";"-40.97171903";"SR-ES";"DEL12/3";"UOP02/ES"
185480;2019-01-16;"quarta-feira";"06:10:00";"SP";153;64,7;"SAO JOSE DO RIO PRETO";"Falta de Atenção à Condução";"Saída de leito carroçável";"Com Vítimas Feridas";"Amanhecer";"Crescente";"Céu Claro";"Dupla";"Reta";"Sim";1;0;1;0;0;0;1;1;"-20.829193";"-49.360462";"SR-SP";"DEL6/9";"UOP01/SP"
185481;2019-01-16;"quarta-feira";"06:30:00";"GO";153;592,7;"PIRACANJUBA";"Condutor Dormindo";"Saída de leito carroçável";"Com Vítimas Feridas";"Amanhecer";"Crescente";"Céu Claro";"Dupla";"Curva";"Não";2;0;1;0;1;0;1;1;"-17.4826";"-49.2097";"SR-GO";"DEL1/3";"UOP01/GO"
185482;2019-01-16;"quarta-feira";"06:53:00";"DF";40;3;"BRASILIA";"Desobediência às normas de trânsito pelo condutor";"Colisão lateral";"Com Vítimas Feridas";"Pleno dia";"Decrescente";"Céu Claro";"Dupla";"Não Informado";"Sim";2;0;1;0;1;0;1;2;"-16.003145";"-47.983944";"SR-DF";"DF";"UOP01/DF"
185484;2019-01-16;"quarta-feira";"07:05:00";"SP";153;65;"SAO JOSE DO RIO PRETO";"Falta de Atenção à Condução";"Tombamento";"Com Vítimas Feridas";"Pleno dia";"Crescente";"Nublado";"Simples";"Reta";"Sim";1;0;0;1;0;0;1;1;"-20.835588";"-49.3657";"SR-SP";"DEL6/9";"UOP01/SP"
185485;2019-01-16;"quarta-feira";"06:50:00";"SC";282;3,7;"FLORIANOPOLIS";"Desobediência às normas de trânsito pelo condutor";"Tombamento";"Com Vítimas Fatais";"Pleno dia";"Decrescente";"Céu Claro";"Dupla";"Curva";"Sim";3;1;1;0;1;0;1;2;"-27.59563051";"-48.60132694";"SR-SC";"DEL8/1";"UOP01/SC"
185487;2019-01-12;"sábado";"21:10:00";"SC";470;104,5;"APIUNA";"Ingestão de Álcool";"Tombamento";"Com Vítimas Feridas";"Plena Noite";"Crescente";"Céu Claro";"Simples";"Reta";"Não";1;0;1;0;0;0;1;1;"-27.06135";"-49.410408";"SR-SC";"DEL8/4";"UOP02/SC"
185488;2019-01-13;"domingo";"06:50:00";"SC";470;136;"RIO DO SUL";"Condutor Dormindo";"Colisão com objeto estático";"Sem Vítimas";"Pleno dia";"Crescente";"Céu Claro";"Simples";"Rotatória";"Sim";1;0;0;0;1;0;0;1;"-27.17459841";"-49.58936691";"SR-SC";"DEL8/4";"UOP02/SC"
185489;2019-01-16;"quarta-feira";"07:40:00";"RJ";101;59;"CAMPOS DOS GOYTACAZES";"Não guardar distância de segurança";"Colisão traseira";"Com Vítimas Feridas";"Pleno dia";"Crescente";"Céu Claro";"Simples";"Reta";"Sim";2;0;1;0;1;0;1;2;"-21.71364";"-41.308613";"SR-RJ";"DEL5/8";"UOP01/RJ"
185490;2019-01-16;"quarta-feira";"07:15:00";"PE";101;117,5;"ESCADA";"Animais na Pista";"Colisão traseira";"Com Vítimas Feridas";"Pleno dia";"Decrescente";"Céu Claro";"Dupla";"Reta";"Não";3;0;1;0;2;0;1;2;"-8.353";"-35.1577";"SR-PE";"DEL11/1";"UOP03/PE"
185491;2019-01-16;"quarta-feira";"07:50:00";"MG";50;174;"UBERABA";"Defeito Mecânico no Veículo";"Tombamento";"Com Vítimas Feridas";"Pleno dia";"Decrescente";"Céu Claro";"Dupla";"Reta";"Não";2;0;2;0;0;0;2;1;"-19.76611794";"-47.97559977";"SR-MG";"DEL13";"UOP01/MG"
185493;2019-01-12;"sábado";"23:30:00";"SC";101;152;"ITAPEMA";"Desobediência às normas de trânsito pelo condutor";"Colisão transversal";"Sem Vítimas";"Plena Noite";"Decrescente";"Garoa/Chuvisco";"Simples";"Reta";"Sim";2;0;0;0;2;0;0;2;"-27.1448";"-48.6102";"SR-SC";"DEL8/4";"UOP03/SC"
185494;2019-01-16;"quarta-feira";"07:00:00";"MG";40;518;"CONTAGEM";"Mal Súbito";"Colisão traseira";"Com Vítimas Feridas";"Pleno dia";"Decrescente";"Céu Claro";"Dupla";"Reta";"Não";3;0;2;0;1;0;2;2;"-19.843";"-44.0749";"SR-MG";"DEL4/1";"UOP03/MG"
185495;2019-01-16;"quarta-feira";"07:00:00";"RS";285;348,3;"CARAZINHO";"Condutor Dormindo";"Colisão lateral";"Com Vítimas Feridas";"Pleno dia";"Decrescente";"Céu Claro";"Simples";"Reta";"Não";2;0;1;0;1;0;1;2;"-28.332596";"-52.866474";"SR-RS";"DEL08";"UOP03/RS"
185497;2019-01-16;"quarta-feira";"07:55:00";"PR";277;0,4;"FOZ DO IGUACU";"Não guardar distância de segurança";"Colisão traseira";"Com Vítimas Feridas";"Pleno dia";"Decrescente";"Céu Claro";"Dupla";"Reta";"Sim";4;0;2;1;0;1;3;3;"-25.50394656";"-54.58424091";"SR-PR";"DEL7/5";"UOP03/PR"
185498;2019-01-16;"quarta-feira";"07:45:00";"SC";101;282,2;"IMBITUBA";"Falta de Atenção à Condução";"Colisão traseira";"Com Vítimas Feridas";"Pleno dia";"Crescente";"Céu Claro";"Simples";"Reta";"Sim";2;0;0;1;1;0;1;2;"-28.2267";"-48.7012";"SR-SC";"DEL8/2";"UOP03/SC"
185499;2019-01-12;"sábado";"22:10:00";"SC";101;379,5;"ICARA";"Falta de Atenção à Condução";"Colisão com objeto estático";"Com Vítimas Feridas";"Plena Noite";"Decrescente";"Chuva";"Múltipla";"Reta";"Sim";2;0;2;0;0;0;2;1;"-28.7544";"-49.2763";"SR-SC";"DEL8/2";"UOP01/SC"
185500;2019-01-16;"quarta-feira";"07:00:00";"PA";10;48,1;"SANTA IZABEL DO PARA";"Avarias e/ou desgaste excessivo no pneu";"Tombamento";"Com Vítimas Feridas";"Pleno dia";"Decrescente";"Nublado";"Dupla";"Reta";"Sim";2;0;2;0;0;0;2;1;"-1.29915071";"-48.04791212";"SR-PA";"DEL19/2";"UOP03/PA"
185501;2019-01-16;"quarta-feira";"05:40:00";"GO";153;658,7;"GOIATUBA";"Condutor Dormindo";"Colisão traseira";"Com Vítimas Feridas";"Plena Noite";"Crescente";"Céu Claro";"Dupla";"Reta";"Não";3;0;3;0;0;0;3;2;"-18.0366";"-49.2665";"SR-GO";"DEL1/3";"UOP01/GO"
185502;2019-01-16;"quarta-feira";"07:20:00";"MA";135;10,2;"SAO LUIS";"Desobediência às normas de trânsito pelo condutor";"Colisão transversal";"Sem Vítimas";"Pleno dia";"Crescente";"Garoa/Chuvisco";"Dupla";"Reta";"Sim";2;0;0;0;2;0;0;2;"-2.655989";"-44.286297";"SR-MA";"DEL18/1";"UOP01/MA"
185503;2019-01-12;"sábado";"22:39:00";"SC";282;16;"PALHOCA";"Falta de Atenção do Pedestre";"Atropelamento de Pedestre";"Com Vítimas Feridas";"Plena Noite";"Decrescente";"Nublado";"Simples";"Reta";"Não";2;0;2;0;0;0;2;1;"-27.658611";"-48.681847";"SR-SC";"DEL8/1";"UOP02/SC"
185506;2019-01-13;"domingo";"04:40:00";"SC";101;235;"PALHOCA";"Restrição de Visibilidade";"Capotamento";"Com Vítimas Feridas";"Plena Noite";"Decrescente";"Chuva";"Dupla";"Reta";"Não";2;0;1;0;1;0;1;1;"-27.827";"-48.63";"SR-SC";"DEL8/1";"UOP02/SC"
185507;2019-01-16;"quarta-feira";"08:00:00";"GO";60;26;"ALEXANIA";"Velocidade Incompatível";"Queda de ocupante de veículo";"Com Vítimas Feridas";"Pleno dia";"Crescente";"Céu Claro";"Dupla";"Reta";"Não";1;0;1;0;0;0;1;1;"-16.0963";"-48.5202";"SR-DF";"GO";"UOP03/DF"
185509;2019-01-16;"quarta-feira";"08:00:00";"ES";101;261;"SERRA";"Falta de Atenção à Condução";"Tombamento";"Com Vítimas Feridas";"Pleno dia";"Crescente";"Sol";"Dupla";"Não Informado";"Sim";1;0;1;0;0;0;1;1;"-20.1211238";"-40.31182051";"SR-ES";"DEL12/2";"UOP01/ES"
185510;2019-01-12;"sábado";"21:30:00";"SC";101;135;"BALNEARIO CAMBORIU";"Desobediência às normas de trânsito pelo condutor";"Colisão lateral";"Com Vítimas Feridas";"Plena Noite";"Decrescente";"Céu Claro";"Simples";"Reta";"Sim";2;0;1;0;1;0;1;2;"-27.0081";"-48.617";"SR-SC";"DEL8/4";"UOP03/SC"
185511;2019-01-13;"domingo";"02:05:00";"SC";101;225,8;"PALHOCA";"Falta de Atenção à Condução";"Colisão traseira";"Com Vítimas Feridas";"Plena Noite";"Crescente";"Chuva";"Dupla";"Não Informado";"Não";2;0;0;1;1;0;1;2;"-27.7422";"-48.638";"SR-SC";"DEL8/1";"UOP02/SC"
185512;2019-01-16;"quarta-feira";"07:30:00";"CE";222;0,8;"CAUCAIA";"Agressão Externa";"Colisão lateral";"Com Vítimas Feridas";"Pleno dia";"Decrescente";"Céu Claro";"Dupla";"Reta";"Sim";2;0;1;0;1;0;1;2;"-3.736774";"-38.56923";"SR-CE";"DEL16/1";"UOP01/CE"
185513;2019-01-13;"domingo";"05:43:00";"SC";101;225;"PALHOCA";"Pista Escorregadia";"Queda de ocupante de veículo";"Com Vítimas Feridas";"Pleno dia";"Decrescente";"Nublado";"Dupla";"Reta";"Não";1;0;1;0;0;0;1;1;"-27.7422";"-48.638";"SR-SC";"DEL8/1";"UOP02/SC"
185514;2019-01-13;"domingo";"07:00:00";"SC";101;135;"BALNEARIO CAMBORIU";"Não guardar distância de segurança";"Colisão traseira";"Com Vítimas Feridas";"Pleno dia";"Crescente";"Céu Claro";"Dupla";"Reta";"Sim";5;0;3;0;2;0;3;2;"-27.0081";"-48.617";"SR-SC";"DEL8/4";"UOP03/SC"
185515;2019-01-16;"quarta-feira";"07:50:00";"SC";101;42;"JOINVILLE";"Falta de Atenção à Condução";"Colisão traseira";"Com Vítimas Feridas";"Pleno dia";"Decrescente";"Sol";"Dupla";"Reta";"Sim";4;0;1;0;3;0;1;3;"-26.3315";"-48.8617";"SR-SC";"DEL8/3";"UOP01/SC"
185516;2019-01-16;"quarta-feira";"09:10:00";"PR";369;53,4;"BANDEIRANTES";"Não guardar distância de segurança";"Queda de ocupante de veículo";"Com Vítimas Feridas";"Pleno dia";"Crescente";"Céu Claro";"Simples";"Reta";"Não";1;0;1;0;0;0;1;1;"-23.10834214";"-50.33964515";"SR-PR";"DEL7/7";"UOP06/PR"
185519;2019-01-16;"quarta-feira";"08:30:00";"MG";40;519;"RIBEIRAO DAS NEVES";"Falta de Atenção à Condução";"Colisão traseira";"Com Vítimas Feridas";"Pleno dia";"Crescente";"Céu Claro";"Dupla";"Reta";"Sim";4;0;1;0;3;0;1;4;"-19.8511";"-44.0724";"SR-MG";"DEL4/1";"UOP03/MG"
185520;2019-01-16;"quarta-feira";"08:45:00";"SP";116;147;"SAO JOSE DOS CAMPOS";"Desobediência às normas de trânsito pelo condutor";"Colisão lateral";"Com Vítimas Feridas";"Pleno dia";"Decrescente";"Sol";"Múltipla";"Reta";"Sim";2;0;1;0;1;0;1;2;"-23.195473";"-45.871849";"SR-SP";"DEL6/2";"UOP01/SP"
185523;2019-01-07;"segunda-feira";"18:30:00";"SC";101;150;"ITAPEMA";"Falta de Atenção à Condução";"Colisão lateral";"Com Vítimas Feridas";"Pleno dia";"Crescente";"Céu Claro";"Simples";"Reta";"Sim";2;0;1;0;1;0;1;2;"-27.1267";"-48.6095";"SR-SC";"DEL8/4";"UOP03/SC"
185524;2019-01-01;"terça-feira";"04:00:00";"MS";262;50,6;"TRES LAGOAS";"Ingestão de Álcool";"Saída de leito carroçável";"Com Vítimas Feridas";"Plena Noite";"Crescente";"Chuva";"Simples";"Reta";"Não";1;0;1;0;0;0;1;1;"-20.758873";"-52.033009";"SR-MS";"DEL3/7";"UOP01/MS"
185525;2019-01-16;"quarta-feira";"09:45:00";"SC";101;122;"ITAJAI";"Falta de Atenção à Condução";"Colisão lateral";"Com Vítimas Feridas";"Pleno dia";"Crescente";"Sol";"Dupla";"Reta";"Sim";3;0;2;0;1;0;2;2;"-26.9366";"-48.6987";"SR-SC";"DEL8/4";"UOP04/SC"
185526;2019-01-16;"quarta-feira";"09:20:00";"SC";101;79,5;"ARAQUARI";"Falta de Atenção à Condução";"Colisão transversal";"Com Vítimas Feridas";"Pleno dia";"Decrescente";"Sol";"Dupla";"Não Informado";"Não";3;0;1;0;2;0;1;2;"-26.59544001";"-48.72249305";"SR-SC";"DEL8/3";"UOP02/SC"
185527;2019-01-16;"quarta-feira";"09:15:00";"SC";101;104,7;"PENHA";"Não guardar distância de segurança";"Tombamento";"Com Vítimas Feridas";"Pleno dia";"Crescente";"Sol";"Múltipla";"Viaduto";"Sim";2;0;2;0;0;0;2;1;"-26.8022";"-48.6787";"SR-SC";"DEL8/3";"UOP02/SC"
185528;2019-01-16;"quarta-feira";"07:00:00";"SC";470;191,8;"POUSO REDONDO";"Velocidade Incompatível";"Tombamento";"Com Vítimas Feridas";"Amanhecer";"Decrescente";"Nublado";"Simples";"Curva";"Não";1;0;1;0;0;0;1;1;"-27.284445";"-50.07766";"SR-SC";"DEL8/4";"UOP02/SC"
185530;2019-01-16;"quarta-feira";"10:10:00";"SP";116;380,1;"MIRACATU";"Falta de Atenção à Condução";"Colisão traseira";"Com Vítimas Feridas";"Pleno dia";"Decrescente";"Sol";"Dupla";"Curva";"Não";3;0;1;0;2;0;1;2;"-24.22025586";"-47.3652792";"SR-SP";"DEL6/4";"UOP03/SP"
185531;2019-01-16;"quarta-feira";"10:00:00";"PR";116;107;"SAO JOSE DOS PINHAIS";"Falta de Atenção à Condução";"Engavetamento";"Com Vítimas Feridas";"Pleno dia";"Decrescente";"Céu Claro";"Dupla";"Reta";"Não";4;0;2;0;2;0;2;3;"-25.5688748";"-49.2281021";"SR-PR";"DEL7/1";"UOP01/PR"
185532;2019-01-16;"quarta-feira";"09:20:00";"PA";10;18;"DOM ELISEU";"Falta de Atenção do Pedestre";"Atropelamento de Pedestre";"Com Vítimas Feridas";"Pleno dia";"Crescente";"Céu Claro";"Simples";"Reta";"Sim";4;0;0;1;3;0;1;1;"-4.293095";"-47.556904";"SR-PA";"DEL19/2";"UOP03/PA"
185533;2019-01-16;"quarta-feira";"10:30:00";"DF";60;1,8;"BRASILIA";"Velocidade Incompatível";"Colisão traseira";"Com Vítimas Feridas";"Pleno dia";"Decrescente";"Céu Claro";"Dupla";"Reta";"Sim";2;0;1;0;1;0;1;2;"-15.885093";"-48.068954";"SR-DF";"DF";"UOP03/DF"
185535;2019-01-16;"quarta-feira";"10:30:00";"RJ";116;73;"TERESOPOLIS";"Falta de Atenção à Condução";"Tombamento";"Com Vítimas Feridas";"Pleno dia";"Crescente";"Sol";"Simples";"Curva";"Sim";1;0;1;0;0;0;1;1;"-22.34515";"-42.939686";"SR-RJ";"DEL5/4";"UOP01/RJ"
185536;2019-01-16;"quarta-feira";"11:15:00";"PR";277;485,1;"NOVA LARANJEIRAS";"Falta de Atenção à Condução";"Tombamento";"Sem Vítimas";"Pleno dia";"Decrescente";"Céu Claro";"Simples";"Curva";"Não";1;0;0;0;1;0;0;1;"-25.24857756";"-52.6294899";"SR-PR";"DEL7/4";"UOP03/PR"
185537;2019-01-16;"quarta-feira";"10:10:00";"MG";381;494;"BETIM";"Desobediência às normas de trânsito pelo condutor";"Capotamento";"Com Vítimas Feridas";"Pleno dia";"Decrescente";"Céu Claro";"Dupla";"Retorno Regulamentado";"Sim";3;0;3;0;0;0;3;1;"-19.9731";"-44.1843";"SR-MG";"DEL4/1";"UOP03/MG"
185538;2019-01-16;"quarta-feira";"08:40:00";"GO";NA;NA;"CATALAO";"Falta de Atenção à Condução";"Colisão transversal";"Com Vítimas Feridas";"Pleno dia";"Não Informado";"Sol";"Simples";"Não Informado";"Não";2;0;1;0;1;0;1;2;"-18.10702393";"-47.8894043";"SR-GO";"DEL1/6";"UOP01/GO"
185540;2019-01-12;"sábado";"18:45:00";"SC";470;54,2;"BLUMENAU";"Falta de Atenção à Condução";"Colisão transversal";"Com Vítimas Feridas";"Pleno dia";"Crescente";"Céu Claro";"Simples";"Interseção de vias";"Sim";2;0;1;0;1;0;1;2;"-26.87328717";"-49.11411351";"SR-SC";"DEL8/4";"UOP01/SC"
185541;2019-01-16;"quarta-feira";"11:10:00";"SC";101;103;"BALNEARIO PICARRAS";"Falta de Atenção à Condução";"Colisão traseira";"Com Vítimas Feridas";"Pleno dia";"Crescente";"Sol";"Dupla";"Reta";"Não";3;0;1;0;1;1;1;3;"-26.78714598";"-48.68217945";"SR-SC";"DEL8/3";"UOP02/SC"
185542;2019-01-16;"quarta-feira";"10:50:00";"ES";101;301,5;"VIANA";"Desobediência às normas de trânsito pelo condutor";"Colisão transversal";"Com Vítimas Feridas";"Pleno dia";"Decrescente";"Céu Claro";"Dupla";"Retorno Regulamentado";"Sim";4;0;1;1;1;1;2;2;"-20.36507537";"-40.44347916";"SR-ES";"DEL12/1";"UOP01/ES"
185543;2019-01-16;"quarta-feira";"09:50:00";"PI";343;42,4;"BURITI DOS LOPES";"Velocidade Incompatível";"Saída de leito carroçável";"Com Vítimas Feridas";"Pleno dia";"Decrescente";"Nublado";"Simples";"Curva";"Não";5;0;4;0;1;0;4;1;"-3.16236983";"-41.82271957";"SR-PI";"DEL17/5";"UOP01/PI"
185544;2019-01-16;"quarta-feira";"06:10:00";"RJ";493;89;"SEROPEDICA";"Condutor Dormindo";"Colisão com objeto estático";"Com Vítimas Fatais";"Pleno dia";"Crescente";"Céu Claro";"Dupla";"Reta";"Não";5;2;0;3;0;0;3;1;"-22.70644316";"-43.69794846";"SR-RJ";"DEL5/1";"UOP03/RJ"
185545;2019-01-16;"quarta-feira";"10:30:00";"AL";316;85;"SANTANA DO IPANEMA";"Falta de Atenção à Condução";"Colisão traseira";"Com Vítimas Feridas";"Pleno dia";"Crescente";"Céu Claro";"Simples";"Desvio Temporário";"Sim";3;0;1;0;2;0;1;3;"-9.369829";"-37.243473";"SR-AL";"DEL13/3";"UOP02/AL"
185546;2019-01-16;"quarta-feira";"10:40:00";"PE";232;104,2;"BEZERROS";"Mal Súbito";"Saída de leito carroçável";"Com Vítimas Fatais";"Pleno dia";"Decrescente";"Céu Claro";"Dupla";"Reta";"Não";1;1;0;0;0;0;0;1;"-8.25219";"-35.76585";"SR-PE";"DEL11/2";"UOP02/PE"
185547;2019-01-16;"quarta-feira";"11:10:00";"SE";235;49,5;"ITABAIANA";"Não guardar distância de segurança";"Colisão traseira";"Com Vítimas Feridas";"Pleno dia";"Crescente";"Nublado";"Simples";"Reta";"Sim";2;0;1;0;1;0;1;2;"-10.716222";"-37.421669";"SR-SE";"DEL20/1";"UOP02/SE"
185548;2019-01-16;"quarta-feira";"11:50:00";"SP";153;56;"SAO JOSE DO RIO PRETO";"Falta de Atenção à Condução";"Colisão traseira";"Com Vítimas Feridas";"Pleno dia";"Decrescente";"Céu Claro";"Simples";"Rotatória";"Não";2;0;1;0;1;0;1;2;"-20.7606485";"-49.34613347";"SR-SP";"DEL6/9";"UOP01/SP"
185549;2019-01-16;"quarta-feira";"10:50:00";"PB";230;88,9;"GURINHEM";"Desobediência às normas de trânsito pelo condutor";"Colisão lateral";"Com Vítimas Feridas";"Pleno dia";"Crescente";"Céu Claro";"Dupla";"Retorno Regulamentado";"Sim";2;0;1;0;1;0;1;2;"-7.1689";"-35.3743";"SR-PB";"DEL14/1";"UOP03/PB"
185550;2019-01-16;"quarta-feira";"12:15:00";"SC";101;214;"PALHOCA";"Falta de Atenção à Condução";"Colisão lateral";"Com Vítimas Feridas";"Pleno dia";"Decrescente";"Céu Claro";"Múltipla";"Reta";"Sim";2;0;1;0;1;0;1;2;"-27.652";"-48.676";"SR-SC";"DEL8/1";"UOP02/SC"