"id";"data_inversa";"dia_semana";"horario";"uf";"br";"km";"municipio";"causa_acidente";"tipo_acidente";"classificacao_acidente";"fase_dia";"sentido_via";"condicao_metereologica";"tipo_pista";"tracado_via";"uso_solo";"pessoas";"mortos";"feridos_leves";"feridos_graves";"ilesos";"ignorados";"feridos";"veiculos";"latitude";"longitude";"regional";"delegacia";"uop"
185644;2019-01-16;"quarta-feira";"21:30:00";"MG";50;179;"UBERABA";"Não guardar distância de segurança";"Colisão traseira";"Com Vítimas Feridas";"Plena Noite";"Crescente";"Céu Claro";"Dupla";"Não Informado";"Sim";3;0;1;0;2;0;1;2;"-19.7783";"-47.9223";"SR-MG";"DEL13";"UOP01/MG"
185645;2019-01-16;"quarta-feira";"20:50:00";"SC";282;52;"AGUAS MORNAS";"Falta de Atenção à Condução";"Saída de leito carroçável";"Com Vítimas Feridas";"Plena Noite";"Decrescente";"Nublado";"Simples";"Curva";"Não";3;0;3;0;0;0;3;1;"-27.696936";"-48.964138";"SR-SC";"DEL8/1";"UOP03/SC"
185646;2019-01-16;"quarta-feira";"22:00:00";"PR";277;393,8;"CANDOI";"Velocidade Incompatível";"Colisão frontal";"Com Vítimas Feridas";"Plena Noite";"Crescente";"Céu Claro";"Simples";"Curva";"Não";3;0;1;0;2;0;1;2;"-25.44955244";"-51.91838264";"SR-PR";"DEL7/3";"UOP02/PR"
185647;2019-01-16;"quarta-feira";"18:45:00";"SC";101;215;"PALHOCA";"Falta de Atenção à Condução";"Colisão traseira";"Com Vítimas Feridas";"Plena Noite";"Crescente";"Chuva";"Dupla";"Reta";"Não";2;0;1;0;0;1;1;2;"-27.6601";"-48.6774";"SR-SC";"DEL8/1";"UOP02/SC"
185648;2019-01-16;"quarta-feira";"22:35:00";"SP";101;49,7;"UBATUBA";"Falta de Atenção à Condução";"Colisão transversal";"Com Vítimas Feridas";"Plena Noite";"Crescente";"Chuva";"Simples";"Reta";"Sim";2;0;1;0;1;0;1;2;"-23.45163796";"-45.075962";"SR-SP";"DEL6";"UOP03/SP"
185649;2019-01-16;"quarta-feira";"15:15:00";"PE";104;94;"AGRESTINA";"Defeito Mecânico no Veículo";"Tombamento";"Com Vítimas Feridas";"Pleno dia";"Decrescente";"Céu Claro";"Simples";"Reta";"Não";1;0;1;0;0;0;1;1;"-8.513535";"-35.942421";"SR-PE";"DEL11/2";"UOP01/PE"
185650;2019-01-16;"quarta-feira";"18:50:00";"RJ";101;488;"ANGRA DOS REIS";"Falta de Atenção à Condução";"Colisão transversal";"Com Vítimas Feridas";"Anoitecer";"Crescente";"Céu Claro";"Simples";"Reta";"Sim";2;0;1;0;0;1;1;2;"-22.95648251";"-44.30120637";"SR-RJ";"DEL5/3";"UOP02/RJ"
185651;2019-01-16;"quarta-feira";"22:15:00";"RN";101;83;"NATAL";"Desobediência às normas de trânsito pelo condutor";"Colisão transversal";"Com Vítimas Feridas";"Plena Noite";"Decrescente";"Céu Claro";"Dupla";"Reta";"Sim";3;0;2;0;1;0;2;2;"-5.771044";"-35.266171";"SR-RN";"DEL15/2";"UOP01/RN"
185652;2019-01-16;"quarta-feira";"22:45:00";"PI";316;59,3;"MONSENHOR GIL";"Animais na Pista";"Atropelamento de Animal";"Com Vítimas Feridas";"Plena Noite";"Decrescente";"Chuva";"Simples";"Reta";"Não";2;0;2;0;0;0;2;1;"-5.57284778";"-42.61545181";"SR-PI";"DEL17/1";"UOP02/PI"
185653;2019-01-16;"quarta-feira";"22:25:00";"MG";381;930,4;"ITAPEVA";"Ingestão de Álcool";"Saída de leito carroçável";"Com Vítimas Feridas";"Plena Noite";"Decrescente";"Chuva";"Dupla";"Reta";"Não";1;0;1;0;0;0;1;1;"-22.77908261";"-46.23983771";"SR-MG";"DEL09";"UOP03/MG"
185654;2019-01-16;"quarta-feira";"18:00:00";"BA";418;112,5;"NOVA VICOSA";"Ultrapassagem Indevida";"Colisão frontal";"Com Vítimas Fatais";"Anoitecer";"Decrescente";"Céu Claro";"Simples";"Reta";"Não";2;1;0;0;1;0;0;2;"-17.890428";"-40.070116";"SR-BA";"DEL10/9";"UOP03/BA"
185655;2019-01-16;"quarta-feira";"22:20:00";"SP";381;61;"MAIRIPORA";"Velocidade Incompatível";"Colisão com objeto estático";"Sem Vítimas";"Plena Noite";"Crescente";"Chuva";"Dupla";"Reta";"Não";1;0;0;0;1;0;0;1;"-23.28846641";"-46.58864913";"SR-SP";"DEL6/3";"UOP02/SP"
185656;2019-01-16;"quarta-feira";"23:20:00";"MT";364;348,8;"SANTO ANTONIO DO LEVERGER";"Falta de Atenção à Condução";"Tombamento";"Com Vítimas Fatais";"Plena Noite";"Crescente";"Céu Claro";"Dupla";"Curva";"Não";2;2;0;0;0;0;0;1;"-15.7926523";"-55.58047771";"SR-MT";"DEL2/1";"UOP01/MT"
185657;2019-01-16;"quarta-feira";"19:40:00";"MA";230;448;"RIACHAO";"Falta de Atenção à Condução";"Colisão traseira";"Com Vítimas Feridas";"Anoitecer";"Crescente";"Céu Claro";"Simples";"Reta";"Não";3;0;0;2;1;0;2;2;"-7.422111";"-46.667156";"SR-MA";"DEL18/5";"UOP01/MA"
185658;2019-01-16;"quarta-feira";"23:50:00";"MG";40;530,1;"CONTAGEM";"Condutor Dormindo";"Colisão traseira";"Com Vítimas Feridas";"Plena Noite";"Crescente";"Nublado";"Dupla";"Reta";"Sim";2;0;1;0;1;0;1;2;"-19.9214";"-44.023";"SR-MG";"DEL4/1";"UOP03/MG"
185659;2019-01-17;"quinta-feira";"01:00:00";"SP";381;2;"VARGEM";"Velocidade Incompatível";"Colisão com objeto estático";"Com Vítimas Feridas";"Plena Noite";"Decrescente";"Chuva";"Dupla";"Não Informado";"Não";1;0;1;0;0;0;1;1;"-22.881832";"-46.390686";"SR-SP";"DEL6/3";"UOP01/SP"
185660;2019-01-16;"quarta-feira";"20:40:00";"SP";116;394;"MIRACATU";"Ingestão de Álcool";"Colisão lateral";"Sem Vítimas";"Pleno dia";"Decrescente";"Chuva";"Dupla";"Reta";"Não";2;0;0;0;1;1;0;2;"-24.28725179";"-47.45262265";"SR-SP";"DEL6/4";"UOP03/SP"
185661;2019-01-17;"quinta-feira";"00:15:00";"AL";316;261,3;"PILAR";"Animais na Pista";"Colisão frontal";"Sem Vítimas";"Plena Noite";"Crescente";"Chuva";"Simples";"Reta";"Não";2;0;0;0;2;0;0;2;"-9.588771";"-35.887005";"SR-AL";"DEL13/2";"UOP01/AL"
185662;2019-01-17;"quinta-feira";"00:05:00";"PR";369;124;"JATAIZINHO";"Não guardar distância de segurança";"Colisão traseira";"Com Vítimas Feridas";"Plena Noite";"Decrescente";"Céu Claro";"Simples";"Reta";"Não";2;0;1;0;1;0;1;2;"-23.2851703";"-50.93967676";"SR-PR";"DEL7/7";"UOP06/PR"
185663;2019-01-17;"quinta-feira";"00:42:00";"PR";163;287;"MARECHAL CANDIDO RONDON";"Velocidade Incompatível";"Tombamento";"Sem Vítimas";"Plena Noite";"Crescente";"Ignorado";"Múltipla";"Não Informado";"Não";1;0;0;0;1;0;0;1;"-24.52354283";"-54.05977249";"SR-PR";"DEL7/6";"UOP04/PR"
185664;2019-01-17;"quinta-feira";"02:00:00";"RS";290;83,9;"CACHOEIRINHA";"Animais na Pista";"Capotamento";"Com Vítimas Feridas";"Plena Noite";"Decrescente";"Nublado";"Simples";"Reta";"Sim";1;0;1;0;0;0;1;1;"-29.959141";"-51.088791";"SR-RS";"DEL9/1";"UOP01/RS"
185665;2019-01-17;"quinta-feira";"00:02:00";"MA";230;402,5;"BALSAS";"Desobediência às normas de trânsito pelo condutor";"Colisão lateral";"Com Vítimas Feridas";"Plena Noite";"Crescente";"Céu Claro";"Simples";"Reta";"Sim";2;0;0;1;1;0;1;2;"-7.521335";"-46.04969";"SR-MA";"DEL18/5";"UOP01/MA"
185666;2019-01-17;"quinta-feira";"02:30:00";"SP";116;133,3;"CACAPAVA";"Condutor Dormindo";"Colisão traseira";"Com Vítimas Feridas";"Plena Noite";"Decrescente";"Nublado";"Dupla";"Reta";"Não";3;0;1;0;2;0;1;2;"-23.135967";"-45.753292";"SR-SP";"DEL6";"UOP02/SP"
185667;2019-01-17;"quinta-feira";"02:40:00";"MS";163;508,2;"JARAGUARI";"Animais na Pista";"Atropelamento de Animal";"Sem Vítimas";"Plena Noite";"Crescente";"Céu Claro";"Dupla";"Reta";"Não";1;0;0;0;0;1;0;1;"-20.257873";"-54.482963";"SR-MS";"DEL3/1";"UOP02/MS"
185668;2019-01-17;"quinta-feira";"02:40:00";"MT";163;832;"SINOP";"Ingestão de Álcool";"Saída de leito carroçável";"Com Vítimas Feridas";"Plena Noite";"Decrescente";"Céu Claro";"Simples";"Retorno Regulamentado";"Sim";1;0;1;0;0;0;1;1;"-11.913";"-55.509";"SR-MT";"DEL2/6";"UOP01/MT"
185669;2019-01-17;"quinta-feira";"04:15:00";"RJ";101;55;"CAMPOS DOS GOYTACAZES";"Desobediência às normas de trânsito pelo condutor";"Colisão lateral";"Sem Vítimas";"Plena Noite";"Crescente";"Céu Claro";"Simples";"Reta";"Não";2;0;0;0;2;0;0;2;"-21.678255";"-41.310799";"SR-RJ";"DEL5/8";"UOP01/RJ"
185671;2019-01-17;"quinta-feira";"03:50:00";"MS";163;251,9;"DOURADOS";"Falta de Atenção à Condução";"Saída de leito carroçável";"Sem Vítimas";"Plena Noite";"Decrescente";"Nublado";"Simples";"Reta";"Não";1;0;0;0;0;1;0;1;"-22.29004943";"-54.82177734";"SR-MS";"DEL3/4";"UOP01/MS"
185672;2019-01-17;"quinta-feira";"05:25:00";"MG";40;449,8;"CAETANOPOLIS";"Pista Escorregadia";"Saída de leito carroçável";"Com Vítimas Feridas";"Amanhecer";"Decrescente";"Chuva";"Dupla";"Reta";"Não";1;0;1;0;0;0;1;1;"-19.3248";"-44.3646";"SR-MG";"DEL4/2";"UOP01/MG"
185673;2019-01-17;"quinta-feira";"05:50:00";"PR";277;718,5;"FOZ DO IGUACU";"Defeito Mecânico no Veículo";"Saída de leito carroçável";"Com Vítimas Feridas";"Amanhecer";"Crescente";"Céu Claro";"Dupla";"Não Informado";"Não";1;0;1;0;0;0;1;1;"-25.480068";"-54.485416";"SR-PR";"DEL7/5";"UOP01/PR"
185674;2019-01-17;"quinta-feira";"06:15:00";"DF";40;0,8;"BRASILIA";"Falta de Atenção à Condução";"Queda de ocupante de veículo";"Com Vítimas Feridas";"Amanhecer";"Crescente";"Céu Claro";"Dupla";"Reta";"Sim";1;0;1;0;0;0;1;1;"-15.98493921";"-47.98799157";"SR-DF";"DF";"UOP01/DF"
185678;2019-01-17;"quinta-feira";"02:00:00";"RS";290;3,5;"OSORIO";"Condutor Dormindo";"Saída de leito carroçável";"Com Vítimas Feridas";"Plena Noite";"Crescente";"Nublado";"Múltipla";"Reta";"Não";1;0;1;0;0;0;1;1;"-29.897923";"-50.304722";"SR-RS";"DEL9/3";"UOP02/RS"
185679;2019-01-17;"quinta-feira";"05:30:00";"MG";153;6,5;"ARAPORA";"Condutor Dormindo";"Colisão com objeto estático";"Com Vítimas Feridas";"Amanhecer";"Decrescente";"Céu Claro";"Dupla";"Reta";"Não";1;0;1;0;0;0;1;1;"-18.4812";"-49.1885";"SR-MG";"DEL4/15";"UOP03/MG"
185680;2019-01-17;"quinta-feira";"06:00:00";"RJ";40;119;"DUQUE DE CAXIAS";"Condutor Dormindo";"Colisão com objeto em movimento";"Com Vítimas Feridas";"Pleno dia";"Crescente";"Sol";"Múltipla";"Reta";"Sim";1;0;1;0;0;0;1;1;"-22.7713";"-43.2862";"SR-RJ";"DEL5/1";"UOP01/RJ"
185683;2019-01-17;"quinta-feira";"06:30:00";"MG";251;504,6;"FRANCISCO SA";"Velocidade Incompatível";"Tombamento";"Com Vítimas Feridas";"Amanhecer";"Decrescente";"Céu Claro";"Simples";"Viaduto";"Não";1;0;1;0;0;0;1;1;"-16.609";"-43.6592";"SR-MG";"DEL4/12";"UOP01/MG"
185684;2019-01-17;"quinta-feira";"06:00:00";"RN";304;205,2;"LAJES";"Condutor Dormindo";"Colisão frontal";"Com Vítimas Fatais";"Pleno dia";"Decrescente";"Céu Claro";"Simples";"Desvio Temporário";"Não";5;3;0;0;2;0;0;2;"-5.73662717";"-36.11846566";"SR-RN";"DEL15/1";"UOP03/RN"
185685;2019-01-17;"quinta-feira";"06:45:00";"PE";232;51,7;"VITORIA DE SANTO ANTAO";"Defeito na Via";"Queda de ocupante de veículo";"Com Vítimas Feridas";"Pleno dia";"Crescente";"Nublado";"Dupla";"Reta";"Não";1;0;1;0;0;0;1;1;"-8.137075";"-35.332804";"SR-PE";"DEL11/1";"UOP04/PE"
185687;2019-01-17;"quinta-feira";"07:40:00";"SC";101;212;"PALHOCA";"Falta de Atenção à Condução";"Colisão lateral";"Com Vítimas Feridas";"Pleno dia";"Decrescente";"Céu Claro";"Dupla";"Reta";"Sim";2;0;1;0;1;0;1;2;"-27.6372";"-48.6651";"SR-SC";"DEL8/1";"UOP02/SC"
185688;2019-01-17;"quinta-feira";"08:05:00";"RS";158;332;"SANTA MARIA";"Falta de Atenção à Condução";"Colisão transversal";"Com Vítimas Feridas";"Pleno dia";"Crescente";"Chuva";"Dupla";"Não Informado";"Sim";2;0;0;1;1;0;1;2;"-29.707563";"-53.854141";"SR-RS";"DEL9/9";"UOP01/RS"
185689;2019-01-17;"quinta-feira";"08:15:00";"PR";476;130,5;"CURITIBA";"Falta de Atenção à Condução";"Colisão traseira";"Com Vítimas Feridas";"Amanhecer";"Crescente";"Céu Claro";"Múltipla";"Reta";"Sim";2;0;1;0;1;0;1;2;"-25.449564";"-49.236427";"SR-PR";"DEL7/1";"UOP06/PR"
185692;2019-01-17;"quinta-feira";"08:05:00";"SP";153;55;"SAO JOSE DO RIO PRETO";"Avarias e/ou desgaste excessivo no pneu";"Tombamento";"Com Vítimas Feridas";"Pleno dia";"Crescente";"Céu Claro";"Simples";"Reta";"Sim";1;0;1;0;0;0;1;1;"-20.753166";"-49.342579";"SR-SP";"DEL6/9";"UOP01/SP"
185693;2019-01-17;"quinta-feira";"08:15:00";"DF";60;2;"BRASILIA";"Falta de Atenção à Condução";"Colisão traseira";"Com Vítimas Feridas";"Pleno dia";"Decrescente";"Céu Claro";"Simples";"Reta";"Não";2;0;1;0;0;1;1;2;"-15.887383";"-48.077988";"SR-DF";"DF";"UOP03/DF"
185694;2019-01-17;"quinta-feira";"07:00:00";"PE";101;103;"CABO DE SANTO AGOSTINHO";"Desobediência às normas de trânsito pelo condutor";"Colisão frontal";"Sem Vítimas";"Pleno dia";"Crescente";"Nublado";"Simples";"Reta";"Sim";2;0;0;0;0;2;0;2;"-8.2977";"-35.0643";"SR-PE";"DEL11/1";"UOP03/PE"
185695;2019-01-17;"quinta-feira";"08:25:00";"GO";40;14;"LUZIANIA";"Mal Súbito";"Saída de leito carroçável";"Com Vítimas Feridas";"Pleno dia";"Decrescente";"Céu Claro";"Dupla";"Reta";"Não";2;0;2;0;0;0;2;1;"-16.158753";"-47.933136";"SR-DF";"GO";"UOP01/DF"
185696;2019-01-17;"quinta-feira";"07:30:00";"MG";40;632,1;"CONSELHEIRO LAFAIETE";"Falta de Atenção à Condução";"Colisão transversal";"Com Vítimas Feridas";"Pleno dia";"Decrescente";"Céu Claro";"Dupla";"Reta";"Sim";4;0;0;1;2;1;1;2;"-20.69";"-43.79";"SR-MG";"DEL5";"UOP02/MG"
185697;2019-01-17;"quinta-feira";"08:20:00";"SC";280;51;"GUARAMIRIM";"Falta de Atenção à Condução";"Colisão transversal";"Com Vítimas Feridas";"Pleno dia";"Crescente";"Céu Claro";"Simples";"Reta";"Sim";2;0;1;0;1;0;1;2;"-26.467038";"-48.960478";"SR-SC";"DEL8/3";"UOP03/SC"
185698;2019-01-17;"quinta-feira";"08:40:00";"MG";50;69;"UBERLANDIA";"Falta de Atenção à Condução";"Colisão traseira";"Com Vítimas Feridas";"Pleno dia";"Crescente";"Nublado";"Dupla";"Reta";"Sim";2;0;1;0;1;0;1;2;"-18.8907";"-48.256";"SR-MG";"DEL4/15";"UOP01/MG"
185699;2019-01-17;"quinta-feira";"08:40:00";"RS";285;123,3;"VACARIA";"Falta de Atenção à Condução";"Queda de ocupante de veículo";"Com Vítimas Feridas";"Pleno dia";"Crescente";"Céu Claro";"Simples";"Reta";"Sim";5;0;0;1;3;1;1;2;"-28.499468";"-50.951084";"SR-RS";"DEL9/5";"UOP03/RS"
185701;2019-01-17;"quinta-feira";"07:45:00";"RJ";116;241,1;"PIRAI";"Falta de Atenção à Condução";"Tombamento";"Sem Vítimas";"Pleno dia";"Decrescente";"Céu Claro";"Dupla";"Reta";"Não";1;0;0;0;1;0;0;1;"-22.658323";"-43.889694";"SR-RJ";"DEL5/7";"UOP01/RJ"
185702;2019-01-17;"quinta-feira";"08:30:00";"RJ";101;317;"SAO GONCALO";"Falta de Atenção à Condução";"Colisão lateral";"Com Vítimas Feridas";"Pleno dia";"Crescente";"Sol";"Dupla";"Reta";"Não";2;0;1;0;1;0;1;2;"-22.837111";"-43.094929";"SR-RJ";"DEL5/2";"UOP02/RJ"
185704;2019-01-17;"quinta-feira";"08:30:00";"RS";158;334;"SANTA MARIA";"Falta de Atenção à Condução";"Colisão transversal";"Com Vítimas Feridas";"Pleno dia";"Decrescente";"Chuva";"Dupla";"Reta";"Sim";2;0;1;0;1;0;1;2;"-29.70751";"-53.874432";"SR-RS";"DEL9/9";"UOP01/RS"
185705;2019-01-17;"quinta-feira";"06:50:00";"MG";40;44,1;"PARACATU";"Falta de Atenção à Condução";"Colisão traseira";"Com Vítimas Feridas";"Pleno dia";"Crescente";"Céu Claro";"Simples";"Rotatória";"Sim";2;0;1;0;1;0;1;2;"-17.231016";"-46.853905";"SR-MG";"DEL4/14";"UOP01/MG"
185708;2019-01-17;"quinta-feira";"08:50:00";"PR";467;79;"CASCAVEL";"Deficiência ou não Acionamento do Sistema de Iluminação/Sinalização do Veículo";"Saída de leito carroçável";"Com Vítimas Feridas";"Pleno dia";"Decrescente";"Sol";"Dupla";"Reta";"Não";3;0;3;0;0;0;3;1;"-24.7786";"-53.6791";"SR-PR";"DEL7/4";"UOP01/PR"
185709;2019-01-17;"quinta-feira";"07:40:00";"SC";163;68;"SAO MIGUEL DO OESTE";"Ingestão de Álcool";"Colisão traseira";"Com Vítimas Feridas";"Pleno dia";"Decrescente";"Céu Claro";"Dupla";"Desvio Temporário";"Sim";2;0;1;0;1;0;1;2;"-26.750364";"-53.50087";"SR-SC";"DEL7";"UOP03/SC"
185710;2019-01-17;"quinta-feira";"08:20:00";"SE";101;94;"NOSSA SENHORA DO SOCORRO";"Falta de Atenção à Condução";"Tombamento";"Com Vítimas Feridas";"Pleno dia";"Crescente";"Céu Claro";"Dupla";"Curva";"Sim";2;0;1;0;1;0;1;2;"-10.90556";"-37.14942";"SR-SE";"DEL20/1";"UOP01/SE"
185712;2019-01-17;"quinta-feira";"05:30:00";"MG";251;423,7;"GRAO MOGOL";"Defeito Mecânico no Veículo";"Incêndio";"Sem Vítimas";"Amanhecer";"Crescente";"Ignorado";"Simples";"Não Informado";"Não";1;0;0;0;1;0;0;1;"-16.311";"-43.0964";"SR-MG";"DEL4/12";"UOP01/MG"
185715;2019-01-17;"quinta-feira";"06:30:00";"CE";222;69,8;"SAO LUIS DO CURU";"Falta de Atenção à Condução";"Colisão lateral";"Sem Vítimas";"Pleno dia";"Crescente";"Céu Claro";"Simples";"Reta";"Não";2;0;0;0;2;0;0;2;"-3.67138179";"-39.22153473";"SR-CE";"DEL16/1";"UOP03/CE"
185717;2019-01-02;"quarta-feira";"11:20:00";"GO";20;22;"FORMOSA";"Falta de Atenção à Condução";"Colisão transversal";"Com Vítimas Feridas";"Pleno dia";"Decrescente";"Céu Claro";"Simples";"Interseção de vias";"Não";8;0;3;0;5;0;3;2;"-15.546948";"-47.164692";"SR-DF";"GO";"UOP04/DF"
185718;2019-01-17;"quinta-feira";"09:40:00";"SP";116;229;"SAO PAULO";"Não guardar distância de segurança";"Colisão lateral";"Com Vítimas Feridas";"Pleno dia";"Crescente";"Sol";"Múltipla";"Reta";"Sim";3;0;2;0;1;0;2;2;"-23.50931726";"-46.57319605";"SR-SP";"DEL6/1";"UOP01/SP"
185720;2019-01-17;"quinta-feira";"08:40:00";"PI";343;345,5;"TERESINA";"Desobediência às normas de trânsito pelo condutor";"Colisão transversal";"Sem Vítimas";"Pleno dia";"Crescente";"Céu Claro";"Dupla";"Interseção de vias";"Sim";2;0;0;0;2;0;0;2;"-5.102889";"-42.766506";"SR-PI";"DEL17/1";"UOP01/PI"
185721;2019-01-17;"quinta-feira";"08:45:00";"RN";405;2,7;"MOSSORO";"Não guardar distância de segurança";"Colisão lateral";"Com Vítimas Feridas";"Pleno dia";"Crescente";"Céu Claro";"Simples";"Não Informado";"Sim";3;0;0;2;0;1;2;2;"-5.193364";"-37.376088";"SR-RN";"DEL15/4";"UOP02/RN"
185722;2019-01-17;"quinta-feira";"09:05:00";"RN";226;3,9;"NATAL";"Avarias e/ou desgaste excessivo no pneu";"Colisão frontal";"Com Vítimas Feridas";"Pleno dia";"Crescente";"Nublado";"Simples";"Reta";"Sim";4;0;1;2;0;1;3;2;"-5.820857";"-35.251869";"SR-RN";"DEL15/1";"UOP02/RN"
185723;2019-01-17;"quinta-feira";"07:00:00";"PE";101;125,9;"ESCADA";"Falta de Atenção do Pedestre";"Atropelamento de Pedestre";"Com Vítimas Feridas";"Pleno dia";"Decrescente";"Nublado";"Dupla";"Reta";"Sim";2;0;1;1;0;0;2;1;"-8.368";"-35.2269";"SR-PE";"DEL11/1";"UOP03/PE"
185724;2019-01-17;"quinta-feira";"10:20:00";"RJ";116;141,1;"DUQUE DE CAXIAS";"Falta de Atenção à Condução";"Colisão traseira";"Com Vítimas Feridas";"Pleno dia";"Crescente";"Céu Claro";"Dupla";"Reta";"Sim";2;0;1;0;1;0;1;2;"-22.66185849";"-43.25626373";"SR-RJ";"DEL5/4";"UOP02/RJ"
185725;2019-01-17;"quinta-feira";"10:40:00";"ES";101;205,6;"JOAO NEIVA";"Falta de Atenção do Pedestre";"Atropelamento de Pedestre";"Com Vítimas Fatais";"Pleno dia";"Decrescente";"Céu Claro";"Dupla";"Desvio Temporário";"Sim";4;1;1;0;2;0;1;1;"-19.7609";"-40.376965";"SR-ES";"DEL12/2";"UOP01/ES"
185727;2019-01-17;"quinta-feira";"11:30:00";"SC";282;1,9;"FLORIANOPOLIS";"Falta de Atenção à Condução";"Colisão traseira";"Com Vítimas Feridas";"Pleno dia";"Decrescente";"Céu Claro";"Dupla";"Reta";"Sim";2;0;0;1;1;0;1;2;"-27.602955";"-48.580509";"SR-SC";"DEL8/1";"UOP01/SC"
185728;2019-01-17;"quinta-feira";"10:00:00";"PE";423;144,4;"IATI";"Falta de Atenção do Pedestre";"Atropelamento de Pedestre";"Com Vítimas Fatais";"Pleno dia";"Crescente";"Céu Claro";"Simples";"Reta";"Sim";2;1;0;0;1;0;0;1;"-9.003867";"-36.860493";"SR-PE";"DEL11/3";"UOP01/PE"
185729;2019-01-17;"quinta-feira";"10:05:00";"PE";316;250;"BELEM DE SAO FRANCISCO";"Velocidade Incompatível";"Capotamento";"Com Vítimas Fatais";"Pleno dia";"Decrescente";"Nublado";"Simples";"Curva";"Não";4;1;2;1;0;0;3;1;"-8.678411";"-38.971153";"SR-PE";"DEL11/5";"UOP03/PE"
185731;2019-01-17;"quinta-feira";"02:00:00";"BA";101;288,8;"LAJE";"Falta de Atenção à Condução";"Saída de leito carroçável";"Com Vítimas Feridas";"Plena Noite";"Crescente";"Ignorado";"Simples";"Não Informado";"Não";20;0;20;0;0;0;20;1;"-13.1706";"-39.3147";"SR-BA";"DEL10/1";"UOP02/BA"
185732;2019-01-17;"quinta-feira";"11:30:00";"MG";381;364,4;"JOAO MONLEVADE";"Falta de Atenção à Condução";"Colisão lateral";"Com Vítimas Feridas";"Pleno dia";"Decrescente";"Céu Claro";"Simples";"Não Informado";"Não";2;0;1;0;1;0;1;2;"-19.85100858";"-43.21678162";"SR-MG";"DEL4/3";"UOP01/MG"
185733;2019-01-17;"quinta-feira";"10:55:00";"PE";408;89,4;"SAO LOURENCO DA MATA";"Desobediência às normas de trânsito pelo condutor";"Colisão transversal";"Com Vítimas Feridas";"Pleno dia";"Crescente";"Céu Claro";"Dupla";"Reta";"Sim";3;0;1;0;2;0;1;2;"-7.983827";"-35.079807";"SR-PE";"DEL11/1";"UOP01/PE"
185734;2019-01-17;"quinta-feira";"12:00:00";"PR";373;422,7;"CANDOI";"Defeito Mecânico no Veículo";"Saída de leito carroçável";"Com Vítimas Feridas";"Pleno dia";"Crescente";"Céu Claro";"Simples";"Não Informado";"Não";1;0;1;0;0;0;1;1;"-25.70789823";"-52.17681885";"SR-PR";"DEL7/3";"UOP02/PR"
185736;2019-01-17;"quinta-feira";"04:30:00";"PA";10;321;"SAO MIGUEL DO GUAMA";"Restrição de Visibilidade";"Colisão traseira";"Com Vítimas Feridas";"Plena Noite";"Crescente";"Nevoeiro/Neblina";"Simples";"Reta";"Sim";3;0;1;0;2;0;1;2;"-1.627098";"-47.481216";"SR-PA";"DEL19/1";"UOP03/PA"
185737;2019-01-17;"quinta-feira";"13:10:00";"PR";153;333,4;"IRATI";"Ultrapassagem Indevida";"Colisão transversal";"Com Vítimas Feridas";"Pleno dia";"Decrescente";"Sol";"Simples";"Não Informado";"Sim";3;0;1;1;1;0;2;2;"-25.466806";"-50.63031";"SR-PR";"DEL7/3";"UOP04/PR"
185738;2019-01-17;"quinta-feira";"13:20:00";"SC";470;84,5;"ASCURRA";"Ultrapassagem Indevida";"Colisão lateral";"Com Vítimas Feridas";"Pleno dia";"Decrescente";"Sol";"Simples";"Reta";"Não";3;0;0;1;2;0;1;3;"-26.96137";"-49.342415";"SR-SC";"DEL8/4";"UOP01/SC"
185739;2019-01-17;"quinta-feira";"12:00:00";"BA";135;115;"RIACHAO DAS NEVES";"Falta de Atenção do Pedestre";"Atropelamento de Pedestre";"Com Vítimas Fatais";"Pleno dia";"Decrescente";"Céu Claro";"Simples";"Reta";"Não";2;1;0;0;1;0;0;1;"-11.664136";"-44.863239";"SR-BA";"DEL10/10";"UOP01/BA"
185740;2019-01-17;"quinta-feira";"12:20:00";"MG";381;281;"JAGUARACU";"Defeito Mecânico no Veículo";"Incêndio";"Sem Vítimas";"Pleno dia";"Decrescente";"Céu Claro";"Simples";"Reta";"Não";3;0;0;0;1;2;0;1;"-19.58722325";"-42.73224684";"SR-MG";"DEL4/3";"UOP02/MG"
185742;2019-01-17;"quinta-feira";"13:40:00";"MG";116;529,6;"CARATINGA";"Desobediência às normas de trânsito pelo condutor";"Colisão lateral";"Com Vítimas Feridas";"Pleno dia";"Crescente";"Céu Claro";"Simples";"Reta";"Não";2;0;2;0;0;0;2;2;"-19.795662";"-42.137397";"SR-MG";"DEL4/6";"UOP02/MG"
185743;2019-01-17;"quinta-feira";"12:40:00";"CE";20;413;"MARACANAU";"Falta de Atenção à Condução";"Colisão transversal";"Com Vítimas Feridas";"Pleno dia";"Crescente";"Céu Claro";"Dupla";"Reta";"Sim";4;0;1;0;3;0;1;2;"-3.76999";"-38.670063";"SR-CE";"DEL16/1";"UOP01/CE"
185744;2019-01-17;"quinta-feira";"11:30:00";"RO";364;237,6;"CACOAL";"Desobediência às normas de trânsito pelo condutor";"Colisão transversal";"Com Vítimas Feridas";"Pleno dia";"Decrescente";"Sol";"Simples";"Não Informado";"Sim";5;0;1;0;3;1;1;2;"-11.440825";"-61.45116806";"SR-RO";"DEL21/2";"UOP02/RO"