"id";"data_inversa";"dia_semana";"horario";"uf";"br";"km";"municipio";"causa_acidente";"tipo_acidente";"classificacao_acidente";"fase_dia";"sentido_via";"condicao_metereologica";"tipo_pista";"tracado_via";"uso_solo";"pessoas";"mortos";"feridos_leves";"feridos_graves";"ilesos";"ignorados";"feridos";"veiculos";"latitude";"longitude";"regional";"delegacia";"uop"
185745;2019-01-17;"quinta-feira";"12:00:00";"MG";40;717,7;"BARBACENA";"Velocidade Incompatível";"Capotamento";"Com Vítimas Feridas";"Pleno dia";"Crescente";"Céu Claro";"Dupla";"Curva";"Não";4;0;2;0;2;0;2;1;"-21.2872";"-43.6421";"SR-MG";"DEL5";"UOP01/MG"
185746;2019-01-03;"quinta-feira";"04:00:00";"MT";70;568,7;"NOSSA SENHORA DO LIVRAMENTO";"Defeito Mecânico no Veículo";"Saída de leito carroçável";"Com Vítimas Feridas";"Plena Noite";"Decrescente";"Céu Claro";"Simples";"Reta";"Não";15;0;5;0;10;0;5;1;"-15.704763";"-56.468536";"SR-MT";"DEL2/4";"UOP02/MT"
185747;2019-01-17;"quinta-feira";"12:10:00";"GO";60;226,8;"CEZARINA";"Defeito Mecânico no Veículo";"Tombamento";"Sem Vítimas";"Pleno dia";"Decrescente";"Céu Claro";"Dupla";"Não Informado";"Não";1;0;0;0;1;0;0;1;"-17.0231";"-49.7776";"SR-GO";"DEL1/1";"UOP02/GO"
185748;2019-01-09;"quarta-feira";"08:31:00";"MS";60;394;"SIDROLANDIA";"Falta de Atenção à Condução";"Colisão lateral";"Com Vítimas Feridas";"Pleno dia";"Crescente";"Céu Claro";"Simples";"Reta";"Não";2;0;1;0;1;0;1;2;"-20.89555";"-54.865681";"SR-MS";"DEL3/1";"UOP04/MS"
185749;2019-01-17;"quinta-feira";"11:10:00";"MT";163;854;"SINOP";"Desobediência às normas de trânsito pelo condutor";"Colisão transversal";"Com Vítimas Feridas";"Pleno dia";"Crescente";"Céu Claro";"Simples";"Rotatória";"Sim";2;0;1;0;1;0;1;2;"-11.82434148";"-55.52490234";"SR-MT";"DEL2/6";"UOP02/MT"
185750;2019-01-13;"domingo";"16:20:00";"MG";381;567;"ITAGUARA";"Falta de Atenção à Condução";"Colisão lateral";"Com Vítimas Feridas";"Pleno dia";"Crescente";"Céu Claro";"Dupla";"Reta";"Não";5;0;1;0;4;0;1;2;"-20.4049";"-44.5182";"SR-MG";"DEL4/4";"UOP03/MG"
185751;2019-01-17;"quinta-feira";"13:25:00";"BA";101;712,1;"EUNAPOLIS";"Ultrapassagem Indevida";"Capotamento";"Com Vítimas Feridas";"Pleno dia";"Crescente";"Sol";"Simples";"Não Informado";"Não";2;0;0;1;1;0;1;1;"-16.3237";"-39.588";"SR-BA";"DEL10/9";"UOP01/BA"
185752;2019-01-17;"quinta-feira";"11:50:00";"SP";153;140;"PROMISSAO";"Falta de Atenção à Condução";"Saída de leito carroçável";"Sem Vítimas";"Pleno dia";"Decrescente";"Céu Claro";"Dupla";"Curva";"Não";1;0;0;0;1;0;0;1;"-21.327637";"-49.791409";"SR-SP";"DEL6/07";"UOP01/SP"
185753;2019-01-17;"quinta-feira";"13:30:00";"PI";316;293,1;"PICOS";"Falta de Atenção à Condução";"Colisão frontal";"Com Vítimas Feridas";"Pleno dia";"Decrescente";"Céu Claro";"Simples";"Reta";"Não";2;0;1;0;1;0;1;2;"-7.010364";"-41.594886";"SR-PI";"DEL17/4";"UOP01/PI"
185754;2019-01-17;"quinta-feira";"14:25:00";"PR";373;223,5;"IMBITUVA";"Falta de Atenção à Condução";"Colisão lateral";"Com Vítimas Feridas";"Pleno dia";"Decrescente";"Céu Claro";"Dupla";"Rotatória";"Não";4;0;2;0;2;0;2;2;"-25.18103467";"-50.59662826";"SR-PR";"DEL7/3";"UOP01/PR"
185757;2019-01-17;"quinta-feira";"14:30:00";"SC";163;65;"SAO MIGUEL DO OESTE";"Falta de Atenção à Condução";"Colisão lateral";"Com Vítimas Feridas";"Pleno dia";"Crescente";"Céu Claro";"Simples";"Rotatória";"Não";2;0;1;0;1;0;1;2;"-26.775362";"-53.506016";"SR-SC";"DEL7";"UOP03/SC"
185758;2019-01-17;"quinta-feira";"14:30:00";"RJ";40;84;"DUQUE DE CAXIAS";"Falta de Atenção à Condução";"Colisão com objeto estático";"Com Vítimas Feridas";"Pleno dia";"Crescente";"Céu Claro";"Simples";"Curva";"Não";2;0;0;1;1;0;1;1;"-22.5511";"-43.2257";"SR-RJ";"DEL5/6";"UOP03/RJ"
185759;2019-01-17;"quinta-feira";"13:40:00";"MT";163;842;"SINOP";"Objeto estático sobre o leito carroçável";"Saída de leito carroçável";"Com Vítimas Feridas";"Pleno dia";"Decrescente";"Céu Claro";"Simples";"Reta";"Sim";1;0;1;0;0;0;1;1;"-11.799576";"-55.479115";"SR-MT";"DEL2/6";"UOP02/MT"
185760;2019-01-17;"quinta-feira";"05:10:00";"MT";364;238;"JUSCIMEIRA";"Defeito na Via";"Colisão lateral";"Com Vítimas Feridas";"Amanhecer";"Decrescente";"Céu Claro";"Dupla";"Desvio Temporário";"Não";2;0;1;0;0;1;1;2;"-16.19824268";"-54.78231967";"SR-MT";"DEL2/2";"UOP01/MT"
185761;2019-01-17;"quinta-feira";"07:00:00";"MT";364;139,7;"PEDRA PRETA";"Carga excessiva e/ou mal acondicionada";"Tombamento";"Com Vítimas Feridas";"Pleno dia";"Decrescente";"Céu Claro";"Simples";"Não Informado";"Não";1;0;1;0;0;0;1;1;"-16.79294513";"-54.1966939";"SR-MT";"DEL2/2";"UOP01/MT"
185762;2019-01-13;"domingo";"21:30:00";"MS";359;193;"COXIM";"Animais na Pista";"Atropelamento de Animal";"Com Vítimas Feridas";"Plena Noite";"Crescente";"Céu Claro";"Simples";"Reta";"Não";3;0;0;1;2;0;1;1;"-18.308664";"-54.243542";"SR-MS";"DEL3/6";"UOP01/MS"
185764;2019-01-17;"quinta-feira";"12:15:00";"RO";364;15,9;"VILHENA";"Falta de Atenção à Condução";"Colisão transversal";"Com Vítimas Fatais";"Pleno dia";"Crescente";"Céu Claro";"Dupla";"Reta";"Sim";2;1;0;0;1;0;0;2;"-12.73452";"-60.15647";"SR-RO";"DEL21/4";"UOP01/RO"
185766;2019-01-17;"quinta-feira";"15:05:00";"ES";101;270;"SERRA";"Não guardar distância de segurança";"Colisão traseira";"Com Vítimas Feridas";"Pleno dia";"Decrescente";"Sol";"Múltipla";"Reta";"Sim";3;0;1;1;1;0;2;2;"-20.23090492";"-40.27319225";"SR-ES";"DEL12/2";"UOP01/ES"
185767;2019-01-17;"quinta-feira";"15:30:00";"GO";153;676;"PANAMA";"Defeito Mecânico no Veículo";"Capotamento";"Com Vítimas Feridas";"Pleno dia";"Decrescente";"Sol";"Dupla";"Reta";"Sim";2;0;2;0;0;0;2;1;"-18.1933";"-49.2847";"SR-GO";"DEL1/3";"UOP02/GO"
185769;2019-01-17;"quinta-feira";"16:15:00";"RS";287;270,4;"SANTA MARIA";"Velocidade Incompatível";"Saída de leito carroçável";"Com Vítimas Feridas";"Pleno dia";"Crescente";"Chuva";"Simples";"Reta";"Não";3;0;2;0;0;1;2;1;"-29.667089";"-54.073936";"SR-RS";"DEL9/9";"UOP01/RS"
185770;2019-01-17;"quinta-feira";"12:30:00";"RJ";116;305;"RESENDE";"Falta de Atenção à Condução";"Colisão transversal";"Com Vítimas Feridas";"Pleno dia";"Crescente";"Céu Claro";"Dupla";"Reta";"Sim";3;0;1;0;2;0;1;2;"-22.459236";"-44.434776";"SR-RJ";"DEL5/7";"UOP03/RJ"
185771;2019-01-17;"quinta-feira";"16:15:00";"PR";116;47;"CAMPINA GRANDE DO SUL";"Velocidade Incompatível";"Tombamento";"Sem Vítimas";"Pleno dia";"Crescente";"Chuva";"Dupla";"Curva";"Não";1;0;0;0;1;0;0;1;"-25.210619";"-48.897217";"SR-PR";"DEL7/1";"UOP02/PR"
185772;2019-01-17;"quinta-feira";"15:40:00";"CE";116;4,6;"FORTALEZA";"Objeto estático sobre o leito carroçável";"Tombamento";"Com Vítimas Feridas";"Pleno dia";"Crescente";"Céu Claro";"Múltipla";"Reta";"Sim";1;0;1;0;0;0;1;1;"-3.7956";"-38.507";"SR-CE";"DEL16/1";"UOP02/CE"
185773;2019-01-17;"quinta-feira";"14:10:00";"RJ";101;408;"ITAGUAI";"Falta de Atenção à Condução";"Queda de ocupante de veículo";"Com Vítimas Feridas";"Pleno dia";"Crescente";"Sol";"Simples";"Reta";"Sim";2;0;2;0;0;0;2;1;"-22.88088";"-43.824417";"SR-RJ";"DEL5/3";"UOP01/RJ"
185774;2019-01-17;"quinta-feira";"14:40:00";"CE";402;286,3;"TURURU";"Falta de Atenção à Condução";"Colisão frontal";"Com Vítimas Feridas";"Pleno dia";"Crescente";"Céu Claro";"Simples";"Reta";"Sim";5;0;3;0;2;0;3;2;"-3.60626056";"-39.43557501";"SR-CE";"DEL16/1";"UOP03/CE"
185775;2019-01-17;"quinta-feira";"13:20:00";"SC";470;178,7;"POUSO REDONDO";"Defeito Mecânico no Veículo";"Capotamento";"Com Vítimas Feridas";"Pleno dia";"Decrescente";"Céu Claro";"Simples";"Reta";"Não";3;0;3;0;0;0;3;1;"-27.248392";"-49.967083";"SR-SC";"DEL8/4";"UOP02/SC"
185776;2019-01-17;"quinta-feira";"13:30:00";"SC";101;14,4;"GARUVA";"Falta de Atenção à Condução";"Colisão traseira";"Sem Vítimas";"Pleno dia";"Crescente";"Nublado";"Dupla";"Reta";"Não";2;0;0;0;2;0;0;2;"-26.1013518";"-48.86943";"SR-SC";"DEL8/3";"UOP01/SC"
185777;2019-01-17;"quinta-feira";"15:30:00";"SC";470;167,7;"POUSO REDONDO";"Velocidade Incompatível";"Colisão frontal";"Sem Vítimas";"Pleno dia";"Decrescente";"Nublado";"Múltipla";"Não Informado";"Não";4;0;0;0;3;1;0;4;"-27.269835";"-49.863087";"SR-SC";"DEL8/4";"UOP02/SC"
185778;2019-01-17;"quinta-feira";"16:55:00";"MG";40;589;"ITABIRITO";"Velocidade Incompatível";"Colisão frontal";"Com Vítimas Feridas";"Pleno dia";"Crescente";"Chuva";"Simples";"Curva";"Não";4;0;0;3;1;0;3;3;"-20.3658";"-43.9101";"SR-MG";"DEL4/1";"UOP02/MG"
185779;2019-01-17;"quinta-feira";"15:15:00";"RS";392;53,6;"RIO GRANDE";"Defeito Mecânico no Veículo";"Saída de leito carroçável";"Sem Vítimas";"Pleno dia";"Decrescente";"Nublado";"Dupla";"Reta";"Não";1;0;0;0;1;0;0;1;"-31.84727565";"-52.3270082";"SR-RS";"DEL9/7";"UOP02/RS"
185780;2019-01-17;"quinta-feira";"09:30:00";"GO";364;217;"JATAI";"Defeito Mecânico no Veículo";"Incêndio";"Sem Vítimas";"Pleno dia";"Decrescente";"Céu Claro";"Simples";"Reta";"Não";1;0;0;0;1;0;0;1;"-17.860395";"-51.894672";"SR-GO";"DEL1/5";"UOP01/GO"
185781;2019-01-17;"quinta-feira";"16:44:00";"ES";101;440,4;"MIMOSO DO SUL";"Falta de Atenção à Condução";"Tombamento";"Com Vítimas Feridas";"Pleno dia";"Crescente";"Céu Claro";"Simples";"Reta";"Não";1;0;0;1;0;0;1;1;"-21.06690779";"-41.22146584";"SR-ES";"DEL12/3";"UOP02/ES"
185782;2019-01-17;"quinta-feira";"17:00:00";"MG";381;338;"NOVA ERA";"Falta de Atenção à Condução";"Colisão lateral";"Com Vítimas Feridas";"Pleno dia";"Decrescente";"Chuva";"Simples";"Não Informado";"Não";3;0;2;0;1;0;2;2;"-19.7784";"-43.0437";"SR-MG";"DEL4/3";"UOP01/MG"
185784;2019-01-17;"quinta-feira";"16:47:00";"RJ";493;1;"ITABORAI";"Falta de Atenção à Condução";"Colisão frontal";"Com Vítimas Feridas";"Pleno dia";"Decrescente";"Céu Claro";"Simples";"Reta";"Sim";3;0;2;0;1;0;2;2;"-22.76397393";"-42.92742491";"SR-RJ";"DEL5/4";"UOP02/RJ"
185785;2019-01-17;"quinta-feira";"12:20:00";"MG";116;313,7;"ITAMBACURI";"Condutor Dormindo";"Colisão com objeto estático";"Com Vítimas Feridas";"Pleno dia";"Decrescente";"Céu Claro";"Simples";"Ponte";"Não";4;0;2;2;0;0;4;1;"-18.095167";"-41.689498";"SR-MG";"DEL4/11";"UOP01/MG"
185786;2019-01-17;"quinta-feira";"13:00:00";"ES";101;296;"CARIACICA";"Falta de Atenção à Condução";"Colisão transversal";"Com Vítimas Feridas";"Pleno dia";"Decrescente";"Céu Claro";"Simples";"Viaduto";"Sim";2;0;0;1;1;0;1;2;"-20.34333932";"-40.40531158";"SR-ES";"DEL12/1";"UOP01/ES"
185787;2019-01-17;"quinta-feira";"16:45:00";"SC";101;20;"JOINVILLE";"Fenômenos da Natureza";"Saída de leito carroçável";"Com Vítimas Feridas";"Pleno dia";"Decrescente";"Vento";"Dupla";"Reta";"Sim";2;0;2;0;0;0;2;1;"-26.1487";"-48.9091";"SR-SC";"DEL8/3";"UOP01/SC"
185788;2019-01-17;"quinta-feira";"15:00:00";"MT";163;922;"ITAUBA";"Objeto estático sobre o leito carroçável";"Danos eventuais";"Sem Vítimas";"Pleno dia";"Crescente";"Céu Claro";"Simples";"Reta";"Não";6;0;0;0;6;0;0;3;"-11.02174342";"-55.25985718";"SR-MT";"DEL2/6";"UOP02/MT"
185789;2019-01-17;"quinta-feira";"17:50:00";"RJ";116;240,8;"PIRAI";"Condutor Dormindo";"Saída de leito carroçável";"Com Vítimas Feridas";"Plena Noite";"Crescente";"Céu Claro";"Dupla";"Curva";"Não";1;0;1;0;0;0;1;1;"-22.658323";"-43.889694";"SR-RJ";"DEL5/7";"UOP01/RJ"
185790;2019-01-17;"quinta-feira";"17:50:00";"SP";116;135,8;"SAO JOSE DOS CAMPOS";"Falta de Atenção do Pedestre";"Atropelamento de Pedestre";"Com Vítimas Feridas";"Pleno dia";"Crescente";"Céu Claro";"Dupla";"Reta";"Não";2;0;1;0;1;0;1;1;"-23.144499";"-45.77021";"SR-SP";"DEL6";"UOP02/SP"
185791;2019-01-17;"quinta-feira";"14:10:00";"PE";101;49,5;"ABREU E LIMA";"Falta de Atenção à Condução";"Colisão traseira";"Sem Vítimas";"Pleno dia";"Decrescente";"Sol";"Múltipla";"Reta";"Sim";2;0;0;0;2;0;0;2;"-7.9068";"-34.9013";"SR-PE";"DEL11/1";"UOP02/PE"
185792;2019-01-17;"quinta-feira";"17:40:00";"ES";101;266,7;"SERRA";"Não guardar distância de segurança";"Colisão traseira";"Com Vítimas Feridas";"Pleno dia";"Decrescente";"Sol";"Múltipla";"Reta";"Sim";3;0;1;0;2;0;1;3;"-20.21464321";"-40.26811123";"SR-ES";"DEL12/2";"UOP01/ES"
185793;2019-01-17;"quinta-feira";"16:35:00";"MT";364;47,7;"ALTO GARCAS";"Falta de Atenção à Condução";"Colisão traseira";"Sem Vítimas";"Pleno dia";"Crescente";"Nublado";"Simples";"Reta";"Não";2;0;0;0;2;0;0;2;"-17.024385";"-53.489117";"SR-MT";"DEL2/2";"UOP04/MT"
185798;2019-01-17;"quinta-feira";"16:00:00";"ES";101;263,3;"SERRA";"Falta de Atenção à Condução";"Colisão lateral";"Com Vítimas Feridas";"Pleno dia";"Decrescente";"Céu Claro";"Múltipla";"Reta";"Sim";2;0;1;0;1;0;1;2;"-20.17590959";"-40.26599321";"SR-ES";"DEL12/2";"UOP01/ES"
185799;2019-01-17;"quinta-feira";"18:15:00";"RS";158;317,7;"SANTA MARIA";"Falta de Atenção à Condução";"Saída de leito carroçável";"Com Vítimas Feridas";"Anoitecer";"Crescente";"Chuva";"Dupla";"Curva";"Não";1;0;1;0;0;0;1;1;"-29.655787";"-53.773739";"SR-RS";"DEL9/9";"UOP01/RS"
185802;2019-01-17;"quinta-feira";"17:50:00";"MS";163;661,4;"RIO VERDE DE MATO GROSSO";"Velocidade Incompatível";"Capotamento";"Com Vítimas Feridas";"Pleno dia";"Decrescente";"Sol";"Simples";"Não Informado";"Não";2;0;2;0;0;0;2;1;"-19.067165";"-54.792336";"SR-MS";"DEL3/6";"UOP02/MS"
185803;2019-01-17;"quinta-feira";"18:15:00";"MG";262;376;"JUATUBA";"Falta de Atenção à Condução";"Queda de ocupante de veículo";"Com Vítimas Feridas";"Anoitecer";"Crescente";"Céu Claro";"Simples";"Interseção de vias";"Sim";1;0;1;0;0;0;1;1;"-19.9307";"-44.4087";"SR-MG";"DEL4/1";"UOP03/MG"
185804;2019-01-17;"quinta-feira";"19:00:00";"RJ";116;171;"SAO JOAO DE MERITI";"Falta de Atenção à Condução";"Colisão lateral";"Com Vítimas Feridas";"Pleno dia";"Crescente";"Céu Claro";"Dupla";"Reta";"Sim";2;0;1;0;1;0;1;2;"-22.806042";"-43.342896";"SR-RJ";"DEL5/1";"UOP02/RJ"
185805;2019-01-17;"quinta-feira";"18:45:00";"RS";285;217;"CASEIROS";"Ultrapassagem Indevida";"Colisão frontal";"Com Vítimas Feridas";"Pleno dia";"Decrescente";"Chuva";"Simples";"Não Informado";"Não";4;0;2;0;2;0;2;2;"-28.27414884";"-51.68586731";"SR-RS";"DEL08";"UOP05/RS"
185806;2019-01-17;"quinta-feira";"19:25:00";"DF";60;26;"BRASILIA";"Falta de Atenção à Condução";"Capotamento";"Sem Vítimas";"Anoitecer";"Decrescente";"Chuva";"Dupla";"Reta";"Não";2;0;0;0;2;0;0;1;"-16.003504";"-48.245281";"SR-DF";"DF";"UOP03/DF"
185807;2019-01-17;"quinta-feira";"19:20:00";"RJ";116;127;"MAGE";"Ingestão de Álcool";"Saída de leito carroçável";"Com Vítimas Feridas";"Anoitecer";"Crescente";"Ignorado";"Dupla";"Curva";"Sim";2;0;1;0;1;0;1;1;"-22.661369";"-43.09296";"SR-RJ";"DEL5/4";"UOP02/RJ"
185808;2019-01-17;"quinta-feira";"18:00:00";"SP";116;418,5;"JUQUIA";"Falta de Atenção à Condução";"Colisão lateral";"Com Vítimas Feridas";"Anoitecer";"Crescente";"Nublado";"Dupla";"Curva";"Não";2;0;1;0;1;0;1;2;"-24.3779098";"-47.67563123";"SR-SP";"DEL6/5";"UOP01/SP"
185809;2019-01-17;"quinta-feira";"19:10:00";"PR";116;77,3;"PIRAQUARA";"Velocidade Incompatível";"Colisão com objeto estático";"Com Vítimas Feridas";"Anoitecer";"Decrescente";"Nublado";"Dupla";"Reta";"Não";3;0;2;1;0;0;3;2;"-25.383593";"-49.053005";"SR-PR";"DEL7/1";"UOP01/PR"
185810;2019-01-17;"quinta-feira";"19:20:00";"SC";470;52,6;"BLUMENAU";"Desobediência às normas de trânsito pelo condutor";"Colisão transversal";"Com Vítimas Feridas";"Pleno dia";"Decrescente";"Chuva";"Simples";"Rotatória";"Sim";2;0;1;0;1;0;1;2;"-26.86476413";"-49.09893036";"SR-SC";"DEL8/4";"UOP01/SC"
185811;2019-01-17;"quinta-feira";"19:30:00";"SP";116;226;"GUARULHOS";"Falta de Atenção à Condução";"Colisão traseira";"Com Vítimas Feridas";"Anoitecer";"Decrescente";"Chuva";"Simples";"Reta";"Não";3;0;1;0;1;1;1;3;"-23.49252315";"-46.55167937";"SR-SP";"DEL6/1";"UOP01/SP"
185812;2019-01-17;"quinta-feira";"19:00:00";"RJ";101;573;"PARATY";"Falta de Atenção à Condução";"Colisão transversal";"Com Vítimas Feridas";"Anoitecer";"Decrescente";"Céu Claro";"Simples";"Reta";"Não";2;0;1;0;1;0;1;2;"-23.19244048";"-44.72740173";"SR-RJ";"DEL5/3";"UOP04/RJ"
185813;2019-01-17;"quinta-feira";"18:50:00";"SP";116;403;"MIRACATU";"Pista Escorregadia";"Saída de leito carroçável";"Com Vítimas Feridas";"Pleno dia";"Crescente";"Garoa/Chuvisco";"Dupla";"Não Informado";"Não";3;0;1;0;2;0;1;1;"-24.317492";"-47.5295";"SR-SP";"DEL6/4";"UOP03/SP"
185814;2019-01-17;"quinta-feira";"19:20:00";"PR";376;644,5;"TIJUCAS DO SUL";"Pista Escorregadia";"Colisão lateral";"Com Vítimas Feridas";"Anoitecer";"Crescente";"Chuva";"Dupla";"Curva";"Não";2;0;1;0;1;0;1;2;"-25.82220225";"-49.12697554";"SR-PR";"DEL7/1";"UOP08/PR"
185815;2019-01-17;"quinta-feira";"19:50:00";"SP";116;8,2;"QUELUZ";"Defeito Mecânico no Veículo";"Colisão com objeto estático";"Com Vítimas Feridas";"Plena Noite";"Crescente";"Céu Claro";"Simples";"Reta";"Sim";1;0;1;0;0;0;1;1;"-22.5366392";"-44.77338552";"SR-SP";"DEL6/8";"UOP01/SP"
185816;2019-01-17;"quinta-feira";"16:45:00";"SC";280;127;"RIO NEGRINHO";"Velocidade Incompatível";"Colisão com objeto estático";"Sem Vítimas";"Pleno dia";"Crescente";"Chuva";"Simples";"Interseção de vias";"Sim";1;0;0;0;1;0;0;1;"-26.239437";"-49.504192";"SR-SC";"DEL8/6";"UOP03/SC"
185818;2019-01-17;"quinta-feira";"19:45:00";"PR";376;652;"TIJUCAS DO SUL";"Pista Escorregadia";"Capotamento";"Com Vítimas Feridas";"Plena Noite";"Crescente";"Chuva";"Simples";"Não Informado";"Não";4;0;1;0;3;0;1;1;"-25.8528653";"-48.9771474";"SR-PR";"DEL7/1";"UOP08/PR"
185819;2019-01-17;"quinta-feira";"20:05:00";"GO";60;70,3;"ABADIANIA";"Agressão Externa";"Saída de leito carroçável";"Com Vítimas Fatais";"Plena Noite";"Crescente";"Céu Claro";"Dupla";"Não Informado";"Não";1;1;0;0;0;0;0;1;"-16.2462";"-48.7613";"SR-GO";"DEL1/2";"UOP01/GO"
185820;2019-01-17;"quinta-feira";"19:00:00";"MS";267;635,1;"PORTO MURTINHO";"Defeito na Via";"Saída de leito carroçável";"Com Vítimas Feridas";"Anoitecer";"Crescente";"Céu Claro";"Simples";"Reta";"Não";2;0;2;0;0;0;2;1;"-21.7485";"-57.42509";"SR-MS";"DEL3/5";"UOP01/MS"
185821;2019-01-17;"quinta-feira";"20:30:00";"MG";116;207;"CATUJI";"Falta de Atenção à Condução";"Tombamento";"Com Vítimas Feridas";"Plena Noite";"Decrescente";"Céu Claro";"Simples";"Curva";"Sim";1;0;1;0;0;0;1;1;"-17.29852656";"-41.51767731";"SR-MG";"DEL4/11";"UOP01/MG"
185822;2019-01-17;"quinta-feira";"17:15:00";"TO";226;25;"PALMEIRAS DO TOCANTINS";"Carga excessiva e/ou mal acondicionada";"Tombamento";"Com Vítimas Feridas";"Anoitecer";"Crescente";"Céu Claro";"Simples";"Reta";"Não";1;0;1;0;0;0;1;1;"-6.638903";"-47.658455";"SR-TO";"UOP05/TO";""
185823;2019-01-17;"quinta-feira";"20:04:00";"ES";101;375;"ICONHA";"Falta de Atenção à Condução";"Colisão transversal";"Com Vítimas Feridas";"Plena Noite";"Decrescente";"Céu Claro";"Dupla";"Interseção de vias";"Sim";3;0;2;1;0;0;3;2;"-20.7873013";"-40.8006653";"SR-ES";"DEL12/3";"UOP01/ES"
185824;2019-01-17;"quinta-feira";"18:40:00";"MA";135;7,3;"SAO LUIS";"Falta de Atenção à Condução";"Colisão lateral";"Com Vítimas Feridas";"Plena Noite";"Crescente";"Garoa/Chuvisco";"Dupla";"Reta";"Sim";4;0;2;0;0;2;2;2;"-2.636088";"-44.268486";"SR-MA";"DEL18/1";"UOP01/MA"
185825;2019-01-17;"quinta-feira";"21:30:00";"DF";251;27;"BRASILIA";"Animais na Pista";"Atropelamento de Animal";"Com Vítimas Feridas";"Plena Noite";"Crescente";"Céu Claro";"Simples";"Reta";"Não";1;0;0;1;0;0;1;1;"-15.949501";"-47.692746";"SR-DF";"DF";"UOP01/DF"
185826;2019-01-17;"quinta-feira";"19:50:00";"RN";304;35,4;"MOSSORO";"Não guardar distância de segurança";"Colisão traseira";"Com Vítimas Feridas";"Plena Noite";"Crescente";"Céu Claro";"Dupla";"Rotatória";"Sim";2;0;1;0;1;0;1;2;"-5.161506";"-37.350685";"SR-RN";"DEL15/4";"UOP02/RN"
185827;2019-01-17;"quinta-feira";"18:50:00";"BA";116;391,4;"SANTA BARBARA";"Animais na Pista";"Atropelamento de Animal";"Com Vítimas Feridas";"Plena Noite";"Crescente";"Céu Claro";"Simples";"Reta";"Sim";1;0;0;1;0;0;1;1;"-11.95112419";"-38.976928";"SR-BA";"DEL10/2";"UOP01/BA"
185828;2019-01-17;"quinta-feira";"22:20:00";"PR";369;120,1;"JATAIZINHO";"Velocidade Incompatível";"Saída de leito carroçável";"Com Vítimas Feridas";"Plena Noite";"Decrescente";"Chuva";"Simples";"Curva";"Não";3;0;2;0;1;0;2;1;"-23.2846";"-50.899537";"SR-PR";"DEL7/7";"UOP06/PR"
185829;2019-01-17;"quinta-feira";"18:55:00";"MA";222;673,7;"ACAILANDIA";"Não guardar distância de segurança";"Colisão transversal";"Com Vítimas Feridas";"Anoitecer";"Decrescente";"Céu Claro";"Simples";"Reta";"Não";2;0;1;0;1;0;1;2;"-4.9538";"-47.4882";"SR-MA";"DEL18/4";"UOP03/MA"
185830;2019-01-17;"quinta-feira";"22:25:00";"SC";470;51,5;"BLUMENAU";"Falta de Atenção à Condução";"Colisão transversal";"Com Vítimas Feridas";"Plena Noite";"Crescente";"Chuva";"Simples";"Reta";"Sim";2;0;1;0;1;0;1;2;"-26.86296478";"-49.08843756";"SR-SC";"DEL8/4";"UOP01/SC"
185831;2019-01-17;"quinta-feira";"20:00:00";"MG";116;501;"INHAPIM";"Falta de Atenção à Condução";"Colisão transversal";"Com Vítimas Feridas";"Plena Noite";"Crescente";"Céu Claro";"Simples";"Interseção de vias";"Sim";2;0;0;1;1;0;1;2;"-19.55973137";"-42.1233201";"SR-MG";"DEL4/6";"UOP02/MG"
185832;2019-01-17;"quinta-feira";"22:20:00";"SP";116;108;"TAUBATE";"Defeito Mecânico no Veículo";"Tombamento";"Com Vítimas Feridas";"Plena Noite";"Decrescente";"Nublado";"Dupla";"Reta";"Sim";2;0;2;0;0;0;2;1;"-23.023352";"-45.537693";"SR-SP";"DEL6";"UOP01/SP"
185833;2019-01-17;"quinta-feira";"21:30:00";"PI";343;2,2;"TERESINA";"Desobediência às normas de trânsito pelo condutor";"Colisão com objeto estático";"Com Vítimas Fatais";"Plena Noite";"Decrescente";"Chuva";"Dupla";"Reta";"Sim";2;1;0;1;0;0;1;1;"-5.08175371";"-42.76812315";"SR-PI";"DEL17/5";"UOP01/PI"
185834;2019-01-17;"quinta-feira";"20:00:00";"PI";343;601,9;"FLORIANO";"Animais na Pista";"Atropelamento de Animal";"Com Vítimas Feridas";"Plena Noite";"Crescente";"Céu Claro";"Simples";"Ponte";"Sim";1;0;1;0;0;0;1;1;"-6.837403";"-43.07935";"SR-PI";"DEL17/3";"UOP01/PI"
185835;2019-01-17;"quinta-feira";"22:30:00";"GO";153;508,1;"APARECIDA DE GOIANIA";"Falta de Atenção à Condução";"Colisão traseira";"Com Vítimas Feridas";"Plena Noite";"Decrescente";"Céu Claro";"Múltipla";"Reta";"Não";2;0;0;1;1;0;1;2;"-16.7804";"-49.2371";"SR-GO";"DEL1/1";"UOP03/GO"
185836;2019-01-17;"quinta-feira";"17:50:00";"MA";222;672,5;"ACAILANDIA";"Falta de Atenção à Condução";"Colisão traseira";"Sem Vítimas";"Anoitecer";"Crescente";"Céu Claro";"Simples";"Desvio Temporário";"Sim";5;0;0;0;5;0;0;5;"-4.95";"-47.4813";"SR-MA";"DEL18/4";"UOP03/MA"
185838;2019-01-17;"quinta-feira";"15:15:00";"AM";174;980;"MANAUS";"Falta de Atenção à Condução";"Colisão traseira";"Com Vítimas Feridas";"Pleno dia";"Crescente";"Ignorado";"Simples";"Reta";"Não";2;0;0;1;1;0;1;2;"-2.2805627";"-60.02976894";"SR-AM";"UOP02/AM";""