"id";"data_inversa";"dia_semana";"horario";"uf";"br";"km";"municipio";"causa_acidente";"tipo_acidente";"classificacao_acidente";"fase_dia";"sentido_via";"condicao_metereologica";"tipo_pista";"tracado_via";"uso_solo";"pessoas";"mortos";"feridos_leves";"feridos_graves";"ilesos";"ignorados";"feridos";"veiculos";"latitude";"longitude";"regional";"delegacia";"uop"
186314;2019-01-20;"domingo";"04:10:00";"CE";20;411,2;"MARACANAU";"Desobediência às normas de trânsito pelo condutor";"Colisão lateral";"Sem Vítimas";"Plena Noite";"Decrescente";"Céu Claro";"Simples";"Não Informado";"Não";3;0;0;0;3;0;0;3;"-3.76999";"-38.670063";"SR-CE";"DEL16/1";"UOP01/CE"
186315;2019-01-20;"domingo";"04:00:00";"CE";222;43,2;"CAUCAIA";"Animais na Pista";"Colisão com objeto estático";"Com Vítimas Fatais";"Amanhecer";"Crescente";"Céu Claro";"Simples";"Reta";"Não";5;1;0;4;0;0;4;1;"-3.678843";"-38.932693";"SR-CE";"DEL16/1";"UOP03/CE"
186316;2019-01-20;"domingo";"04:50:00";"CE";222;2,9;"FORTALEZA";"Ingestão de álcool e/ou substâncias psicoativas pelo pedestre";"Atropelamento de Pedestre";"Com Vítimas Feridas";"Amanhecer";"Crescente";"Chuva";"Múltipla";"Reta";"Sim";2;0;1;0;1;0;1;1;"-3.739117";"-38.586914";"SR-CE";"DEL16/1";"UOP01/CE"
186317;2019-01-19;"sábado";"13:35:00";"BA";101;593;"CAMACAN";"Falta de Atenção à Condução";"Colisão transversal";"Com Vítimas Feridas";"Pleno dia";"Crescente";"Céu Claro";"Simples";"Reta";"Não";2;0;0;1;1;0;1;2;"-15.44";"-39.4469";"SR-BA";"DEL10/5";"UOP02/BA"
186318;2019-01-20;"domingo";"06:25:00";"CE";20;417;"MARACANAU";"Desobediência às normas de trânsito pelo condutor";"Colisão transversal";"Com Vítimas Feridas";"Pleno dia";"Crescente";"Nublado";"Simples";"Reta";"Não";3;0;1;0;2;0;1;2;"-3.76999";"-38.670063";"SR-CE";"DEL16/1";"UOP02/CE"
186319;2019-01-20;"domingo";"04:50:00";"MG";381;2,5;"BETIM";"Ingestão de Álcool";"Saída de leito carroçável";"Com Vítimas Feridas";"Plena Noite";"Crescente";"Céu Claro";"Dupla";"Curva";"Sim";1;0;1;0;0;0;1;1;"-19.96825";"-44.198708";"SR-MG";"DEL4/1";"UOP03/MG"
186320;2019-01-20;"domingo";"06:00:00";"MG";381;483;"BETIM";"Ingestão de Álcool";"Colisão com objeto estático";"Com Vítimas Feridas";"Pleno dia";"Decrescente";"Chuva";"Dupla";"Reta";"Sim";1;0;1;0;0;0;1;1;"-19.9596";"-44.0877";"SR-MG";"DEL4/1";"UOP03/MG"
186321;2019-01-20;"domingo";"07:10:00";"PE";101;90;"CABO DE SANTO AGOSTINHO";"Falta de Atenção à Condução";"Saída de leito carroçável";"Sem Vítimas";"Pleno dia";"Crescente";"Sol";"Dupla";"Desvio Temporário";"Não";1;0;0;0;0;1;0;1;"-8.2228";"-34.9923";"SR-PE";"DEL11/1";"UOP03/PE"
186322;2019-01-19;"sábado";"21:10:00";"MG";50;175,2;"UBERABA";"Falta de Atenção à Condução";"Saída de leito carroçável";"Sem Vítimas";"Plena Noite";"Decrescente";"Céu Claro";"Dupla";"Não Informado";"Sim";1;0;0;0;0;1;0;1;"-19.7793";"-47.9608";"SR-MG";"DEL13";"UOP01/MG"
186323;2019-01-20;"domingo";"02:30:00";"PR";153;19,5;"JACAREZINHO";"Animais na Pista";"Atropelamento de Animal";"Com Vítimas Feridas";"Plena Noite";"Decrescente";"Nublado";"Simples";"Não Informado";"Não";1;0;0;1;0;0;1;1;"-23.15470572";"-49.95704412";"SR-PR";"DEL7/7";"UOP07/PR"
186324;2019-01-20;"domingo";"04:30:00";"RO";364;225,4;"CACOAL";"Desobediência às normas de trânsito pelo condutor";"Colisão transversal";"Com Vítimas Fatais";"Plena Noite";"Crescente";"Garoa/Chuvisco";"Simples";"Reta";"Sim";21;1;7;1;12;0;8;2;"-11.4939451";"-61.3767314";"SR-RO";"DEL21/2";"UOP02/RO"
186325;2019-01-20;"domingo";"06:10:00";"SP";116;219;"GUARULHOS";"Ingestão de Álcool";"Colisão com objeto estático";"Com Vítimas Feridas";"Amanhecer";"Decrescente";"Nublado";"Múltipla";"Reta";"Sim";1;0;1;0;0;0;1;1;"-23.46151418";"-46.48778915";"SR-SP";"DEL6/1";"UOP01/SP"
186326;2019-01-20;"domingo";"00:00:00";"RR";174;503,6;"BOA VISTA";"Ingestão de álcool e/ou substâncias psicoativas pelo pedestre";"Colisão traseira";"Sem Vítimas";"Plena Noite";"Decrescente";"Céu Claro";"Dupla";"Reta";"Sim";3;0;0;0;2;1;0;2;"2.794901";"-60.698441";"SR-RR";"UOP01/RR";""
186327;2019-01-20;"domingo";"07:50:00";"MG";153;10;"ARAPORA";"Falta de Atenção à Condução";"Tombamento";"Sem Vítimas";"Pleno dia";"Decrescente";"Céu Claro";"Dupla";"Curva";"Não";1;0;0;0;1;0;0;1;"-18.5148";"-49.1894";"SR-MG";"DEL4/15";"UOP03/MG"
186328;2019-01-20;"domingo";"06:50:00";"SE";101;166;"SANTA LUZIA DO ITANHY";"Velocidade Incompatível";"Capotamento";"Com Vítimas Feridas";"Pleno dia";"Crescente";"Nublado";"Simples";"Curva";"Não";1;0;1;0;0;0;1;1;"-11.3126";"-37.5456";"SR-SE";"DEL20/2";"UOP01/SE"
186329;2019-01-20;"domingo";"08:30:00";"DF";40;2,7;"BRASILIA";"Falta de Atenção à Condução";"Colisão lateral";"Com Vítimas Feridas";"Pleno dia";"Crescente";"Sol";"Dupla";"Reta";"Sim";3;0;2;0;1;0;2;2;"-15.99435";"-47.985947";"SR-DF";"DF";"UOP01/DF"
186330;2019-01-20;"domingo";"08:40:00";"SC";101;149,7;"ITAPEMA";"Desobediência às normas de trânsito pelo condutor";"Colisão lateral";"Com Vítimas Feridas";"Pleno dia";"Crescente";"Céu Claro";"Dupla";"Reta";"Sim";3;0;1;0;2;0;1;3;"-27.1175";"-48.6092";"SR-SC";"DEL8/4";"UOP03/SC"
186331;2019-01-20;"domingo";"08:40:00";"SP";116;100;"PINDAMONHANGABA";"Falta de Atenção à Condução";"Colisão traseira";"Com Vítimas Feridas";"Pleno dia";"Decrescente";"Céu Claro";"Dupla";"Reta";"Não";3;0;1;0;1;1;1;2;"-22.986555";"-45.472767";"SR-SP";"DEL6";"UOP01/SP"
186332;2019-01-20;"domingo";"08:30:00";"MG";381;363;"JOAO MONLEVADE";"Falta de Atenção à Condução";"Capotamento";"Com Vítimas Feridas";"Amanhecer";"Crescente";"Céu Claro";"Simples";"Reta";"Sim";3;0;3;0;0;0;3;1;"-19.8501182";"-43.1509575";"SR-MG";"DEL4/3";"UOP01/MG"
186333;2019-01-20;"domingo";"07:35:00";"PE";232;171,1;"TACAIMBO";"Falta de Atenção à Condução";"Colisão frontal";"Com Vítimas Feridas";"Pleno dia";"Decrescente";"Céu Claro";"Simples";"Curva";"Não";4;0;2;1;0;1;3;2;"-8.335559";"-36.289352";"SR-PE";"DEL11/2";"UOP02/PE"
186334;2019-01-20;"domingo";"08:20:00";"PR";476;150,5;"ARAUCARIA";"Falta de Atenção à Condução";"Colisão traseira";"Com Vítimas Feridas";"Pleno dia";"Crescente";"Céu Claro";"Dupla";"Reta";"Sim";4;0;2;0;2;0;2;2;"-25.558477";"-49.368313";"SR-PR";"DEL7/1";"UOP04/PR"
186335;2019-01-20;"domingo";"06:20:00";"PA";222;239;"MARABA";"Ultrapassagem Indevida";"Colisão frontal";"Com Vítimas Fatais";"Amanhecer";"Decrescente";"Nublado";"Simples";"Curva";"Não";3;1;0;0;2;0;0;3;"-5.302089";"-49.0723";"SR-PA";"DEL19/3";"UOP01/PA"
186336;2019-01-20;"domingo";"08:50:00";"MG";381;532;"ITATIAIUCU";"Velocidade Incompatível";"Queda de ocupante de veículo";"Com Vítimas Feridas";"Pleno dia";"Crescente";"Céu Claro";"Dupla";"Curva";"Não";1;0;1;0;0;0;1;1;"-20.1709";"-44.3729";"SR-MG";"DEL4/4";"UOP03/MG"
186337;2019-01-20;"domingo";"05:40:00";"MS";60;234,4;"CAMAPUA";"Desobediência às normas de trânsito pelo condutor";"Colisão frontal";"Com Vítimas Fatais";"Amanhecer";"Crescente";"Nevoeiro/Neblina";"Simples";"Não Informado";"Não";5;5;0;0;0;0;0;2;"-19.661432";"-54.279221";"SR-MS";"DEL3/6";"UOP02/MS"
186338;2019-01-20;"domingo";"07:40:00";"PB";104;130,3;"CAMPINA GRANDE";"Falta de Atenção à Condução";"Queda de ocupante de veículo";"Com Vítimas Feridas";"Pleno dia";"Decrescente";"Céu Claro";"Simples";"Reta";"Sim";1;0;0;1;0;0;1;1;"-7.29014";"-35.890297";"SR-PB";"DEL14/2";"UOP01/PB"
186339;2019-01-20;"domingo";"09:05:00";"GO";60;4,5;"SANTO ANTONIO DO DESCOBERTO";"Velocidade Incompatível";"Queda de ocupante de veículo";"Com Vítimas Feridas";"Pleno dia";"Crescente";"Céu Claro";"Dupla";"Curva";"Não";1;0;0;1;0;0;1;1;"-16.09595912";"-48.28353882";"SR-DF";"GO";"UOP03/DF"
186340;2019-01-20;"domingo";"05:00:00";"PI";343;299;"ALTOS";"Defeito Mecânico no Veículo";"Tombamento";"Sem Vítimas";"Amanhecer";"Crescente";"Céu Claro";"Simples";"Curva";"Não";1;0;0;0;1;0;0;1;"-4.995781";"-42.408192";"SR-PI";"DEL17/2";"UOP02/PI"
186341;2019-01-20;"domingo";"08:00:00";"TO";153;466,5;"BARROLANDIA";"Ultrapassagem Indevida";"Colisão frontal";"Com Vítimas Feridas";"Pleno dia";"Decrescente";"Nublado";"Múltipla";"Não Informado";"Não";4;0;0;1;3;0;1;2;"-9.97138664";"-48.74505043";"SR-TO";"UOP02/TO";""
186342;2019-01-19;"sábado";"18:15:00";"MG";116;537,7;"SANTA RITA DE MINAS";"Não guardar distância de segurança";"Colisão traseira";"Com Vítimas Feridas";"Pleno dia";"Crescente";"Céu Claro";"Simples";"Curva";"Não";2;0;0;1;1;0;1;2;"-19.85941001";"-42.13420297";"SR-MG";"DEL4/6";"UOP02/MG"
186343;2019-01-20;"domingo";"08:40:00";"MG";50;174,8;"UBERABA";"Defeito Mecânico no Veículo";"Tombamento";"Com Vítimas Feridas";"Pleno dia";"Crescente";"Céu Claro";"Dupla";"Não Informado";"Sim";2;0;2;0;0;0;2;1;"-19.779538";"-47.961675";"SR-MG";"DEL13";"UOP01/MG"
186346;2019-01-20;"domingo";"09:00:00";"PE";101;59;"RECIFE";"Velocidade Incompatível";"Colisão com objeto estático";"Sem Vítimas";"Pleno dia";"Decrescente";"Sol";"Dupla";"Curva";"Não";1;0;0;0;0;1;0;1;"-7.9841";"-34.9316";"SR-PE";"DEL11/1";"UOP02/PE"
186347;2019-01-20;"domingo";"08:25:00";"SC";101;149,7;"ITAPEMA";"Falta de Atenção à Condução";"Colisão com objeto estático";"Com Vítimas Feridas";"Pleno dia";"Decrescente";"Céu Claro";"Dupla";"Reta";"Sim";1;0;1;0;0;0;1;1;"-27.1175";"-48.6092";"SR-SC";"DEL8/4";"UOP03/SC"
186348;2019-01-20;"domingo";"10:05:00";"MG";381;705,4;"LAVRAS";"Velocidade Incompatível";"Saída de leito carroçável";"Com Vítimas Feridas";"Pleno dia";"Crescente";"Chuva";"Dupla";"Curva";"Não";1;0;0;1;0;0;1;1;"-21.3237";"-45.1662";"SR-MG";"DEL4/4";"UOP02/MG"
186350;2019-01-20;"domingo";"09:38:00";"SC";101;151;"ITAPEMA";"Velocidade Incompatível";"Colisão com objeto estático";"Com Vítimas Feridas";"Pleno dia";"Decrescente";"Nublado";"Dupla";"Reta";"Sim";2;0;2;0;0;0;2;1;"-27.1358";"-48.6099";"SR-SC";"DEL8/4";"UOP03/SC"
186351;2019-01-20;"domingo";"10:00:00";"RS";392;661,7;"CERRO LARGO";"Não guardar distância de segurança";"Colisão lateral";"Sem Vítimas";"Pleno dia";"Crescente";"Sol";"Simples";"Reta";"Não";2;0;0;0;2;0;0;2;"-28.124626";"-54.724182";"SR-RS";"DEL9/10";"UOP01/RS"
186352;2019-01-20;"domingo";"10:50:00";"SP";116;299;"SAO LOURENCO DA SERRA";"Não guardar distância de segurança";"Colisão traseira";"Com Vítimas Feridas";"Pleno dia";"Crescente";"Sol";"Dupla";"Curva";"Não";5;0;4;0;1;0;4;3;"-23.77683048";"-46.91535565";"SR-SP";"DEL6/4";"UOP01/SP"
186354;2019-01-20;"domingo";"11:10:00";"GO";60;163;"GOIANIA";"Defeito Mecânico no Veículo";"Queda de ocupante de veículo";"Com Vítimas Feridas";"Pleno dia";"Decrescente";"Céu Claro";"Dupla";"Reta";"Sim";2;0;2;0;0;0;2;1;"-16.7002";"-49.3335";"SR-GO";"DEL1/1";"UOP02/GO"
186355;2019-01-20;"domingo";"10:00:00";"AL";101;29;"JOAQUIM GOMES";"Carga excessiva e/ou mal acondicionada";"Tombamento";"Sem Vítimas";"Pleno dia";"Decrescente";"Garoa/Chuvisco";"Simples";"Curva";"Não";1;0;0;0;1;0;0;1;"-9.076606";"-35.744316";"SR-AL";"DEL13/1";"UOP01/AL"
186356;2019-01-20;"domingo";"10:20:00";"PR";277;4,7;"PARANAGUA";"Desobediência às normas de trânsito pelo condutor";"Colisão transversal";"Sem Vítimas";"Pleno dia";"Decrescente";"Nublado";"Simples";"Interseção de vias";"Sim";2;0;0;0;2;0;0;2;"-25.55514131";"-48.56506348";"SR-PR";"DEL7/1";"UOP07/PR"
186357;2019-01-20;"domingo";"08:00:00";"RS";158;93;"PALMEIRA DAS MISSOES";"Ultrapassagem Indevida";"Colisão lateral";"Sem Vítimas";"Pleno dia";"Crescente";"Céu Claro";"Simples";"Reta";"Não";2;0;0;0;2;0;0;2;"-27.844856";"-53.331131";"SR-RS";"DEL08";"UOP02/RS"
186358;2019-01-20;"domingo";"09:10:00";"MS";463;53,2;"PONTA PORA";"Falta de Atenção à Condução";"Saída de leito carroçável";"Com Vítimas Feridas";"Pleno dia";"Decrescente";"Céu Claro";"Simples";"Reta";"Não";4;0;1;0;3;0;1;1;"-22.584805";"-55.513603";"SR-MS";"DEL3/4";"UOP03/MS"
186360;2019-01-20;"domingo";"06:40:00";"MT";163;834;"SINOP";"Falta de Atenção à Condução";"Saída de leito carroçável";"Com Vítimas Feridas";"Amanhecer";"Crescente";"Céu Claro";"Dupla";"Curva";"Sim";1;0;1;0;0;0;1;1;"-11.86640595";"-55.49623489";"SR-MT";"DEL2/6";"UOP01/MT"
186361;2019-01-20;"domingo";"09:00:00";"MT";364;139,6;"PEDRA PRETA";"Defeito Mecânico no Veículo";"Incêndio";"Sem Vítimas";"Pleno dia";"Crescente";"Nublado";"Simples";"Reta";"Não";1;0;0;0;1;0;0;1;"-16.800938";"-54.109947";"SR-MT";"DEL2/2";"UOP01/MT"
186363;2019-01-20;"domingo";"07:30:00";"MA";226;501;"LAJEADO NOVO";"Condutor Dormindo";"Colisão frontal";"Com Vítimas Feridas";"Pleno dia";"Crescente";"Sol";"Simples";"Reta";"Não";5;0;4;0;1;0;4;2;"-6.105648";"-46.81";"SR-MA";"DEL18/4";"UOP02/MA"
186364;2019-01-20;"domingo";"12:20:00";"ES";262;111;"VENDA NOVA DO IMIGRANTE";"Falta de Atenção à Condução";"Colisão transversal";"Com Vítimas Feridas";"Pleno dia";"Crescente";"Céu Claro";"Simples";"Reta";"Não";3;0;0;2;1;0;2;2;"-20.3373";"-41.1926";"SR-ES";"DEL12/1";"UOP02/ES"
186365;2019-01-20;"domingo";"10:30:00";"SC";280;196,5;"MAFRA";"Velocidade Incompatível";"Tombamento";"Sem Vítimas";"Pleno dia";"Crescente";"Céu Claro";"Simples";"Curva";"Não";1;0;0;0;1;0;0;1;"-26.174635";"-50.03373";"SR-SC";"DEL8/6";"UOP01/SC"
186366;2019-01-20;"domingo";"12:30:00";"ES";393;2,5;"CACHOEIRO DE ITAPEMIRIM";"Desobediência às normas de trânsito pelo condutor";"Colisão transversal";"Com Vítimas Feridas";"Pleno dia";"Crescente";"Céu Claro";"Simples";"Reta";"Sim";2;0;0;1;0;1;1;2;"-20.832424";"-41.174911";"SR-ES";"DEL12/3";"UOP02/ES"
186367;2019-01-20;"domingo";"10:30:00";"PE";101;132;"ESCADA";"Condutor Dormindo";"Capotamento";"Com Vítimas Feridas";"Pleno dia";"Crescente";"Nublado";"Dupla";"Curva";"Não";2;0;2;0;0;0;2;1;"-8.408";"-35.2755";"SR-PE";"DEL11/1";"UOP03/PE"
186369;2019-01-20;"domingo";"09:00:00";"SC";470;173;"POUSO REDONDO";"Falta de Atenção à Condução";"Saída de leito carroçável";"Sem Vítimas";"Pleno dia";"Crescente";"Nublado";"Simples";"Curva";"Não";1;0;0;0;0;1;0;1;"-27.25984";"-49.919285";"SR-SC";"DEL8/4";"UOP02/SC"
186370;2019-01-20;"domingo";"13:10:00";"PR";376;160;"MANDAGUACU";"Pista Escorregadia";"Saída de leito carroçável";"Com Vítimas Feridas";"Pleno dia";"Crescente";"Chuva";"Dupla";"Curva";"Não";2;0;2;0;0;0;2;1;"-23.352516";"-52.09127";"SR-PR";"DEL7/7";"UOP04/PR"
186371;2019-01-20;"domingo";"12:00:00";"GO";60;101;"ANAPOLIS";"Defeito Mecânico no Veículo";"Incêndio";"Sem Vítimas";"Pleno dia";"Crescente";"Céu Claro";"Dupla";"Curva";"Não";1;0;0;0;0;1;0;1;"-16.4022";"-48.9745";"SR-GO";"DEL1/2";"UOP01/GO"
186372;2019-01-20;"domingo";"11:45:00";"SC";101;122,1;"ITAJAI";"Não guardar distância de segurança";"Colisão traseira";"Com Vítimas Feridas";"Pleno dia";"Decrescente";"Nublado";"Dupla";"Reta";"Sim";5;0;3;0;2;0;3;3;"-26.9366";"-48.6987";"SR-SC";"DEL8/4";"UOP04/SC"
186373;2019-01-20;"domingo";"12:30:00";"SC";282;138,1;"BOM RETIRO";"Falta de Atenção à Condução";"Colisão lateral";"Com Vítimas Feridas";"Pleno dia";"Decrescente";"Nublado";"Simples";"Reta";"Não";2;0;1;0;1;0;1;2;"-27.825998";"-49.575924";"SR-SC";"DEL8/5";"UOP01/SC"
186374;2019-01-20;"domingo";"13:40:00";"SP";116;146;"SAO JOSE DOS CAMPOS";"Falta de Atenção à Condução";"Queda de ocupante de veículo";"Com Vítimas Feridas";"Pleno dia";"Decrescente";"Nublado";"Dupla";"Não Informado";"Sim";1;0;1;0;0;0;1;1;"-23.191269";"-45.863358";"SR-SP";"DEL6/2";"UOP01/SP"
186376;2019-01-20;"domingo";"12:00:00";"PI";343;317,1;"ALTOS";"Ultrapassagem Indevida";"Colisão traseira";"Com Vítimas Feridas";"Pleno dia";"Decrescente";"Céu Claro";"Simples";"Reta";"Não";4;0;3;0;1;0;3;2;"-5.044959";"-42.544502";"SR-PI";"DEL17/1";"UOP01/PI"
186377;2019-01-20;"domingo";"13:00:00";"PB";101;56,2;"SANTA RITA";"Velocidade Incompatível";"Colisão traseira";"Com Vítimas Fatais";"Pleno dia";"Crescente";"Sol";"Dupla";"Reta";"Não";6;1;2;2;1;0;4;2;"-6.98055117";"-35.07639992";"SR-PB";"DEL14/1";"UOP04/PB"
186378;2019-01-20;"domingo";"14:25:00";"SC";280;50,6;"GUARAMIRIM";"Desobediência às normas de trânsito pelo condutor";"Colisão transversal";"Com Vítimas Feridas";"Pleno dia";"Crescente";"Céu Claro";"Simples";"Interseção de vias";"Sim";5;0;2;1;1;1;3;3;"-26.46405008";"-48.95143569";"SR-SC";"DEL8/3";"UOP03/SC"
186380;2019-01-20;"domingo";"13:30:00";"ES";101;258,8;"SERRA";"Ingestão de Álcool";"Capotamento";"Com Vítimas Feridas";"Pleno dia";"Crescente";"Céu Claro";"Dupla";"Reta";"Sim";1;0;1;0;0;0;1;1;"-20.13532297";"-40.29267138";"SR-ES";"DEL12/2";"UOP01/ES"
186381;2019-01-20;"domingo";"12:00:00";"MG";365;186;"BURITIZEIRO";"Defeito na Via";"Capotamento";"Com Vítimas Feridas";"Pleno dia";"Decrescente";"Sol";"Simples";"Reta";"Não";5;0;1;0;4;0;1;1;"-17.420111";"-45.139751";"SR-MG";"DEL4/12";"UOP01/MG"
186382;2019-01-17;"quinta-feira";"07:00:00";"ES";262;84;"DOMINGOS MARTINS";"Condutor Dormindo";"Capotamento";"Sem Vítimas";"Pleno dia";"Decrescente";"Céu Claro";"Simples";"Reta";"Não";1;0;0;0;1;0;0;1;"-20.4063";"-40.9713";"SR-ES";"DEL12/1";"UOP02/ES"
186384;2019-01-20;"domingo";"13:45:00";"SP";116;32,4;"CRUZEIRO";"Defeito Mecânico no Veículo";"Colisão traseira";"Com Vítimas Feridas";"Pleno dia";"Crescente";"Céu Claro";"Dupla";"Reta";"Não";8;0;3;0;5;0;3;4;"-22.642225";"-44.947342";"SR-SP";"DEL6/8";"UOP01/SP"
186385;2019-01-20;"domingo";"14:56:00";"PR";116;10;"COLOMBO";"Falta de Atenção à Condução";"Colisão lateral";"Com Vítimas Feridas";"Pleno dia";"Decrescente";"Céu Claro";"Dupla";"Reta";"Sim";1;0;1;0;0;0;1;1;"-25.3719";"-49.134";"SR-PR";"DEL7/1";"UOP02/PR"
186386;2019-01-20;"domingo";"14:00:00";"SP";116;128,4;"CACAPAVA";"Defeito Mecânico no Veículo";"Colisão com objeto estático";"Com Vítimas Feridas";"Pleno dia";"Crescente";"Céu Claro";"Dupla";"Reta";"Sim";5;0;4;0;1;0;4;1;"-23.114546";"-45.711056";"SR-SP";"DEL6";"UOP02/SP"
186388;2019-01-20;"domingo";"07:40:00";"MT";163;548;"DIAMANTINO";"Ingestão de Álcool";"Colisão frontal";"Com Vítimas Feridas";"Amanhecer";"Decrescente";"Céu Claro";"Simples";"Reta";"Não";3;0;1;0;2;0;1;3;"-14.34894498";"-56.14449263";"SR-MT";"DEL2/4";"UOP01/MT"
186389;2019-01-20;"domingo";"12:40:00";"PR";277;110,7;"CAMPO LARGO";"Falta de Atenção à Condução";"Saída de leito carroçável";"Sem Vítimas";"Pleno dia";"Decrescente";"Garoa/Chuvisco";"Dupla";"Reta";"Não";2;0;0;0;2;0;0;1;"-25.4433645";"-49.4622656";"SR-PR";"DEL7/1";"UOP05/PR"
186391;2019-01-20;"domingo";"14:15:00";"MS";262;484,3;"ANASTACIO";"Desobediência às normas de trânsito pelo condutor";"Colisão frontal";"Com Vítimas Fatais";"Pleno dia";"Decrescente";"Céu Claro";"Simples";"Reta";"Não";12;3;3;2;4;0;5;4;"-20.50231023";"-55.76103422";"SR-MS";"DEL3/3";"UOP01/MS"
186394;2019-01-20;"domingo";"15:35:00";"GO";50;302,5;"CUMARI";"Mal Súbito";"Capotamento";"Com Vítimas Feridas";"Pleno dia";"Crescente";"Céu Claro";"Simples";"Curva";"Não";3;0;1;0;2;0;1;1;"-18.3433";"-48.0366";"SR-GO";"DEL1/6";"UOP01/GO"
186395;2019-01-20;"domingo";"10:00:00";"CE";222;2,1;"FORTALEZA";"Falta de Atenção à Condução";"Colisão traseira";"Com Vítimas Feridas";"Pleno dia";"Crescente";"Céu Claro";"Múltipla";"Reta";"Sim";2;0;0;1;1;0;1;2;"-3.739117";"-38.586914";"SR-CE";"DEL16/1";"UOP01/CE"
186396;2019-01-20;"domingo";"15:20:00";"PR";158;524,5;"PATO BRANCO";"Velocidade Incompatível";"Tombamento";"Com Vítimas Feridas";"Pleno dia";"Crescente";"Céu Claro";"Simples";"Rotatória";"Sim";1;0;0;1;0;0;1;1;"-26.15050983";"-52.66283068";"SR-PR";"DEL7/2";"UOP01/PR"
186397;2019-01-20;"domingo";"15:30:00";"PR";376;651;"TIJUCAS DO SUL";"Falta de Atenção à Condução";"Capotamento";"Com Vítimas Fatais";"Pleno dia";"Crescente";"Céu Claro";"Múltipla";"Curva";"Não";6;1;5;0;0;0;5;1;"-25.845098";"-49.07302";"SR-PR";"DEL7/1";"UOP08/PR"
186398;2019-01-20;"domingo";"15:00:00";"PE";101;45;"IGARASSU";"Falta de Atenção à Condução";"Colisão com objeto estático";"Sem Vítimas";"Pleno dia";"Crescente";"Céu Claro";"Múltipla";"Reta";"Sim";2;0;0;0;2;0;0;2;"-7.8728";"-34.9061";"SR-PE";"DEL11/1";"UOP02/PE"
186399;2019-01-20;"domingo";"15:40:00";"SC";280;25,1;"ARAQUARI";"Desobediência às normas de trânsito pelo condutor";"Colisão traseira";"Com Vítimas Feridas";"Pleno dia";"Decrescente";"Céu Claro";"Simples";"Reta";"Sim";4;0;2;0;2;0;2;3;"-26.383551";"-48.726803";"SR-SC";"DEL8/3";"UOP03/SC"
186400;2019-01-20;"domingo";"16:00:00";"MG";40;617,5;"CONGONHAS";"Falta de Atenção à Condução";"Saída de leito carroçável";"Com Vítimas Feridas";"Pleno dia";"Decrescente";"Céu Claro";"Simples";"Reta";"Não";4;0;3;0;1;0;3;1;"-20.5647";"-43.8114";"SR-MG";"DEL5";"UOP02/MG"
186401;2019-01-20;"domingo";"15:20:00";"SP";116;77;"ROSEIRA";"Não guardar distância de segurança";"Colisão traseira";"Com Vítimas Feridas";"Pleno dia";"Crescente";"Nublado";"Dupla";"Reta";"Não";4;0;2;0;2;0;2;2;"-22.883369";"-45.279385";"SR-SP";"DEL6";"UOP01/SP"
186403;2019-01-20;"domingo";"15:30:00";"AL";101;187;"JUNQUEIRO";"Desobediência às normas de trânsito pelo condutor";"Colisão transversal";"Com Vítimas Feridas";"Pleno dia";"Crescente";"Céu Claro";"Dupla";"Curva";"Sim";2;0;1;0;1;0;1;2;"-9.897701";"-36.460474";"SR-AL";"DEL13/2";"UOP02/AL"
186405;2019-01-20;"domingo";"16:05:00";"GO";50;184,4;"CAMPO ALEGRE DE GOIAS";"Avarias e/ou desgaste excessivo no pneu";"Saída de leito carroçável";"Com Vítimas Feridas";"Pleno dia";"Decrescente";"Sol";"Dupla";"Reta";"Não";4;0;3;0;1;0;3;1;"-17.4413";"-47.8018";"SR-GO";"DEL1/6";"UOP01/GO"
186406;2019-01-20;"domingo";"15:50:00";"SC";101;135;"BALNEARIO CAMBORIU";"Pista Escorregadia";"Tombamento";"Com Vítimas Feridas";"Pleno dia";"Crescente";"Céu Claro";"Simples";"Curva";"Sim";2;0;2;0;0;0;2;1;"-27.0081";"-48.617";"SR-SC";"DEL8/4";"UOP03/SC"
186407;2019-01-17;"quinta-feira";"07:40:00";"RJ";116;299;"RESENDE";"Falta de Atenção à Condução";"Colisão traseira";"Sem Vítimas";"Pleno dia";"Decrescente";"Céu Claro";"Dupla";"Reta";"Sim";1;0;0;0;1;0;0;1;"-22.450125";"-44.330193";"SR-RJ";"DEL5/7";"UOP03/RJ"
186409;2019-01-20;"domingo";"11:00:00";"GO";60;16;"ALEXANIA";"Falta de Atenção à Condução";"Colisão traseira";"Com Vítimas Feridas";"Pleno dia";"Crescente";"Céu Claro";"Dupla";"Reta";"Não";1;0;1;0;0;0;1;1;"-16.11731666";"-48.3810854";"SR-DF";"GO";"UOP03/DF"
186410;2019-01-20;"domingo";"16:49:00";"DF";60;2,3;"BRASILIA";"Falta de Atenção à Condução";"Colisão lateral";"Com Vítimas Feridas";"Pleno dia";"Decrescente";"Nublado";"Dupla";"Reta";"Sim";6;0;0;4;2;0;4;3;"-15.887383";"-48.077988";"SR-DF";"DF";"UOP03/DF"
186412;2019-01-20;"domingo";"15:00:00";"MG";251;364;"GRAO MOGOL";"Condutor Dormindo";"Saída de leito carroçável";"Com Vítimas Feridas";"Pleno dia";"Crescente";"Sol";"Simples";"Reta";"Não";1;0;1;0;0;0;1;1;"-16.2535";"-42.6259";"SR-MG";"DEL4/12";"UOP01/MG"
186413;2019-01-20;"domingo";"14:00:00";"MG";267;251,5;"CARVALHOS";"Velocidade Incompatível";"Tombamento";"Sem Vítimas";"Pleno dia";"Decrescente";"Céu Claro";"Simples";"Curva";"Não";1;0;0;0;1;0;0;1;"-21.93430279";"-44.49262798";"SR-MG";"DEL5";"UOP03/MG"