"id";"data_inversa";"dia_semana";"horario";"uf";"br";"km";"municipio";"causa_acidente";"tipo_acidente";"classificacao_acidente";"fase_dia";"sentido_via";"condicao_metereologica";"tipo_pista";"tracado_via";"uso_solo";"pessoas";"mortos";"feridos_leves";"feridos_graves";"ilesos";"ignorados";"feridos";"veiculos";"latitude";"longitude";"regional";"delegacia";"uop"
186414;2019-01-20;"domingo";"16:00:00";"RS";290;73;"GRAVATAI";"Desobediência às normas de trânsito pelo condutor";"Colisão traseira";"Com Vítimas Feridas";"Pleno dia";"Crescente";"Sol";"Dupla";"Reta";"Não";3;0;2;0;1;0;2;2;"-29.952868";"-50.986462";"SR-RS";"DEL9/3";"UOP02/RS"
186415;2019-01-20;"domingo";"13:40:00";"MG";459;22,5;"CALDAS";"Velocidade Incompatível";"Colisão com objeto estático";"Com Vítimas Feridas";"Pleno dia";"Decrescente";"Chuva";"Simples";"Curva";"Não";5;0;1;4;0;0;5;1;"-21.88111325";"-46.38311863";"SR-MG";"DEL13";"UOP01/MG"
186416;2019-01-20;"domingo";"16:50:00";"SP";116;194;"SANTA ISABEL";"Condutor Dormindo";"Colisão traseira";"Com Vítimas Feridas";"Pleno dia";"Crescente";"Céu Claro";"Dupla";"Reta";"Não";5;0;4;0;1;0;4;2;"-23.38431716";"-46.26580417";"SR-SP";"DEL6/2";"UOP01/SP"
186417;2019-01-20;"domingo";"16:20:00";"MG";365;545,3;"ROMARIA";"Não guardar distância de segurança";"Saída de leito carroçável";"Com Vítimas Feridas";"Pleno dia";"Crescente";"Céu Claro";"Simples";"Reta";"Não";3;0;3;0;0;0;3;1;"-18.9312";"-47.61606";"SR-MG";"DEL4/10";"UOP01/MG"
186418;2019-01-20;"domingo";"15:45:00";"SC";470;341,7;"CAMPOS NOVOS";"Falta de Atenção à Condução";"Colisão transversal";"Com Vítimas Feridas";"Pleno dia";"Crescente";"Céu Claro";"Simples";"Interseção de vias";"Não";3;0;2;0;1;0;2;2;"-27.53008916";"-51.38835669";"SR-SC";"DEL7";"UOP08/SC"
186419;2019-01-20;"domingo";"17:30:00";"SP";116;325,5;"JUQUITIBA";"Pista Escorregadia";"Saída de leito carroçável";"Com Vítimas Feridas";"Pleno dia";"Crescente";"Chuva";"Dupla";"Curva";"Não";3;0;1;0;2;0;1;2;"-23.94061959";"-47.05621898";"SR-SP";"DEL6/4";"UOP02/SP"
186420;2019-01-20;"domingo";"15:50:00";"CE";222;141,6;"IRAUCUBA";"Pista Escorregadia";"Saída de leito carroçável";"Com Vítimas Feridas";"Pleno dia";"Crescente";"Chuva";"Simples";"Reta";"Não";4;0;3;0;1;0;3;1;"-3.754671";"-39.715527";"SR-CE";"DEL16/4";"UOP03/CE"
186422;2019-01-20;"domingo";"16:30:00";"BA";110;192;"RIBEIRA DO POMBAL";"Falta de Atenção do Pedestre";"Atropelamento de Pedestre";"Com Vítimas Feridas";"Pleno dia";"Crescente";"Céu Claro";"Simples";"Reta";"Não";2;0;1;1;0;0;2;1;"-11.0007";"-38.5152";"SR-BA";"DEL10/7";"UOP02/BA"
186423;2019-01-20;"domingo";"16:30:00";"PE";101;73,8;"RECIFE";"Falta de Atenção à Condução";"Colisão transversal";"Sem Vítimas";"Pleno dia";"Crescente";"Céu Claro";"Simples";"Curva";"Não";2;0;0;0;1;1;0;2;"-8.1027";"-34.9483";"SR-PE";"DEL11/1";"UOP01/PE"
186424;2019-01-20;"domingo";"17:20:00";"SC";101;334;"TUBARAO";"Falta de Atenção à Condução";"Colisão traseira";"Com Vítimas Feridas";"Pleno dia";"Crescente";"Céu Claro";"Dupla";"Reta";"Sim";4;0;1;0;2;1;1;3;"-28.4701";"-49.0169";"SR-SC";"DEL8/2";"UOP01/SC"
186425;2019-01-20;"domingo";"16:50:00";"PR";116;121;"CURITIBA";"Falta de Atenção à Condução";"Queda de ocupante de veículo";"Com Vítimas Feridas";"Pleno dia";"Crescente";"Nublado";"Dupla";"Desvio Temporário";"Não";1;0;1;0;0;0;1;1;"-25.551222";"-49.305038";"SR-PR";"DEL7/1";"UOP03/PR"
186426;2019-01-20;"domingo";"17:35:00";"MG";381;441;"SABARA";"Velocidade Incompatível";"Colisão traseira";"Com Vítimas Feridas";"Pleno dia";"Crescente";"Céu Claro";"Simples";"Curva";"Não";2;0;1;0;1;0;1;2;"-19.807575";"-43.76509667";"SR-MG";"DEL4/1";"UOP01/MG"
186427;2019-01-20;"domingo";"16:50:00";"PE";232;168,7;"TACAIMBO";"Falta de Atenção à Condução";"Colisão traseira";"Com Vítimas Feridas";"Pleno dia";"Decrescente";"Céu Claro";"Simples";"Não Informado";"Não";3;0;1;0;2;0;1;2;"-8.33884631";"-36.32227185";"SR-PE";"DEL11/2";"UOP02/PE"
186428;2019-01-20;"domingo";"15:45:00";"SC";280;80;"CORUPA";"Falta de Atenção à Condução";"Colisão traseira";"Com Vítimas Feridas";"Pleno dia";"Decrescente";"Céu Claro";"Simples";"Reta";"Sim";1;0;1;0;0;0;1;1;"-26.444054";"-49.209812";"SR-SC";"DEL8/6";"UOP03/SC"
186429;2019-01-20;"domingo";"17:40:00";"SP";116;92,7;"PINDAMONHANGABA";"Não guardar distância de segurança";"Colisão traseira";"Com Vítimas Feridas";"Anoitecer";"Crescente";"Nublado";"Dupla";"Reta";"Não";4;0;2;0;2;0;2;2;"-22.952322";"-45.404633";"SR-SP";"DEL6";"UOP01/SP"
186430;2019-01-20;"domingo";"15:30:00";"RN";304;229,9;"RIACHUELO";"Mal Súbito";"Saída de leito carroçável";"Com Vítimas Feridas";"Pleno dia";"Crescente";"Sol";"Simples";"Reta";"Não";4;0;4;0;0;0;4;1;"-5.75366438";"-35.89336395";"SR-RN";"DEL15/1";"UOP02/RN"
186431;2019-01-20;"domingo";"17:50:00";"RJ";101;163;"MACAE";"Avarias e/ou desgaste excessivo no pneu";"Colisão frontal";"Com Vítimas Feridas";"Anoitecer";"Crescente";"Céu Claro";"Simples";"Reta";"Não";4;0;2;0;2;0;2;2;"-22.308807";"-41.890049";"SR-RJ";"DEL5/2";"UOP04/RJ"
186432;2019-01-20;"domingo";"15:20:00";"PE";232;413,7;"SERRA TALHADA";"Ingestão de Álcool";"Saída de leito carroçável";"Com Vítimas Feridas";"Pleno dia";"Crescente";"Céu Claro";"Simples";"Não Informado";"Sim";2;0;1;1;0;0;2;1;"-7.98694515";"-38.32717896";"SR-PE";"DEL11/4";"UOP01/PE"
186433;2019-01-20;"domingo";"15:30:00";"MA";10;167,7;"PORTO FRANCO";"Velocidade Incompatível";"Saída de leito carroçável";"Com Vítimas Feridas";"Pleno dia";"Crescente";"Céu Claro";"Simples";"Reta";"Não";7;0;6;1;0;0;7;2;"-6.257395";"-47.354179";"SR-MA";"DEL18/4";"UOP02/MA"
186434;2019-01-20;"domingo";"17:00:00";"PR";277;127,7;"BALSA NOVA";"Falta de Atenção à Condução";"Saída de leito carroçável";"Com Vítimas Feridas";"Pleno dia";"Decrescente";"Nublado";"Dupla";"Curva";"Não";2;0;1;0;1;0;1;1;"-25.4684437";"-49.6295851";"SR-PR";"DEL7/1";"UOP05/PR"
186435;2019-01-20;"domingo";"18:20:00";"SC";101;67,4;"ARAQUARI";"Desobediência às normas de trânsito pelo condutor";"Colisão traseira";"Com Vítimas Feridas";"Pleno dia";"Decrescente";"Nublado";"Dupla";"Reta";"Não";2;0;1;0;1;0;1;2;"-26.49274066";"-48.7335062";"SR-SC";"DEL8/3";"UOP02/SC"
186436;2019-01-20;"domingo";"18:20:00";"SC";101;63;"ARAQUARI";"Desobediência às normas de trânsito pelo condutor";"Colisão traseira";"Com Vítimas Feridas";"Pleno dia";"Decrescente";"Céu Claro";"Dupla";"Reta";"Não";3;0;2;0;1;0;2;2;"-26.465";"-48.7497";"SR-SC";"DEL8/3";"UOP02/SC"
186437;2019-01-20;"domingo";"18:00:00";"MG";381;633,5;"OLIVEIRA";"Condutor Dormindo";"Colisão lateral";"Com Vítimas Feridas";"Pleno dia";"Crescente";"Céu Claro";"Dupla";"Curva";"Não";2;0;1;0;1;0;1;2;"-20.8519";"-44.8354";"SR-MG";"DEL4/4";"UOP01/MG"
186438;2019-01-20;"domingo";"18:00:00";"SP";153;326,3;"SALTO GRANDE";"Defeito Mecânico no Veículo";"Tombamento";"Com Vítimas Feridas";"Pleno dia";"Decrescente";"Nublado";"Simples";"Reta";"Não";3;0;2;0;0;1;2;1;"-22.922949";"-49.900826";"SR-SP";"DEL6/07";"UOP03/SP"
186439;2019-01-20;"domingo";"17:15:00";"PB";101;73,3;"SANTA RITA";"Falta de Atenção do Pedestre";"Atropelamento de Pedestre";"Com Vítimas Feridas";"Anoitecer";"Crescente";"Céu Claro";"Dupla";"Interseção de vias";"Não";2;0;0;1;1;0;1;1;"-7.0819";"-34.9824";"SR-PB";"DEL14/1";"UOP04/PB"
186440;2019-01-20;"domingo";"17:20:00";"PE";101;52;"PAULISTA";"Defeito na Via";"Queda de ocupante de veículo";"Com Vítimas Feridas";"Anoitecer";"Decrescente";"Céu Claro";"Dupla";"Curva";"Sim";1;0;1;0;0;0;1;1;"-7.9324";"-34.9017";"SR-PE";"DEL11/1";"UOP02/PE"
186441;2019-01-20;"domingo";"18:20:00";"GO";70;9,9;"AGUAS LINDAS DE GOIAS";"Falta de Atenção à Condução";"Saída de leito carroçável";"Com Vítimas Feridas";"Pleno dia";"Decrescente";"Sol";"Múltipla";"Reta";"Sim";4;0;3;1;0;0;4;1;"-15.7359";"-48.2829";"SR-DF";"GO";"UOP06/DF"
186443;2019-01-20;"domingo";"17:25:00";"PR";376;294,6;"MAUA DA SERRA";"Ultrapassagem Indevida";"Colisão frontal";"Com Vítimas Feridas";"Pleno dia";"Crescente";"Céu Claro";"Simples";"Reta";"Não";4;0;1;1;2;0;2;3;"-23.905766";"-51.198186";"SR-PR";"DEL7/7";"UOP02/PR"
186444;2019-01-20;"domingo";"16:15:00";"RR";174;501,9;"BOA VISTA";"Velocidade Incompatível";"Colisão traseira";"Com Vítimas Feridas";"Pleno dia";"Decrescente";"Céu Claro";"Dupla";"Não Informado";"Sim";3;0;1;0;2;0;1;2;"2.781689";"-60.703827";"SR-RR";"UOP01/RR";""
186445;2019-01-20;"domingo";"17:30:00";"RJ";116;93;"GUAPIMIRIM";"Fenômenos da Natureza";"Colisão transversal";"Com Vítimas Feridas";"Anoitecer";"Crescente";"Chuva";"Simples";"Curva";"Não";4;0;0;2;2;0;2;2;"-22.464163";"-42.992157";"SR-RJ";"DEL5/4";"UOP02/RJ"
186446;2019-01-20;"domingo";"17:20:00";"BA";116;823,7;"VITORIA DA CONQUISTA";"Falta de Atenção à Condução";"Colisão transversal";"Com Vítimas Feridas";"Pleno dia";"Crescente";"Sol";"Dupla";"Interseção de vias";"Sim";2;0;1;0;1;0;1;2;"-14.86002669";"-40.8497858";"SR-BA";"DEL10/8";"UOP01/BA"
186448;2019-01-20;"domingo";"17:30:00";"SC";282;614,2;"MARAVILHA";"Velocidade Incompatível";"Saída de leito carroçável";"Com Vítimas Feridas";"Anoitecer";"Decrescente";"Nublado";"Simples";"Curva";"Não";1;0;1;0;0;0;1;1;"-26.76932";"-53.264568";"SR-SC";"DEL7";"UOP02/SC"
186449;2019-01-20;"domingo";"18:50:00";"ES";101;267,5;"SERRA";"Falta de Atenção à Condução";"Colisão traseira";"Com Vítimas Feridas";"Anoitecer";"Decrescente";"Céu Claro";"Múltipla";"Reta";"Sim";3;0;0;1;2;0;1;3;"-20.20659412";"-40.26918596";"SR-ES";"DEL12/2";"UOP01/ES"
186450;2019-01-20;"domingo";"18:30:00";"MG";40;553;"NOVA LIMA";"Falta de Atenção à Condução";"Capotamento";"Com Vítimas Feridas";"Pleno dia";"Crescente";"Chuva";"Dupla";"Reta";"Sim";2;0;1;0;1;0;1;1;"-20.077";"-43.9823";"SR-MG";"DEL4/1";"UOP02/MG"
186451;2019-01-20;"domingo";"18:55:00";"SC";470;172,7;"POUSO REDONDO";"Ingestão de Álcool";"Colisão traseira";"Com Vítimas Feridas";"Pleno dia";"Crescente";"Garoa/Chuvisco";"Simples";"Reta";"Sim";5;0;3;0;2;0;3;4;"-27.257526";"-49.909592";"SR-SC";"DEL8/4";"UOP02/SC"
186452;2019-01-20;"domingo";"18:45:00";"MG";40;592,3;"OURO PRETO";"Defeito Mecânico no Veículo";"Incêndio";"Sem Vítimas";"Pleno dia";"Crescente";"Sol";"Dupla";"Não Informado";"Não";2;0;0;0;2;0;0;1;"-20.3902";"-43.9066";"SR-MG";"DEL5";"UOP02/MG"
186453;2019-01-20;"domingo";"18:40:00";"SC";101;144;"ITAPEMA";"Não guardar distância de segurança";"Colisão lateral";"Com Vítimas Feridas";"Pleno dia";"Decrescente";"Nublado";"Dupla";"Reta";"Sim";2;0;1;0;1;0;1;2;"-27.0816";"-48.6012";"SR-SC";"DEL8/4";"UOP03/SC"
186458;2019-01-20;"domingo";"18:20:00";"PE";104;66;"CARUARU";"Falta de Atenção à Condução";"Colisão traseira";"Com Vítimas Feridas";"Plena Noite";"Crescente";"Céu Claro";"Dupla";"Interseção de vias";"Sim";2;0;1;0;1;0;1;2;"-8.2937";"-35.9864";"SR-PE";"DEL11/2";"UOP01/PE"
186459;2019-01-20;"domingo";"18:10:00";"MG";NA;NA;"ARAUJOS";"Ingestão de Álcool";"Colisão com objeto estático";"Sem Vítimas";"Pleno dia";"Não Informado";"Céu Claro";"Simples";"Reta";"Não";2;0;0;0;2;0;0;1;"-19.7872324";"-45.2308929";"SR-MG";"DEL4/8";"UOP03/MG"
186460;2019-01-20;"domingo";"19:30:00";"GO";60;36,3;"GOIANIA";"Velocidade Incompatível";"Colisão com objeto estático";"Sem Vítimas";"Plena Noite";"Crescente";"Chuva";"Dupla";"Rotatória";"Sim";1;0;0;0;1;0;0;1;"-16.729286";"-49.35057";"SR-GO";"DEL1/1";"UOP02/GO"
186462;2019-01-20;"domingo";"15:00:00";"MA";316;275;"BELA VISTA DO MARANHAO";"Falta de Atenção à Condução";"Colisão traseira";"Com Vítimas Feridas";"Pleno dia";"Crescente";"Sol";"Simples";"Reta";"Não";2;0;1;0;0;1;1;2;"-3.724337";"-45.27808";"SR-MA";"DEL18/2";"UOP02/MA"
186463;2019-01-20;"domingo";"19:20:00";"MG";40;526;"CONTAGEM";"Falta de Atenção à Condução";"Atropelamento de Pedestre";"Com Vítimas Feridas";"Plena Noite";"Crescente";"Chuva";"Dupla";"Reta";"Sim";2;0;0;1;1;0;1;1;"-19.9054";"-44.0476";"SR-MG";"DEL4/1";"UOP03/MG"
186464;2019-01-20;"domingo";"16:30:00";"RS";471;486;"CHUI";"Ingestão de Álcool";"Saída de leito carroçável";"Sem Vítimas";"Pleno dia";"Decrescente";"Céu Claro";"Simples";"Reta";"Não";1;0;0;0;1;0;0;1;"-33.637653";"-53.419846";"SR-RS";"DEL9/7";"UOP02/RS"
186465;2019-01-20;"domingo";"18:50:00";"PE";101;65;"RECIFE";"Falta de Atenção à Condução";"Atropelamento de Pedestre";"Sem Vítimas";"Plena Noite";"Decrescente";"Céu Claro";"Múltipla";"Reta";"Sim";3;0;0;0;1;2;0;1;"-8.0349";"-34.9415";"SR-PE";"DEL11/1";"UOP01/PE"
186466;2019-01-20;"domingo";"20:00:00";"SC";101;133;"BALNEARIO CAMBORIU";"Falta de Atenção à Condução";"Tombamento";"Sem Vítimas";"Plena Noite";"Crescente";"Céu Claro";"Simples";"Reta";"Sim";1;0;0;0;1;0;0;1;"-27.0021";"-48.6362";"SR-SC";"DEL8/4";"UOP03/SC"
186467;2019-01-20;"domingo";"18:30:00";"MG";40;695,2;"ALFREDO VASCONCELOS";"Velocidade Incompatível";"Colisão frontal";"Com Vítimas Fatais";"Anoitecer";"Crescente";"Chuva";"Simples";"Não Informado";"Não";6;1;0;3;1;1;3;2;"-21.17264";"-43.75584";"SR-MG";"DEL5";"UOP02/MG"
186468;2019-01-20;"domingo";"18:50:00";"BA";101;163;"CONCEICAO DO JACUIPE";"Falta de Atenção à Condução";"Colisão lateral";"Com Vítimas Feridas";"Plena Noite";"Crescente";"Céu Claro";"Simples";"Reta";"Não";1;0;1;0;0;0;1;1;"-12.3547";"-38.7934";"SR-BA";"DEL10/1";"UOP03/BA"
186469;2019-01-20;"domingo";"19:50:00";"MG";40;456,7;"CAETANOPOLIS";"Defeito Mecânico no Veículo";"Tombamento";"Com Vítimas Feridas";"Plena Noite";"Crescente";"Céu Claro";"Dupla";"Reta";"Não";2;0;2;0;0;0;2;1;"-19.3676";"-44.33784";"SR-MG";"DEL4/2";"UOP01/MG"
186470;2019-01-20;"domingo";"20:00:00";"RJ";101;286;"ITABORAI";"Não guardar distância de segurança";"Colisão lateral";"Com Vítimas Feridas";"Plena Noite";"Crescente";"Céu Claro";"Dupla";"Reta";"Não";3;0;2;0;1;0;2;2;"-22.754093";"-42.824917";"SR-RJ";"DEL5/2";"UOP03/RJ"
186471;2019-01-20;"domingo";"18:30:00";"SP";381;23;"BRAGANCA PAULISTA";"Desobediência às normas de trânsito pelo condutor";"Tombamento";"Com Vítimas Feridas";"Anoitecer";"Decrescente";"Céu Claro";"Dupla";"Reta";"Não";1;0;1;0;0;0;1;1;"-23.004795";"-46.520626";"SR-SP";"DEL6/3";"UOP01/SP"
186472;2019-01-20;"domingo";"20:00:00";"MG";381;442;"SABARA";"Falta de Atenção à Condução";"Colisão transversal";"Com Vítimas Feridas";"Plena Noite";"Decrescente";"Chuva";"Simples";"Reta";"Não";4;0;0;3;1;0;3;3;"-19.80951173";"-43.77704755";"SR-MG";"DEL4/1";"UOP01/MG"
186474;2019-01-20;"domingo";"20:20:00";"DF";20;12;"BRASILIA";"Agressão Externa";"Saída de leito carroçável";"Com Vítimas Feridas";"Plena Noite";"Decrescente";"Céu Claro";"Dupla";"Reta";"Sim";4;0;3;0;1;0;3;1;"-15.642812";"-47.757786";"SR-DF";"DF";"UOP04/DF"
186475;2019-01-20;"domingo";"19:30:00";"PE";101;147,6;"RIBEIRAO";"Falta de Atenção à Condução";"Colisão com objeto estático";"Com Vítimas Feridas";"Plena Noite";"Decrescente";"Céu Claro";"Dupla";"Não Informado";"Não";3;0;1;1;0;1;2;2;"-8.475417";"-35.37169";"SR-PE";"DEL11/1";"UOP03/PE"
186476;2019-01-20;"domingo";"20:30:00";"GO";153;401,9;"PIRENOPOLIS";"Desobediência às normas de trânsito pelo condutor";"Colisão transversal";"Com Vítimas Feridas";"Plena Noite";"Crescente";"Nublado";"Simples";"Interseção de vias";"Não";5;0;1;0;4;0;1;2;"-16.04808183";"-49.07425404";"SR-GO";"DEL1/2";"UOP01/GO"
186477;2019-01-20;"domingo";"18:40:00";"CE";222;25,4;"CAUCAIA";"Ultrapassagem Indevida";"Capotamento";"Com Vítimas Feridas";"Plena Noite";"Crescente";"Céu Claro";"Simples";"Reta";"Não";1;0;0;1;0;0;1;1;"-3.726669";"-38.777054";"SR-CE";"DEL16/1";"UOP01/CE"
186479;2019-01-20;"domingo";"18:00:00";"PA";10;17;"DOM ELISEU";"Ingestão de Álcool";"Colisão transversal";"Com Vítimas Feridas";"Anoitecer";"Decrescente";"Céu Claro";"Simples";"Reta";"Sim";2;0;1;0;1;0;1;2;"-4.293095";"-47.556904";"SR-PA";"DEL19/2";"UOP03/PA"
186480;2019-01-20;"domingo";"20:50:00";"PR";376;507,3;"PONTA GROSSA";"Falta de Atenção à Condução";"Queda de ocupante de veículo";"Com Vítimas Feridas";"Plena Noite";"Decrescente";"Chuva";"Dupla";"Reta";"Não";2;0;1;0;1;0;1;1;"-25.19880596";"-50.07370949";"SR-PR";"DEL7/3";"UOP03/PR"
186481;2019-01-20;"domingo";"21:15:00";"GO";60;95,8;"ANAPOLIS";"Falta de Atenção à Condução";"Queda de ocupante de veículo";"Com Vítimas Feridas";"Plena Noite";"Decrescente";"Nublado";"Dupla";"Reta";"Não";1;0;1;0;0;0;1;1;"-16.3679";"-48.939";"SR-GO";"DEL1/2";"UOP01/GO"
186482;2019-01-20;"domingo";"20:00:00";"RN";405;74,8;"APODI";"Desobediência às normas de trânsito pelo condutor";"Colisão frontal";"Com Vítimas Feridas";"Plena Noite";"Crescente";"Nublado";"Simples";"Reta";"Sim";4;0;3;1;0;0;4;2;"-5.633979";"-37.800461";"SR-RN";"DEL15/4";"UOP02/RN"
186483;2019-01-20;"domingo";"21:00:00";"RJ";116;44;"TERESOPOLIS";"Avarias e/ou desgaste excessivo no pneu";"Queda de ocupante de veículo";"Com Vítimas Feridas";"Plena Noite";"Decrescente";"Chuva";"Simples";"Reta";"Não";1;0;0;1;0;0;1;1;"-22.158552";"-42.805958";"SR-RJ";"DEL5/4";"UOP01/RJ"
186484;2019-01-20;"domingo";"20:20:00";"MG";50;170;"UBERABA";"Ingestão de Álcool";"Colisão com objeto estático";"Sem Vítimas";"Plena Noite";"Crescente";"Céu Claro";"Dupla";"Reta";"Sim";5;0;0;0;2;3;0;1;"-19.7448";"-47.984";"SR-MG";"DEL13";"UOP01/MG"
186485;2019-01-20;"domingo";"18:10:00";"PR";376;651;"TIJUCAS DO SUL";"Falta de Atenção à Condução";"Danos eventuais";"Sem Vítimas";"Pleno dia";"Crescente";"Céu Claro";"Dupla";"Reta";"Não";2;0;0;0;2;0;0;2;"-25.84641611";"-49.07300949";"SR-PR";"DEL7/1";"UOP08/PR"
186486;2019-01-20;"domingo";"20:35:00";"PR";476;283,1;"SAO MATEUS DO SUL";"Ingestão de Álcool";"Saída de leito carroçável";"Com Vítimas Feridas";"Plena Noite";"Crescente";"Chuva";"Simples";"Reta";"Não";2;0;2;0;0;0;2;1;"-25.891396";"-50.435032";"SR-PR";"DEL7/2";"UOP03/PR"
186487;2019-01-20;"domingo";"21:50:00";"MG";40;556,7;"NOVA LIMA";"Defeito Mecânico no Veículo";"Incêndio";"Sem Vítimas";"Plena Noite";"Crescente";"Nublado";"Dupla";"Curva";"Sim";2;0;0;0;1;1;0;1;"-20.1037";"-43.9749";"SR-MG";"DEL4/1";"UOP02/MG"
186488;2019-01-20;"domingo";"22:20:00";"SC";470;87,6;"RODEIO";"Ingestão de Álcool";"Colisão frontal";"Com Vítimas Feridas";"Plena Noite";"Crescente";"Nublado";"Simples";"Reta";"Não";2;0;1;0;1;0;1;2;"-26.95199126";"-49.35405403";"SR-SC";"DEL8/4";"UOP01/SC"
186489;2019-01-20;"domingo";"22:00:00";"SP";116;357;"MIRACATU";"Velocidade Incompatível";"Tombamento";"Sem Vítimas";"Plena Noite";"Decrescente";"Nublado";"Dupla";"Não Informado";"Não";1;0;0;0;1;0;0;1;"-24.10273685";"-47.25688653";"SR-SP";"DEL6/4";"UOP02/SP"
186490;2019-01-20;"domingo";"18:30:00";"AC";364;113,8;"RIO BRANCO";"Defeito na Via";"Queda de ocupante de veículo";"Com Vítimas Feridas";"Plena Noite";"Crescente";"Céu Claro";"Simples";"Reta";"Sim";2;0;1;0;1;0;1;1;"-10.0135";"-67.692131";"SR-AC";"UOP01/AC";""
186491;2019-01-20;"domingo";"22:05:00";"DF";20;17,2;"BRASILIA";"Ingestão de Álcool";"Colisão lateral";"Com Vítimas Feridas";"Plena Noite";"Decrescente";"Céu Claro";"Dupla";"Não Informado";"Não";8;0;5;0;3;0;5;2;"-15.621374";"-47.71698";"SR-DF";"DF";"UOP04/DF"
186492;2019-01-20;"domingo";"18:00:00";"MT";163;837;"SINOP";"Desobediência às normas de trânsito pelo condutor";"Colisão transversal";"Com Vítimas Feridas";"Pleno dia";"Decrescente";"Céu Claro";"Múltipla";"Reta";"Sim";2;0;1;0;1;0;1;2;"-11.84317756";"-55.49051735";"SR-MT";"DEL2/6";"UOP02/MT"
186493;2019-01-20;"domingo";"21:00:00";"SP";381;1;"VARGEM";"Defeito Mecânico no Veículo";"Incêndio";"Sem Vítimas";"Plena Noite";"Decrescente";"Nublado";"Dupla";"Reta";"Não";1;0;0;0;1;0;0;1;"-22.88147";"-46.381161";"SR-SP";"DEL6/3";"UOP01/SP"
186494;2019-01-20;"domingo";"22:10:00";"SP";116;146,4;"SAO JOSE DOS CAMPOS";"Falta de Atenção à Condução";"Colisão lateral";"Com Vítimas Feridas";"Plena Noite";"Decrescente";"Nublado";"Dupla";"Não Informado";"Não";1;0;1;0;0;0;1;1;"-23.191269";"-45.863358";"SR-SP";"DEL6/2";"UOP01/SP"
186495;2019-01-20;"domingo";"22:50:00";"SC";470;167,9;"POUSO REDONDO";"Ingestão de Álcool";"Colisão com objeto estático";"Com Vítimas Feridas";"Plena Noite";"Crescente";"Nublado";"Simples";"Reta";"Não";2;0;2;0;0;0;2;1;"-27.269835";"-49.863087";"SR-SC";"DEL8/4";"UOP02/SC"
186496;2019-01-20;"domingo";"21:50:00";"MS";163;276,4;"DOURADOS";"Velocidade Incompatível";"Saída de leito carroçável";"Com Vítimas Feridas";"Plena Noite";"Decrescente";"Céu Claro";"Dupla";"Rotatória";"Sim";4;0;1;2;1;0;3;1;"-22.15892113";"-54.64619204";"SR-MS";"DEL3/4";"UOP01/MS"
186497;2019-01-20;"domingo";"15:05:00";"MG";153;50,1;"MONTE ALEGRE DE MINAS";"Pista Escorregadia";"Colisão com objeto estático";"Com Vítimas Feridas";"Pleno dia";"Crescente";"Chuva";"Dupla";"Reta";"Não";2;0;2;0;0;0;2;1;"-18.829";"-49.0884";"SR-MG";"DEL4/15";"UOP03/MG"
186498;2019-01-20;"domingo";"22:30:00";"SP";116;229;"SAO JOSE DOS CAMPOS";"Falta de Atenção à Condução";"Colisão traseira";"Com Vítimas Feridas";"Plena Noite";"Decrescente";"Céu Claro";"Múltipla";"Reta";"Sim";3;0;2;0;1;0;2;2;"-23.219809";"-45.899918";"SR-SP";"DEL6/1";"UOP01/SP"
186499;2019-01-20;"domingo";"17:50:00";"MT";163;529,7;"DIAMANTINO";"Falta de Atenção à Condução";"Saída de leito carroçável";"Com Vítimas Feridas";"Anoitecer";"Decrescente";"Chuva";"Simples";"Reta";"Não";1;0;1;0;0;0;1;1;"-14.36185413";"-56.14597321";"SR-MT";"DEL2/4";"UOP01/MT"
186500;2019-01-20;"domingo";"22:30:00";"BA";116;353,9;"SERRINHA";"Falta de Atenção à Condução";"Colisão traseira";"Com Vítimas Feridas";"Plena Noite";"Crescente";"Céu Claro";"Simples";"Reta";"Não";3;0;3;0;0;0;3;2;"-11.58375961";"-38.99369717";"SR-BA";"DEL10/2";"UOP01/BA"
186501;2019-01-20;"domingo";"22:10:00";"TO";153;138;"ARAGUAINA";"Falta de Atenção à Condução";"Tombamento";"Com Vítimas Feridas";"Plena Noite";"Decrescente";"Céu Claro";"Dupla";"Reta";"Não";2;0;2;0;0;0;2;1;"-7.155106";"-48.204163";"SR-TO";"UOP04/TO";""
186502;2019-01-20;"domingo";"19:40:00";"TO";153;501,2;"PARAISO DO TOCANTINS";"Defeito Mecânico no Veículo";"Saída de leito carroçável";"Com Vítimas Feridas";"Plena Noite";"Decrescente";"Nublado";"Simples";"Desvio Temporário";"Não";4;0;3;1;0;0;4;1;"-10.209515";"-48.874096";"SR-TO";"UOP02/TO";""
186503;2019-01-20;"domingo";"22:40:00";"PE";101;70;"RECIFE";"Falta de Atenção à Condução";"Saída de leito carroçável";"Com Vítimas Fatais";"Plena Noite";"Decrescente";"Céu Claro";"Dupla";"Reta";"Sim";2;1;0;1;0;0;1;1;"-8.0778";"-34.9429";"SR-PE";"DEL11/1";"UOP01/PE"
186504;2019-01-20;"domingo";"23:49:00";"PR";277;4,9;"PARANAGUA";"Ingestão de Álcool";"Colisão frontal";"Sem Vítimas";"Plena Noite";"Crescente";"Chuva";"Simples";"Não Informado";"Sim";2;0;0;0;2;0;0;2;"-25.55281827";"-48.56214523";"SR-PR";"DEL7/1";"UOP07/PR"