"id";"data_inversa";"dia_semana";"horario";"uf";"br";"km";"municipio";"causa_acidente";"tipo_acidente";"classificacao_acidente";"fase_dia";"sentido_via";"condicao_metereologica";"tipo_pista";"tracado_via";"uso_solo";"pessoas";"mortos";"feridos_leves";"feridos_graves";"ilesos";"ignorados";"feridos";"veiculos";"latitude";"longitude";"regional";"delegacia";"uop"
186505;2019-01-20;"domingo";"21:20:00";"MT";174;578;"COMODORO";"Avarias e/ou desgaste excessivo no pneu";"Queda de ocupante de veículo";"Com Vítimas Feridas";"Plena Noite";"Crescente";"Céu Claro";"Simples";"Reta";"Não";2;0;2;0;0;0;2;1;"-12.959806";"-60.032429";"SR-RO";"DEL21/4";"UOP01/RO"
186506;2019-01-20;"domingo";"23:20:00";"RS";158;566;"SANTANA DO LIVRAMENTO";"Desobediência às normas de trânsito pelo condutor";"Colisão transversal";"Com Vítimas Feridas";"Plena Noite";"Crescente";"Céu Claro";"Simples";"Rotatória";"Sim";3;0;0;1;2;0;1;2;"-30.876242";"-55.510815";"SR-RS";"DEL9/11";"UOP01/RS"
186507;2019-01-20;"domingo";"23:10:00";"PR";369;44,6;"BANDEIRANTES";"Velocidade Incompatível";"Saída de leito carroçável";"Com Vítimas Feridas";"Plena Noite";"Decrescente";"Céu Claro";"Simples";"Curva";"Não";1;0;1;0;0;0;1;1;"-23.08940411";"-50.2861619";"SR-PR";"DEL7/7";"UOP06/PR"
186508;2019-01-20;"domingo";"22:45:00";"RN";101;78;"NATAL";"Desobediência às normas de trânsito pelo condutor";"Colisão transversal";"Com Vítimas Feridas";"Plena Noite";"Crescente";"Céu Claro";"Dupla";"Reta";"Não";4;0;0;3;1;0;3;2;"-5.740798";"-35.290199";"SR-RN";"DEL15/2";"UOP01/RN"
186509;2019-01-20;"domingo";"21:20:00";"CE";116;49,8;"PACAJUS";"Desobediência às normas de trânsito pelo condutor";"Colisão traseira";"Com Vítimas Feridas";"Plena Noite";"Crescente";"Céu Claro";"Dupla";"Reta";"Não";2;0;0;1;1;0;1;2;"-4.1797";"-38.4917";"SR-CE";"DEL16/1";"UOP02/CE"
186510;2019-01-20;"domingo";"22:10:00";"SC";282;614,2;"MARAVILHA";"Falta de Atenção à Condução";"Colisão frontal";"Com Vítimas Feridas";"Plena Noite";"Crescente";"Céu Claro";"Simples";"Curva";"Não";5;0;1;4;0;0;5;2;"-26.76932";"-53.264568";"SR-SC";"DEL7";"UOP02/SC"
186511;2019-01-20;"domingo";"23:00:00";"PR";476;176,5;"CONTENDA";"Falta de Atenção à Condução";"Saída de leito carroçável";"Com Vítimas Feridas";"Plena Noite";"Decrescente";"Chuva";"Simples";"Curva";"Não";1;0;1;0;0;0;1;1;"-25.694412";"-49.553158";"SR-PR";"DEL7/1";"UOP04/PR"
186512;2019-01-20;"domingo";"23:40:00";"CE";116;111,5;"BEBERIBE";"Defeito na Via";"Queda de ocupante de veículo";"Com Vítimas Feridas";"Plena Noite";"Crescente";"Céu Claro";"Simples";"Reta";"Não";1;0;1;0;0;0;1;1;"-4.590173";"-38.214588";"SR-CE";"DEL16/3";"UOP02/CE"
186513;2019-01-21;"segunda-feira";"01:00:00";"SC";101;152,6;"ITAPEMA";"Ingestão de Álcool";"Colisão traseira";"Com Vítimas Fatais";"Plena Noite";"Decrescente";"Céu Claro";"Dupla";"Reta";"Sim";3;2;0;0;1;0;0;2;"-27.1448";"-48.6102";"SR-SC";"DEL8/4";"UOP03/SC"
186514;2019-01-20;"domingo";"19:00:00";"MG";381;378;"SAO GONCALO DO RIO ABAIXO";"Ultrapassagem Indevida";"Saída de leito carroçável";"Com Vítimas Feridas";"Anoitecer";"Crescente";"Nublado";"Simples";"Não Informado";"Não";3;0;2;0;1;0;2;1;"-19.841981";"-43.320868";"SR-MG";"DEL4/1";"UOP01/MG"
186515;2019-01-21;"segunda-feira";"01:00:00";"RJ";40;119;"DUQUE DE CAXIAS";"Falta de Atenção à Condução";"Colisão traseira";"Com Vítimas Feridas";"Plena Noite";"Decrescente";"Céu Claro";"Múltipla";"Reta";"Sim";4;0;1;0;3;0;1;3;"-22.7713";"-43.2862";"SR-RJ";"DEL5/1";"UOP01/RJ"
186516;2019-01-20;"domingo";"16:05:00";"RS";285;615;"SANTO ANTONIO DAS MISSOES";"Ultrapassagem Indevida";"Capotamento";"Com Vítimas Feridas";"Pleno dia";"Crescente";"Céu Claro";"Simples";"Reta";"Não";1;0;1;0;0;0;1;1;"-28.497679";"-55.436481";"SR-RS";"DEL9/12";"UOP01/RS"
186517;2019-01-21;"segunda-feira";"02:00:00";"PR";116;26;"CAMPINA GRANDE DO SUL";"Pista Escorregadia";"Saída de leito carroçável";"Com Vítimas Feridas";"Plena Noite";"Decrescente";"Chuva";"Múltipla";"Curva";"Não";1;0;1;0;0;0;1;1;"-25.106836";"-48.785343";"SR-PR";"DEL7/1";"UOP02/PR"
186518;2019-01-21;"segunda-feira";"02:30:00";"MG";40;424,6;"PARAOPEBA";"Objeto estático sobre o leito carroçável";"Colisão traseira";"Com Vítimas Feridas";"Plena Noite";"Decrescente";"Céu Claro";"Dupla";"Não Informado";"Não";2;0;0;1;1;0;1;2;"-19.16142463";"-44.52360749";"SR-MG";"DEL4/2";"UOP01/MG"
186519;2019-01-21;"segunda-feira";"03:29:00";"GO";40;2,9;"VALPARAISO DE GOIAS";"Ingestão de Álcool";"Saída de leito carroçável";"Sem Vítimas";"Plena Noite";"Decrescente";"Céu Claro";"Dupla";"Reta";"Não";1;0;0;0;0;1;0;1;"-16.067129";"-47.984235";"SR-DF";"GO";"UOP01/DF"
186520;2019-01-21;"segunda-feira";"00:05:00";"PR";476;135;"CURITIBA";"Ingestão de Álcool";"Colisão transversal";"Com Vítimas Feridas";"Plena Noite";"Decrescente";"Nublado";"Dupla";"Reta";"Sim";2;0;1;0;1;0;1;2;"-25.483786";"-49.265808";"SR-PR";"DEL7/1";"UOP06/PR"
186521;2019-01-21;"segunda-feira";"03:40:00";"RS";392;118,4;"CANGUCU";"Falta de Atenção à Condução";"Saída de leito carroçável";"Com Vítimas Feridas";"Plena Noite";"Decrescente";"Garoa/Chuvisco";"Simples";"Interseção de vias";"Sim";2;0;1;0;1;0;1;1;"-31.407227";"-52.681717";"SR-RS";"DEL9/7";"UOP01/RS"
186522;2019-01-21;"segunda-feira";"03:00:00";"SE";101;7;"CEDRO DE SAO JOAO";"Desobediência às normas de trânsito pelo condutor";"Colisão com objeto estático";"Com Vítimas Feridas";"Plena Noite";"Crescente";"Garoa/Chuvisco";"Simples";"Não Informado";"Não";2;0;1;1;0;0;2;1;"-10.255915";"-36.861301";"SR-SE";"DEL20/2";"UOP02/SE"
186523;2019-01-21;"segunda-feira";"00:15:00";"SC";470;147,9;"AGRONOMICA";"Ingestão de Álcool";"Saída de leito carroçável";"Sem Vítimas";"Plena Noite";"Crescente";"Nublado";"Dupla";"Curva";"Não";1;0;0;0;1;0;0;1;"-27.243439";"-49.690025";"SR-SC";"DEL8/4";"UOP02/SC"
186524;2019-01-21;"segunda-feira";"01:50:00";"MG";50;118,4;"UBERABA";"Ingestão de Álcool";"Colisão lateral";"Sem Vítimas";"Plena Noite";"Decrescente";"Céu Claro";"Dupla";"Retorno Regulamentado";"Não";3;0;0;0;2;1;0;2;"-19.2995";"-48.1139";"SR-MG";"DEL13";"UOP01/MG"
186525;2019-01-21;"segunda-feira";"04:40:00";"MG";381;359;"JOAO MONLEVADE";"Falta de Atenção à Condução";"Colisão lateral";"Com Vítimas Feridas";"Plena Noite";"Crescente";"Céu Claro";"Simples";"Reta";"Não";1;0;1;0;0;0;1;1;"-19.84907103";"-43.15120697";"SR-MG";"DEL4/3";"UOP01/MG"
186526;2019-01-21;"segunda-feira";"06:20:00";"SP";116;91;"PINDAMONHANGABA";"Falta de Atenção à Condução";"Capotamento";"Com Vítimas Feridas";"Pleno dia";"Crescente";"Céu Claro";"Dupla";"Reta";"Não";1;0;1;0;0;0;1;1;"-22.948011";"-45.396046";"SR-SP";"DEL6";"UOP01/SP"
186527;2019-01-21;"segunda-feira";"05:30:00";"RJ";493;55;"DUQUE DE CAXIAS";"Defeito Mecânico no Veículo";"Incêndio";"Sem Vítimas";"Amanhecer";"Crescente";"Céu Claro";"Dupla";"Reta";"Não";1;0;0;0;0;1;0;1;"-22.672079";"-43.285179";"SR-RJ";"DEL5/1";"UOP01/RJ"
186528;2019-01-21;"segunda-feira";"06:10:00";"SP";153;276,3;"OCAUCU";"Ultrapassagem Indevida";"Colisão lateral";"Com Vítimas Fatais";"Plena Noite";"Crescente";"Nublado";"Simples";"Reta";"Não";5;1;1;1;2;0;2;3;"-22.37842";"-49.866512";"SR-SP";"DEL6/07";"UOP02/SP"
186529;2019-01-21;"segunda-feira";"06:01:00";"GO";364;7,1;"SAO SIMAO";"Desobediência às normas de trânsito pelo pedestre";"Colisão frontal";"Com Vítimas Fatais";"Amanhecer";"Crescente";"Céu Claro";"Simples";"Reta";"Não";2;1;0;0;1;0;0;2;"-19.009096";"-50.548683";"SR-GO";"DEL1/5";"UOP02/GO"
186530;2019-01-21;"segunda-feira";"06:50:00";"SC";470;53,6;"BLUMENAU";"Desobediência às normas de trânsito pelo condutor";"Colisão transversal";"Com Vítimas Feridas";"Pleno dia";"Decrescente";"Nublado";"Simples";"Reta";"Sim";2;0;1;0;0;1;1;2;"-26.867121";"-49.102066";"SR-SC";"DEL8/4";"UOP01/SC"
186531;2019-01-21;"segunda-feira";"01:30:00";"SC";101;436,5;"SOMBRIO";"Ingestão de Álcool";"Colisão frontal";"Sem Vítimas";"Plena Noite";"Crescente";"Chuva";"Múltipla";"Rotatória";"Sim";3;0;0;0;2;1;0;2;"-29.1138";"-49.6396";"SR-SC";"DEL8/2";"UOP02/SC"
186532;2019-01-21;"segunda-feira";"06:30:00";"SP";116;221;"GUARULHOS";"Não guardar distância de segurança";"Colisão lateral";"Com Vítimas Feridas";"Pleno dia";"Crescente";"Sol";"Múltipla";"Reta";"Sim";2;0;1;0;1;0;1;2;"-23.4684938";"-46.5098847";"SR-SP";"DEL6/1";"UOP01/SP"
186533;2019-01-21;"segunda-feira";"05:40:00";"MG";381;308,8;"ANTONIO DIAS";"Falta de Atenção à Condução";"Colisão traseira";"Com Vítimas Feridas";"Plena Noite";"Crescente";"Céu Claro";"Simples";"Curva";"Não";3;0;0;1;2;0;1;3;"-19.64301382";"-42.91934274";"SR-MG";"DEL4/3";"UOP02/MG"
186534;2019-01-20;"domingo";"18:30:00";"PI";135;161,7;"BERTOLINIA";"Objeto estático sobre o leito carroçável";"Colisão com objeto estático";"Com Vítimas Fatais";"Anoitecer";"Crescente";"Céu Claro";"Simples";"Reta";"Não";3;1;0;0;2;0;0;3;"-7.903041";"-43.804741";"SR-PI";"DEL17/3";"UOP01/PI"
186537;2019-01-21;"segunda-feira";"06:10:00";"PE";424;85;"GARANHUNS";"Animais na Pista";"Colisão traseira";"Com Vítimas Feridas";"Pleno dia";"Crescente";"Céu Claro";"Simples";"Reta";"Não";2;0;0;1;1;0;1;2;"-8.857109";"-36.512157";"SR-PE";"DEL11/3";"UOP01/PE"
186538;2019-01-21;"segunda-feira";"06:30:00";"ES";101;213;"IBIRACU";"Desobediência às normas de trânsito pelo condutor";"Colisão traseira";"Com Vítimas Feridas";"Pleno dia";"Crescente";"Céu Claro";"Simples";"Reta";"Sim";2;0;0;1;1;0;1;2;"-19.820898";"-40.3690567";"SR-ES";"DEL12/2";"UOP01/ES"
186539;2019-01-21;"segunda-feira";"06:30:00";"RN";101;82,8;"SAO GONCALO DO AMARANTE";"Falta de Atenção do Pedestre";"Queda de ocupante de veículo";"Com Vítimas Feridas";"Pleno dia";"Crescente";"Céu Claro";"Dupla";"Reta";"Sim";1;0;0;1;0;0;1;1;"-5.767915";"-35.274563";"SR-RN";"DEL15/2";"UOP01/RN"
186540;2019-01-21;"segunda-feira";"06:25:00";"RN";405;1,8;"MOSSORO";"Desobediência às normas de trânsito pelo condutor";"Colisão transversal";"Com Vítimas Feridas";"Amanhecer";"Decrescente";"Céu Claro";"Dupla";"Interseção de vias";"Sim";2;0;2;0;0;0;2;2;"-5.192654";"-37.369327";"SR-RN";"DEL15/4";"UOP02/RN"
186541;2019-01-21;"segunda-feira";"07:19:00";"MG";381;947,4;"EXTREMA";"Falta de Atenção à Condução";"Engavetamento";"Com Vítimas Feridas";"Pleno dia";"Decrescente";"Céu Claro";"Dupla";"Não Informado";"Não";7;0;2;0;5;0;2;3;"-22.86756286";"-46.35287136";"SR-MG";"DEL09";"UOP03/MG"
186542;2019-01-21;"segunda-feira";"06:50:00";"PE";101;82;"JABOATAO DOS GUARARAPES";"Não guardar distância de segurança";"Colisão traseira";"Com Vítimas Feridas";"Pleno dia";"Crescente";"Céu Claro";"Dupla";"Reta";"Sim";4;0;2;0;2;0;2;3;"-8.171685";"-34.939389";"SR-PE";"DEL11/1";"UOP03/PE"
186543;2019-01-21;"segunda-feira";"07:50:00";"SC";101;45,3;"JOINVILLE";"Não guardar distância de segurança";"Colisão traseira";"Com Vítimas Feridas";"Pleno dia";"Decrescente";"Céu Claro";"Dupla";"Reta";"Sim";3;0;1;0;2;0;1;2;"-26.3578";"-48.8588";"SR-SC";"DEL8/3";"UOP01/SC"
186544;2019-01-21;"segunda-feira";"08:00:00";"GO";40;3;"VALPARAISO DE GOIAS";"Falta de Atenção à Condução";"Colisão lateral";"Com Vítimas Feridas";"Pleno dia";"Decrescente";"Céu Claro";"Dupla";"Reta";"Sim";3;0;2;0;1;0;2;2;"-16.076081";"-47.985671";"SR-DF";"GO";"UOP01/DF"
186545;2019-01-21;"segunda-feira";"06:20:00";"MG";365;0,2;"MONTES CLAROS";"Desobediência às normas de trânsito pelo condutor";"Colisão transversal";"Com Vítimas Feridas";"Pleno dia";"Crescente";"Céu Claro";"Simples";"Reta";"Não";2;0;0;1;1;0;1;2;"-16.716154";"-43.863327";"SR-MG";"DEL4/12";"UOP01/MG"
186546;2019-01-21;"segunda-feira";"06:30:00";"SP";116;223;"GUARULHOS";"Não guardar distância de segurança";"Colisão traseira";"Com Vítimas Feridas";"Pleno dia";"Crescente";"Sol";"Múltipla";"Reta";"Sim";2;0;1;0;1;0;1;2;"-23.47665009";"-46.5271318";"SR-SP";"DEL6/1";"UOP01/SP"
186547;2019-01-21;"segunda-feira";"04:00:00";"MG";381;730,7;"CARMO DA CACHOEIRA";"Condutor Dormindo";"Saída de leito carroçável";"Sem Vítimas";"Plena Noite";"Decrescente";"Ignorado";"Dupla";"Curva";"Não";1;0;0;0;1;0;0;1;"-21.5117";"-45.2167";"SR-MG";"DEL4/4";"UOP02/MG"
186548;2019-01-21;"segunda-feira";"08:00:00";"PR";376;174;"MARINGA";"Desobediência às normas de trânsito pelo condutor";"Colisão transversal";"Com Vítimas Feridas";"Pleno dia";"Decrescente";"Céu Claro";"Dupla";"Reta";"Sim";2;0;2;0;0;0;2;2;"-23.411356";"-51.940777";"SR-PR";"DEL7/7";"UOP04/PR"
186550;2019-01-21;"segunda-feira";"07:40:00";"SC";470;62,8;"INDAIAL";"Ultrapassagem Indevida";"Colisão lateral";"Com Vítimas Feridas";"Pleno dia";"Decrescente";"Nublado";"Simples";"Curva";"Não";3;0;0;1;2;0;1;3;"-26.874521";"-49.182938";"SR-SC";"DEL8/4";"UOP01/SC"
186551;2019-01-21;"segunda-feira";"07:25:00";"PR";369;143,7;"LONDRINA";"Falta de Atenção à Condução";"Colisão lateral";"Com Vítimas Feridas";"Pleno dia";"Crescente";"Céu Claro";"Simples";"Reta";"Sim";3;0;0;2;1;0;2;2;"-23.29283539";"-51.09483719";"SR-PR";"DEL7/7";"UOP01/PR"
186553;2019-01-21;"segunda-feira";"08:10:00";"SP";116;206;"GUARULHOS";"Falta de Atenção à Condução";"Colisão traseira";"Com Vítimas Feridas";"Pleno dia";"Crescente";"Nublado";"Múltipla";"Reta";"Não";2;0;1;0;1;0;1;2;"-23.43207937";"-46.41809464";"SR-SP";"DEL6/1";"UOP01/SP"
186554;2019-01-21;"segunda-feira";"07:30:00";"CE";116;6;"FORTALEZA";"Falta de Atenção à Condução";"Colisão lateral";"Com Vítimas Feridas";"Pleno dia";"Decrescente";"Sol";"Múltipla";"Reta";"Sim";4;0;2;0;1;1;2;3;"-3.8126";"-38.5007";"SR-CE";"DEL16/1";"UOP02/CE"
186556;2019-01-21;"segunda-feira";"07:30:00";"PE";101;78,5;"RECIFE";"Falta de Atenção à Condução";"Colisão traseira";"Com Vítimas Feridas";"Pleno dia";"Crescente";"Céu Claro";"Simples";"Reta";"Sim";3;0;1;0;2;0;1;3;"-8.14084";"-34.946605";"SR-PE";"DEL11/1";"UOP01/PE"
186558;2019-01-21;"segunda-feira";"07:50:00";"BA";324;572;"SAO SEBASTIAO DO PASSE";"Defeito Mecânico no Veículo";"Saída de leito carroçável";"Com Vítimas Feridas";"Pleno dia";"Crescente";"Céu Claro";"Dupla";"Reta";"Não";4;0;1;0;3;0;1;1;"-12.56394654";"-38.55892181";"SR-BA";"DEL10/1";"UOP01/BA"
186559;2019-01-21;"segunda-feira";"08:05:00";"MA";10;270,1;"IMPERATRIZ";"Falta de Atenção à Condução";"Colisão traseira";"Com Vítimas Feridas";"Pleno dia";"Crescente";"Céu Claro";"Simples";"Desvio Temporário";"Não";2;0;1;0;1;0;1;2;"-5.373673";"-47.478401";"SR-MA";"DEL18/4";"UOP01/MA"
186562;2019-01-21;"segunda-feira";"09:00:00";"SP";116;154;"SAO JOSE DOS CAMPOS";"Não guardar distância de segurança";"Colisão traseira";"Com Vítimas Feridas";"Pleno dia";"Crescente";"Sol";"Múltipla";"Não Informado";"Sim";4;0;2;0;2;0;2;2;"-23.219809";"-45.899918";"SR-SP";"DEL6/2";"UOP01/SP"
186563;2019-01-21;"segunda-feira";"05:50:00";"RJ";40;113;"DUQUE DE CAXIAS";"Falta de Atenção à Condução";"Colisão lateral";"Com Vítimas Feridas";"Pleno dia";"Decrescente";"Céu Claro";"Múltipla";"Reta";"Não";2;0;1;0;1;0;1;2;"-22.7192";"-43.2896";"SR-RJ";"DEL5/1";"UOP01/RJ"
186564;2019-01-21;"segunda-feira";"09:20:00";"PR";376;175,7;"MARINGA";"Não guardar distância de segurança";"Colisão traseira";"Com Vítimas Feridas";"Pleno dia";"Decrescente";"Céu Claro";"Múltipla";"Reta";"Sim";4;0;1;0;3;0;1;3;"-23.411356";"-51.940777";"SR-PR";"DEL7/7";"UOP04/PR"
186565;2019-01-21;"segunda-feira";"08:00:00";"CE";222;11,2;"CAUCAIA";"Não guardar distância de segurança";"Colisão traseira";"Com Vítimas Feridas";"Pleno dia";"Decrescente";"Nublado";"Dupla";"Reta";"Sim";4;0;4;0;0;0;4;3;"-3.765979";"-38.66222";"SR-CE";"DEL16/1";"UOP01/CE"
186566;2019-01-21;"segunda-feira";"08:05:00";"MG";262;37,6;"MANHUACU";"Falta de Atenção à Condução";"Colisão transversal";"Com Vítimas Feridas";"Pleno dia";"Crescente";"Nublado";"Simples";"Reta";"Sim";2;0;2;0;0;0;2;2;"-20.25749";"-42.030487";"SR-MG";"DEL4/6";"UOP04/MG"
186568;2019-01-21;"segunda-feira";"08:45:00";"RN";101;101,1;"PARNAMIRIM";"Defeito Mecânico no Veículo";"Colisão traseira";"Com Vítimas Feridas";"Pleno dia";"Crescente";"Céu Claro";"Múltipla";"Viaduto";"Sim";6;0;3;0;3;0;3;2;"-5.88692";"-35.232064";"SR-RN";"DEL15/1";"UOP01/RN"
186570;2019-01-21;"segunda-feira";"08:30:00";"PI";316;21,2;"TERESINA";"Falta de Atenção à Condução";"Colisão traseira";"Sem Vítimas";"Pleno dia";"Decrescente";"Sol";"Simples";"Reta";"Não";2;0;0;0;2;0;0;2;"-5.267487";"-42.727409";"SR-PI";"DEL17/1";"UOP02/PI"
186571;2019-01-21;"segunda-feira";"06:30:00";"CE";116;453,8;"BARRO";"Velocidade Incompatível";"Saída de leito carroçável";"Com Vítimas Feridas";"Pleno dia";"Decrescente";"Céu Claro";"Simples";"Reta";"Sim";1;0;1;0;0;0;1;1;"-7.169731";"-38.780666";"SR-CE";"DEL16/5";"UOP03/CE"
186572;2019-01-21;"segunda-feira";"10:00:00";"SP";381;15,8;"BRAGANCA PAULISTA";"Falta de Atenção à Condução";"Colisão traseira";"Com Vítimas Feridas";"Pleno dia";"Crescente";"Céu Claro";"Dupla";"Reta";"Não";6;0;3;0;3;0;3;3;"-22.949152";"-46.479111";"SR-SP";"DEL6/3";"UOP01/SP"
186574;2019-01-21;"segunda-feira";"10:10:00";"PR";376;181;"MARINGA";"Não guardar distância de segurança";"Colisão traseira";"Com Vítimas Feridas";"Pleno dia";"Decrescente";"Céu Claro";"Múltipla";"Curva";"Sim";3;0;1;0;2;0;1;3;"-23.431974";"-51.886719";"SR-PR";"DEL7/7";"UOP04/PR"
186575;2019-01-12;"sábado";"16:20:00";"MA";222;668;"ACAILANDIA";"Falta de Atenção à Condução";"Colisão lateral";"Com Vítimas Feridas";"Pleno dia";"Crescente";"Nublado";"Simples";"Reta";"Não";2;0;0;1;1;0;1;2;"-4.92932254";"-47.44553242";"SR-MA";"DEL18/4";"UOP03/MA"
186576;2019-01-21;"segunda-feira";"07:20:00";"BA";415;48;"ITABUNA";"Desobediência às normas de trânsito pelo condutor";"Colisão transversal";"Com Vítimas Feridas";"Pleno dia";"Decrescente";"Céu Claro";"Simples";"Interseção de vias";"Sim";2;0;0;1;1;0;1;2;"-14.814651";"-39.296741";"SR-BA";"DEL10/5";"UOP01/BA"
186577;2019-01-21;"segunda-feira";"07:50:00";"GO";364;232;"JATAI";"Condutor Dormindo";"Saída de leito carroçável";"Com Vítimas Feridas";"Pleno dia";"Crescente";"Céu Claro";"Simples";"Curva";"Não";1;0;0;1;0;0;1;1;"-17.818481";"-52.021004";"SR-GO";"DEL1/5";"UOP01/GO"
186578;2019-01-21;"segunda-feira";"09:30:00";"MT";163;829;"SINOP";"Falta de Atenção do Pedestre";"Atropelamento de Pedestre";"Com Vítimas Fatais";"Pleno dia";"Crescente";"Céu Claro";"Dupla";"Retorno Regulamentado";"Sim";3;1;0;0;2;0;0;2;"-11.914";"-55.509";"SR-MT";"DEL2/6";"UOP01/MT"
186580;2019-01-21;"segunda-feira";"09:30:00";"MT";163;695;"SORRISO";"Condutor Dormindo";"Colisão traseira";"Com Vítimas Fatais";"Pleno dia";"Decrescente";"Céu Claro";"Simples";"Não Informado";"Não";4;1;0;1;1;1;1;2;"-13.02608247";"-55.89683318";"SR-MT";"DEL2/6";"UOP01/MT"
186581;2019-01-21;"segunda-feira";"10:35:00";"MG";40;506;"RIBEIRAO DAS NEVES";"Não guardar distância de segurança";"Colisão lateral";"Com Vítimas Feridas";"Pleno dia";"Decrescente";"Céu Claro";"Dupla";"Reta";"Não";2;0;0;2;0;0;2;1;"-19.7573";"-44.139";"SR-MG";"DEL4/2";"UOP01/MG"
186582;2019-01-21;"segunda-feira";"10:50:00";"MG";40;558;"NOVA LIMA";"Avarias e/ou desgaste excessivo no pneu";"Colisão lateral";"Sem Vítimas";"Pleno dia";"Decrescente";"Sol";"Dupla";"Reta";"Não";2;0;0;0;2;0;0;2;"-20.1197";"-43.9675";"SR-MG";"DEL4/1";"UOP02/MG"
186583;2019-01-21;"segunda-feira";"10:00:00";"RN";101;99,5;"PARNAMIRIM";"Não guardar distância de segurança";"Colisão lateral";"Com Vítimas Feridas";"Pleno dia";"Decrescente";"Nublado";"Múltipla";"Viaduto";"Não";2;0;1;0;1;0;1;2;"-5.87616319";"-35.22229764";"SR-RN";"DEL15/1";"UOP01/RN"
186584;2019-01-21;"segunda-feira";"06:30:00";"RO";364;51,9;"VILHENA";"Defeito Mecânico no Veículo";"Capotamento";"Com Vítimas Feridas";"Pleno dia";"Decrescente";"Sol";"Simples";"Reta";"Não";1;0;1;0;0;0;1;1;"-12.543028";"-60.362621";"SR-RO";"DEL21/4";"UOP03/RO"
186585;2019-01-21;"segunda-feira";"10:55:00";"MG";40;559;"NOVA LIMA";"Não guardar distância de segurança";"Colisão traseira";"Com Vítimas Feridas";"Pleno dia";"Decrescente";"Céu Claro";"Dupla";"Reta";"Não";2;0;2;0;0;0;2;2;"-20.1286";"-43.9647";"SR-MG";"DEL4/1";"UOP02/MG"
186586;2019-01-21;"segunda-feira";"11:00:00";"MG";40;558,9;"NOVA LIMA";"Falta de Atenção à Condução";"Colisão traseira";"Com Vítimas Feridas";"Pleno dia";"Decrescente";"Nublado";"Dupla";"Reta";"Não";5;0;1;0;4;0;1;4;"-20.1197";"-43.9675";"SR-MG";"DEL4/1";"UOP02/MG"
186587;2019-01-21;"segunda-feira";"08:20:00";"MA";316;261,9;"SANTA INES";"Falta de Atenção do Pedestre";"Atropelamento de Pedestre";"Com Vítimas Feridas";"Pleno dia";"Crescente";"Nublado";"Dupla";"Reta";"Sim";2;0;1;1;0;0;2;1;"-3.676243";"-45.389366";"SR-MA";"DEL18/2";"UOP02/MA"
186588;2019-01-21;"segunda-feira";"09:30:00";"RO";364;341,5;"JI-PARANA";"Não guardar distância de segurança";"Colisão traseira";"Com Vítimas Feridas";"Pleno dia";"Decrescente";"Céu Claro";"Simples";"Curva";"Sim";3;0;1;0;1;1;1;2;"-10.889981";"-61.931229";"SR-RO";"DEL21/2";"UOP01/RO"
186589;2019-01-20;"domingo";"22:04:00";"PA";10;238,7;"IPIXUNA DO PARA";"Animais na Pista";"Atropelamento de Animal";"Sem Vítimas";"Plena Noite";"Decrescente";"Nublado";"Simples";"Reta";"Não";5;0;0;0;5;0;0;1;"-2.32811733";"-47.56462097";"SR-PA";"DEL19/2";"UOP02/PA"
186590;2019-01-12;"sábado";"15:55:00";"MG";381;497,2;"BETIM";"Defeito Mecânico no Veículo";"Colisão traseira";"Com Vítimas Feridas";"Pleno dia";"Crescente";"Céu Claro";"Dupla";"Reta";"Sim";2;0;1;0;1;0;1;2;"-19.9874";"-44.2038";"SR-MG";"DEL4/1";"UOP03/MG"
186591;2019-01-21;"segunda-feira";"08:20:00";"RO";364;424;"JARU";"Desobediência às normas de trânsito pelo condutor";"Colisão lateral";"Sem Vítimas";"Pleno dia";"Decrescente";"Céu Claro";"Simples";"Não Informado";"Sim";2;0;0;0;2;0;0;2;"-10.444572";"-62.465683";"SR-RO";"DEL21/3";"UOP02/RO"
186592;2019-01-21;"segunda-feira";"10:40:00";"RN";405;164,1;"RAFAEL FERNANDES";"Desobediência às normas de trânsito pelo condutor";"Colisão transversal";"Com Vítimas Feridas";"Pleno dia";"Decrescente";"Céu Claro";"Simples";"Desvio Temporário";"Não";5;0;1;0;3;1;1;2;"-6.132635";"-38.206673";"SR-RN";"DEL15/4";"UOP02/RN"
186594;2019-01-09;"quarta-feira";"16:20:00";"SC";101;328;"CAPIVARI DE BAIXO";"Defeito Mecânico no Veículo";"Tombamento";"Com Vítimas Feridas";"Pleno dia";"Crescente";"Céu Claro";"Dupla";"Não Informado";"Sim";1;0;0;1;0;0;1;1;"-28.4397";"-48.9625";"SR-SC";"DEL8/2";"UOP01/SC"
186595;2019-01-21;"segunda-feira";"12:00:00";"MG";40;469;"SETE LAGOAS";"Falta de Atenção do Pedestre";"Atropelamento de Pedestre";"Com Vítimas Feridas";"Pleno dia";"Crescente";"Céu Claro";"Dupla";"Reta";"Não";2;0;1;0;1;0;1;1;"-19.469";"-44.295";"SR-MG";"DEL4/2";"UOP01/MG"