"id";"data_inversa";"dia_semana";"horario";"uf";"br";"km";"municipio";"causa_acidente";"tipo_acidente";"classificacao_acidente";"fase_dia";"sentido_via";"condicao_metereologica";"tipo_pista";"tracado_via";"uso_solo";"pessoas";"mortos";"feridos_leves";"feridos_graves";"ilesos";"ignorados";"feridos";"veiculos";"latitude";"longitude";"regional";"delegacia";"uop"
186596;2019-01-21;"segunda-feira";"05:40:00";"MT";364;686,4;"DIAMANTINO";"Falta de Atenção à Condução";"Saída de leito carroçável";"Com Vítimas Fatais";"Amanhecer";"Decrescente";"Nublado";"Dupla";"Reta";"Não";2;1;0;1;0;0;1;1;"-14.21646376";"-56.57409668";"SR-MT";"DEL2/4";"UOP01/MT"
186597;2019-01-21;"segunda-feira";"12:30:00";"MG";381;767,4;"CAMPANHA";"Restrição de Visibilidade";"Engavetamento";"Com Vítimas Feridas";"Pleno dia";"Crescente";"Céu Claro";"Dupla";"Curva";"Não";11;0;1;3;7;0;4;6;"-21.7528";"-45.3956";"SR-MG";"DEL09";"UOP02/MG"
186598;2019-01-21;"segunda-feira";"11:35:00";"ES";101;386,6;"RIO NOVO DO SUL";"Falta de Atenção à Condução";"Colisão frontal";"Com Vítimas Feridas";"Pleno dia";"Decrescente";"Céu Claro";"Simples";"Reta";"Não";4;0;0;1;2;1;1;3;"-20.86487094";"-40.90031192";"SR-ES";"DEL12/3";"UOP01/ES"
186599;2019-01-21;"segunda-feira";"12:55:00";"PR";369;150,3;"LONDRINA";"Defeito Mecânico no Veículo";"Engavetamento";"Com Vítimas Feridas";"Pleno dia";"Decrescente";"Céu Claro";"Dupla";"Não Informado";"Sim";3;0;1;0;2;0;1;3;"-23.29292678";"-51.16345078";"SR-PR";"DEL7/7";"UOP01/PR"
186600;2019-01-21;"segunda-feira";"11:30:00";"CE";116;171,5;"RUSSAS";"Mal Súbito";"Queda de ocupante de veículo";"Com Vítimas Feridas";"Pleno dia";"Crescente";"Céu Claro";"Simples";"Reta";"Não";1;0;1;0;0;0;1;1;"-4.929619";"-37.989922";"SR-CE";"DEL16/3";"UOP01/CE"
186601;2019-01-21;"segunda-feira";"12:35:00";"SC";101;203,9;"SAO JOSE";"Desobediência às normas de trânsito pelo condutor";"Colisão transversal";"Com Vítimas Feridas";"Pleno dia";"Crescente";"Céu Claro";"Dupla";"Desvio Temporário";"Sim";2;0;1;0;0;1;1;2;"-27.5742";"-48.6134";"SR-SC";"DEL8/1";"UOP01/SC"
186602;2019-01-21;"segunda-feira";"09:45:00";"PR";163;11,2;"BARRACAO";"Desobediência às normas de trânsito pelo condutor";"Colisão frontal";"Com Vítimas Feridas";"Pleno dia";"Crescente";"Céu Claro";"Simples";"Não Informado";"Não";2;0;1;0;0;1;1;2;"-26.234833";"-53.637864";"SR-PR";"DEL7/2";"UOP04/PR"
186603;2019-01-21;"segunda-feira";"12:20:00";"MT";70;4;"BARRA DO GARCAS";"Desobediência às normas de trânsito pelo condutor";"Colisão lateral";"Com Vítimas Feridas";"Pleno dia";"Decrescente";"Céu Claro";"Dupla";"Reta";"Sim";3;0;3;0;0;0;3;2;"-15.879057";"-52.285675";"SR-MT";"DEL2/8";"UOP01/MT"
186604;2019-01-21;"segunda-feira";"12:45:00";"RS";116;395,2;"CAMAQUA";"Falta de Atenção à Condução";"Queda de ocupante de veículo";"Com Vítimas Feridas";"Pleno dia";"Crescente";"Nublado";"Simples";"Reta";"Sim";2;0;1;1;0;0;2;2;"-30.84805405";"-51.7639527";"SR-RS";"DEL9/2";"UOP02/RS"
186605;2019-01-21;"segunda-feira";"12:30:00";"CE";116;375,7;"ICO";"Desobediência às normas de trânsito pelo condutor";"Colisão transversal";"Com Vítimas Feridas";"Pleno dia";"Crescente";"Céu Claro";"Simples";"Interseção de vias";"Sim";3;0;0;1;2;0;1;2;"-6.405386";"-38.84573";"SR-CE";"DEL16/5";"UOP01/CE"
186606;2019-01-21;"segunda-feira";"11:00:00";"RO";364;237,6;"CACOAL";"Falta de Atenção à Condução";"Colisão traseira";"Com Vítimas Feridas";"Pleno dia";"Crescente";"Nublado";"Simples";"Reta";"Sim";3;0;0;1;2;0;1;3;"-11.443406";"-61.446743";"SR-RO";"DEL21/2";"UOP02/RO"
186607;2019-01-21;"segunda-feira";"13:10:00";"RS";287;260;"SANTA MARIA";"Falta de Atenção à Condução";"Saída de leito carroçável";"Com Vítimas Feridas";"Pleno dia";"Decrescente";"Sol";"Simples";"Reta";"Não";12;0;10;0;1;1;10;1;"-29.674789";"-53.971008";"SR-RS";"DEL9/9";"UOP01/RS"
186608;2019-01-21;"segunda-feira";"05:00:00";"BA";407;184;"PONTO NOVO";"Ingestão de Substâncias Psicoativas";"Capotamento";"Com Vítimas Fatais";"Amanhecer";"Crescente";"Céu Claro";"Simples";"Reta";"Não";1;1;0;0;0;0;0;1;"-10.92470592";"-40.10708213";"SR-BA";"DEL10/4";"UOP02/BA"
186609;2019-01-21;"segunda-feira";"12:30:00";"PI";316;3,8;"TERESINA";"Defeito na Via";"Tombamento";"Com Vítimas Feridas";"Pleno dia";"Decrescente";"Céu Claro";"Simples";"Reta";"Sim";1;0;0;1;0;0;1;1;"-5.128264";"-42.792923";"SR-PI";"DEL17/1";"UOP02/PI"
186610;2019-01-21;"segunda-feira";"10:30:00";"PR";476;127;"CURITIBA";"Falta de Atenção à Condução";"Colisão lateral";"Com Vítimas Feridas";"Pleno dia";"Decrescente";"Nublado";"Dupla";"Curva";"Sim";2;0;1;0;1;0;1;2;"-25.425167";"-49.227158";"SR-PR";"DEL7/1";"UOP06/PR"
186612;2019-01-21;"segunda-feira";"12:20:00";"ES";101;394;"RIO NOVO DO SUL";"Mal Súbito";"Tombamento";"Com Vítimas Feridas";"Pleno dia";"Decrescente";"Sol";"Simples";"Reta";"Não";1;0;1;0;0;0;1;1;"-20.86601554";"-40.92606246";"SR-ES";"DEL12/3";"UOP02/ES"
186613;2019-01-21;"segunda-feira";"14:15:00";"MG";381;493,2;"BETIM";"Desobediência às normas de trânsito pelo pedestre";"Atropelamento de Pedestre";"Com Vítimas Feridas";"Pleno dia";"Crescente";"Céu Claro";"Múltipla";"Reta";"Sim";2;0;1;1;0;0;2;1;"-19.966";"-44.1775";"SR-MG";"DEL4/1";"UOP03/MG"
186615;2019-01-21;"segunda-feira";"11:00:00";"RJ";101;195;"CASIMIRO DE ABREU";"Falta de Atenção à Condução";"Capotamento";"Com Vítimas Feridas";"Pleno dia";"Crescente";"Céu Claro";"Dupla";"Curva";"Não";3;0;3;0;0;0;3;1;"-22.492208";"-42.100201";"SR-RJ";"DEL5/2";"UOP04/RJ"
186616;2019-01-21;"segunda-feira";"14:20:00";"MG";381;925;"ITAPEVA";"Falta de Atenção à Condução";"Colisão lateral";"Sem Vítimas";"Pleno dia";"Crescente";"Chuva";"Dupla";"Não Informado";"Não";4;0;0;0;4;0;0;2;"-22.7686";"-46.207";"SR-MG";"DEL09";"UOP03/MG"
186617;2019-01-21;"segunda-feira";"13:50:00";"PB";230;22,8;"JOAO PESSOA";"Não guardar distância de segurança";"Engavetamento";"Com Vítimas Feridas";"Pleno dia";"Decrescente";"Céu Claro";"Dupla";"Reta";"Não";3;0;1;0;1;1;1;3;"-7.1495";"-34.8517";"SR-PB";"DEL14/1";"UOP01/PB"
186618;2019-01-21;"segunda-feira";"15:00:00";"SC";101;228,5;"PALHOCA";"Avarias e/ou desgaste excessivo no pneu";"Tombamento";"Com Vítimas Feridas";"Pleno dia";"Crescente";"Céu Claro";"Dupla";"Reta";"Não";2;0;2;0;0;0;2;1;"-27.768";"-48.6313";"SR-SC";"DEL8/1";"UOP02/SC"
186619;2019-01-21;"segunda-feira";"14:50:00";"ES";101;145,9;"LINHARES";"Não guardar distância de segurança";"Colisão traseira";"Com Vítimas Feridas";"Pleno dia";"Decrescente";"Céu Claro";"Dupla";"Reta";"Não";2;0;1;0;1;0;1;2;"-19.3610327";"-40.06473541";"SR-ES";"DEL12/4";"UOP01/ES"
186621;2019-01-21;"segunda-feira";"14:45:00";"PR";277;254,7;"IRATI";"Falta de Atenção à Condução";"Colisão transversal";"Com Vítimas Feridas";"Pleno dia";"Decrescente";"Nublado";"Simples";"Reta";"Não";6;0;5;0;1;0;5;2;"-25.41905683";"-50.76170867";"SR-PR";"DEL7/3";"UOP04/PR"
186622;2019-01-21;"segunda-feira";"12:30:00";"BA";324;618,9;"SALVADOR";"Defeito Mecânico no Veículo";"Queda de ocupante de veículo";"Com Vítimas Feridas";"Pleno dia";"Crescente";"Céu Claro";"Dupla";"Reta";"Sim";2;0;2;0;0;0;2;1;"-12.904734";"-38.455494";"SR-BA";"DEL10/1";"UOP01/BA"
186623;2019-01-21;"segunda-feira";"14:30:00";"MG";381;489;"BETIM";"Falta de Atenção à Condução";"Queda de ocupante de veículo";"Com Vítimas Feridas";"Pleno dia";"Decrescente";"Céu Claro";"Dupla";"Reta";"Não";2;0;2;0;0;0;2;1;"-19.9563";"-44.1428";"SR-MG";"DEL4/1";"UOP03/MG"
186625;2019-01-21;"segunda-feira";"15:00:00";"RJ";40;92;"DUQUE DE CAXIAS";"Velocidade Incompatível";"Colisão traseira";"Sem Vítimas";"Pleno dia";"Decrescente";"Céu Claro";"Simples";"Curva";"Não";2;0;0;0;2;0;0;2;"-22.56542866";"-43.23952279";"SR-RJ";"DEL5/6";"UOP03/RJ"
186626;2019-01-21;"segunda-feira";"14:15:00";"SP";116;550;"BARRA DO TURVO";"Carga excessiva e/ou mal acondicionada";"Derramamento de carga";"Sem Vítimas";"Pleno dia";"Decrescente";"Sol";"Dupla";"Curva";"Não";1;0;0;0;1;0;0;1;"-24.96901823";"-48.44100789";"SR-SP";"DEL6/5";"UOP03/SP"
186627;2019-01-21;"segunda-feira";"15:30:00";"MG";40;142,9;"JOAO PINHEIRO";"Falta de Atenção à Condução";"Colisão traseira";"Sem Vítimas";"Pleno dia";"Crescente";"Sol";"Simples";"Interseção de vias";"Sim";3;0;0;0;3;0;0;2;"-17.740395";"-46.185719";"SR-MG";"DEL4/14";"UOP01/MG"
186628;2019-01-21;"segunda-feira";"15:45:00";"SP";116;47,7;"CANAS";"Objeto estático sobre o leito carroçável";"Queda de ocupante de veículo";"Com Vítimas Feridas";"Pleno dia";"Decrescente";"Céu Claro";"Dupla";"Reta";"Não";2;0;1;0;1;0;1;1;"-22.71949";"-45.061127";"SR-SP";"DEL6/8";"UOP01/SP"
186629;2019-01-12;"sábado";"20:00:00";"PA";316;137;"BONITO";"Falta de Atenção à Condução";"Saída de leito carroçável";"Com Vítimas Feridas";"Plena Noite";"Crescente";"Céu Claro";"Simples";"Curva";"Não";1;0;1;0;0;0;1;1;"-1.266372";"-47.274925";"SR-PA";"DEL19/1";"UOP04/PA"
186630;2019-01-21;"segunda-feira";"15:50:00";"PR";373;403,2;"CANDOI";"Falta de Atenção à Condução";"Colisão frontal";"Com Vítimas Feridas";"Pleno dia";"Crescente";"Nublado";"Simples";"Reta";"Não";3;0;0;2;1;0;2;2;"-25.59894153";"-52.05569029";"SR-PR";"DEL7/3";"UOP02/PR"
186631;2019-01-21;"segunda-feira";"16:15:00";"PR";376;679;"GUARATUBA";"Defeito Mecânico no Veículo";"Incêndio";"Sem Vítimas";"Pleno dia";"Crescente";"Céu Claro";"Dupla";"Não Informado";"Não";1;0;0;0;1;0;0;1;"-25.958735";"-48.90102";"SR-PR";"DEL7/1";"UOP08/PR"
186633;2019-01-21;"segunda-feira";"12:05:00";"BA";116;779,7;"PLANALTO";"Falta de Atenção à Condução";"Colisão lateral";"Com Vítimas Feridas";"Pleno dia";"Decrescente";"Céu Claro";"Simples";"Reta";"Sim";4;0;1;0;3;0;1;2;"-14.67508";"-40.49696";"SR-BA";"DEL10/8";"UOP02/BA"
186634;2019-01-12;"sábado";"11:45:00";"MS";262;404,4;"TERENOS";"Desobediência às normas de trânsito pelo condutor";"Colisão traseira";"Com Vítimas Feridas";"Pleno dia";"Crescente";"Céu Claro";"Simples";"Reta";"Não";6;0;0;1;5;0;1;2;"-20.428697";"-55.060717";"SR-MS";"DEL3/1";"UOP03/MS"
186635;2019-01-21;"segunda-feira";"15:03:00";"RS";116;39,4;"VACARIA";"Desobediência às normas de trânsito pelo condutor";"Colisão transversal";"Com Vítimas Feridas";"Pleno dia";"Crescente";"Nublado";"Simples";"Interseção de vias";"Sim";5;0;1;0;4;0;1;2;"-28.512012";"-50.932381";"SR-RS";"DEL9/5";"UOP03/RS"
186637;2019-01-21;"segunda-feira";"15:55:00";"PR";376;474,2;"PONTA GROSSA";"Avarias e/ou desgaste excessivo no pneu";"Saída de leito carroçável";"Com Vítimas Feridas";"Pleno dia";"Crescente";"Chuva";"Dupla";"Curva";"Não";4;0;2;1;1;0;3;2;"-25.03564414";"-50.29880047";"SR-PR";"DEL7/3";"UOP01/PR"
186638;2019-01-21;"segunda-feira";"14:55:00";"MG";381;453;"SABARA";"Condutor Dormindo";"Colisão frontal";"Com Vítimas Feridas";"Pleno dia";"Crescente";"Sol";"Simples";"Curva";"Não";8;0;4;1;3;0;5;4;"-19.83438826";"-43.84934306";"SR-MG";"DEL4/1";"UOP01/MG"
186639;2019-01-21;"segunda-feira";"16:30:00";"RS";116;268;"CANOAS";"Defeito Mecânico no Veículo";"Queda de ocupante de veículo";"Com Vítimas Feridas";"Pleno dia";"Decrescente";"Céu Claro";"Múltipla";"Reta";"Sim";2;0;1;0;1;0;1;2;"-29.950392";"-51.176533";"SR-RS";"DEL9/1";"UOP01/RS"
186640;2019-01-21;"segunda-feira";"17:05:00";"SC";101;213,2;"PALHOCA";"Desobediência às normas de trânsito pelo condutor";"Colisão traseira";"Com Vítimas Feridas";"Pleno dia";"Decrescente";"Céu Claro";"Dupla";"Desvio Temporário";"Sim";2;0;1;0;1;0;1;2;"-27.6446";"-48.6705";"SR-SC";"DEL8/1";"UOP02/SC"
186641;2019-01-21;"segunda-feira";"16:45:00";"RS";116;230,3;"IVOTI";"Velocidade Incompatível";"Colisão frontal";"Com Vítimas Feridas";"Pleno dia";"Decrescente";"Nublado";"Simples";"Curva";"Não";4;0;0;1;3;0;1;2;"-29.622221";"-51.130394";"SR-RS";"DEL9/1";"UOP02/RS"
186643;2019-01-21;"segunda-feira";"16:00:00";"ES";101;204,3;"JOAO NEIVA";"Falta de Atenção à Condução";"Colisão transversal";"Com Vítimas Feridas";"Pleno dia";"Decrescente";"Céu Claro";"Simples";"Interseção de vias";"Sim";2;0;1;0;1;0;1;2;"-19.75564648";"-40.37990838";"SR-ES";"DEL12/2";"UOP01/ES"
186644;2019-01-21;"segunda-feira";"17:25:00";"SC";280;23,1;"ARAQUARI";"Falta de Atenção à Condução";"Colisão transversal";"Com Vítimas Feridas";"Pleno dia";"Crescente";"Céu Claro";"Simples";"Retorno Regulamentado";"Sim";2;0;1;0;1;0;1;2;"-26.37146";"-48.711887";"SR-SC";"DEL8/3";"UOP03/SC"
186645;2019-01-21;"segunda-feira";"16:45:00";"MG";381;760,1;"TRES CORACOES";"Falta de Atenção à Condução";"Colisão traseira";"Sem Vítimas";"Pleno dia";"Crescente";"Céu Claro";"Dupla";"Não Informado";"Não";6;0;0;0;6;0;0;2;"-21.7011";"-45.3673";"SR-MG";"DEL09";"UOP02/MG"
186646;2019-01-21;"segunda-feira";"17:00:00";"MG";381;531;"ITATIAIUCU";"Velocidade Incompatível";"Capotamento";"Com Vítimas Feridas";"Pleno dia";"Decrescente";"Chuva";"Dupla";"Curva";"Não";2;0;2;0;0;0;2;1;"-20.1644";"-44.3667";"SR-MG";"DEL4/4";"UOP03/MG"
186647;2019-01-21;"segunda-feira";"15:40:00";"MG";381;529;"BRUMADINHO";"Falta de Atenção à Condução";"Capotamento";"Com Vítimas Feridas";"Pleno dia";"Crescente";"Chuva";"Dupla";"Curva";"Não";5;0;2;0;3;0;2;1;"-20.1623";"-44.3484";"SR-MG";"DEL4/4";"UOP03/MG"
186649;2019-01-21;"segunda-feira";"13:30:00";"RO";364;425;"JARU";"Desobediência às normas de trânsito pelo condutor";"Colisão transversal";"Com Vítimas Feridas";"Pleno dia";"Crescente";"Céu Claro";"Simples";"Interseção de vias";"Sim";2;0;1;0;1;0;1;2;"-10.437518";"-62.471706";"SR-RO";"DEL21/3";"UOP02/RO"
186650;2019-01-21;"segunda-feira";"17:40:00";"PR";369;144,6;"LONDRINA";"Desobediência às normas de trânsito pelo condutor";"Tombamento";"Com Vítimas Feridas";"Pleno dia";"Crescente";"Céu Claro";"Dupla";"Retorno Regulamentado";"Sim";2;0;1;0;1;0;1;2;"-23.29350818";"-51.10785395";"SR-PR";"DEL7/7";"UOP01/PR"
186652;2019-01-21;"segunda-feira";"16:55:00";"BA";101;925,4;"NOVA VICOSA";"Falta de Atenção à Condução";"Colisão traseira";"Com Vítimas Feridas";"Pleno dia";"Crescente";"Céu Claro";"Simples";"Reta";"Não";2;0;0;1;1;0;1;2;"-17.9276";"-39.8343";"SR-BA";"DEL10/9";"UOP03/BA"
186654;2019-01-21;"segunda-feira";"15:00:00";"RO";364;716;"PORTO VELHO";"Falta de Atenção à Condução";"Colisão com objeto estático";"Com Vítimas Feridas";"Pleno dia";"Decrescente";"Céu Claro";"Dupla";"Não Informado";"Sim";5;0;4;1;0;0;5;1;"-8.78899869";"-63.90144738";"SR-RO";"DEL21/1";"UOP01/RO"
186655;2019-01-21;"segunda-feira";"16:55:00";"RJ";493;2;"ITABORAI";"Falta de Atenção à Condução";"Colisão transversal";"Sem Vítimas";"Pleno dia";"Decrescente";"Céu Claro";"Dupla";"Não Informado";"Sim";2;0;0;0;2;0;0;2;"-22.759342";"-42.935555";"SR-RJ";"DEL5/4";"UOP02/RJ"
186656;2019-01-21;"segunda-feira";"17:00:00";"RJ";101;597;"PARATY";"Falta de Atenção à Condução";"Tombamento";"Com Vítimas Feridas";"Pleno dia";"Decrescente";"Nublado";"Simples";"Curva";"Não";2;0;2;0;0;0;2;1;"-23.34036448";"-44.74491119";"SR-RJ";"DEL5/3";"UOP04/RJ"
186657;2019-01-21;"segunda-feira";"15:30:00";"MG";116;255;"TEOFILO OTONI";"Falta de Atenção à Condução";"Colisão transversal";"Com Vítimas Feridas";"Pleno dia";"Decrescente";"Sol";"Simples";"Rotatória";"Não";2;0;1;0;1;0;1;2;"-17.68302473";"-41.48477586";"SR-MG";"DEL4/11";"UOP01/MG"
186658;2019-01-21;"segunda-feira";"17:00:00";"TO";153;182,5;"NOVA OLINDA";"Avarias e/ou desgaste excessivo no pneu";"Colisão frontal";"Com Vítimas Feridas";"Pleno dia";"Crescente";"Chuva";"Simples";"Curva";"Não";3;0;1;1;1;0;2;2;"-7.497767";"-48.383625";"SR-TO";"UOP04/TO";""
186659;2019-01-21;"segunda-feira";"10:00:00";"MA";222;275;"ARARI";"Condutor Dormindo";"Tombamento";"Sem Vítimas";"Pleno dia";"Decrescente";"Sol";"Simples";"Reta";"Não";1;0;0;0;1;0;0;1;"-3.50425389";"-44.7609981";"SR-MA";"DEL18/1";"UOP02/MA"
186660;2019-01-21;"segunda-feira";"18:15:00";"SC";101;132,5;"BALNEARIO CAMBORIU";"Falta de Atenção à Condução";"Colisão lateral";"Com Vítimas Feridas";"Pleno dia";"Crescente";"Nublado";"Simples";"Curva";"Sim";2;0;1;0;0;1;1;2;"-26.9992";"-48.646";"SR-SC";"DEL8/4";"UOP03/SC"
186661;2019-01-21;"segunda-feira";"18:00:00";"PR";376;187,3;"MARIALVA";"Defeito Mecânico no Veículo";"Queda de ocupante de veículo";"Com Vítimas Feridas";"Pleno dia";"Crescente";"Céu Claro";"Dupla";"Reta";"Não";2;0;1;1;0;0;2;1;"-23.471231";"-51.819515";"SR-PR";"DEL7/7";"UOP04/PR"
186662;2019-01-21;"segunda-feira";"17:35:00";"PR";116;116;"CURITIBA";"Falta de Atenção à Condução";"Colisão traseira";"Com Vítimas Feridas";"Pleno dia";"Crescente";"Céu Claro";"Múltipla";"Reta";"Sim";2;0;1;0;1;0;1;2;"-25.544559";"-49.30146";"SR-PR";"DEL7/1";"UOP06/PR"
186665;2019-01-21;"segunda-feira";"10:00:00";"SC";153;8,6;"AGUA DOCE";"Falta de Atenção à Condução";"Colisão com objeto estático";"Com Vítimas Feridas";"Pleno dia";"Crescente";"Céu Claro";"Simples";"Curva";"Não";1;0;0;1;0;0;1;1;"-26.658108";"-51.536217";"SR-SC";"DEL7";"UOP06/SC"
186666;2019-01-21;"segunda-feira";"18:00:00";"SC";101;210,7;"SAO JOSE";"Falta de Atenção à Condução";"Colisão lateral";"Com Vítimas Feridas";"Pleno dia";"Crescente";"Céu Claro";"Dupla";"Reta";"Sim";2;0;0;1;1;0;1;2;"-27.6235";"-48.6524";"SR-SC";"DEL8/1";"UOP01/SC"
186667;2019-01-21;"segunda-feira";"16:30:00";"RN";304;116;"ITAJA";"Desobediência às normas de trânsito pelo condutor";"Colisão lateral";"Com Vítimas Feridas";"Pleno dia";"Decrescente";"Céu Claro";"Simples";"Reta";"Não";2;0;1;0;1;0;1;2;"-5.629953";"-36.864231";"SR-RN";"DEL15/4";"UOP01/RN"
186668;2019-01-21;"segunda-feira";"17:25:00";"PB";230;164,4;"CAMPINA GRANDE";"Defeito Mecânico no Veículo";"Queda de ocupante de veículo";"Com Vítimas Feridas";"Pleno dia";"Crescente";"Céu Claro";"Simples";"Interseção de vias";"Sim";2;0;2;0;0;0;2;1;"-7.2128";"-35.9499";"SR-PB";"DEL14/2";"UOP01/PB"
186669;2019-01-21;"segunda-feira";"14:40:00";"MG";116;180;"CARAI";"Falta de Atenção à Condução";"Colisão transversal";"Com Vítimas Feridas";"Pleno dia";"Crescente";"Sol";"Simples";"Reta";"Não";4;0;1;0;2;1;1;2;"-17.08435318";"-41.48574829";"SR-MG";"DEL4/11";"UOP02/MG"
186670;2019-01-21;"segunda-feira";"19:20:00";"RJ";101;303;"SAO GONCALO";"Falta de Atenção à Condução";"Colisão lateral";"Com Vítimas Feridas";"Plena Noite";"Crescente";"Céu Claro";"Dupla";"Reta";"Sim";1;0;1;0;0;0;1;1;"-22.782822";"-42.976677";"SR-RJ";"DEL5/2";"UOP02/RJ"
186672;2019-01-21;"segunda-feira";"13:02:00";"PE";232;456,2;"SAO JOSE DO BELMONTE";"Ultrapassagem Indevida";"Colisão frontal";"Com Vítimas Feridas";"Pleno dia";"Crescente";"Céu Claro";"Simples";"Desvio Temporário";"Não";3;0;2;1;0;0;3;2;"-8.019355";"-38.706604";"SR-PE";"DEL11/5";"UOP01/PE"
186673;2019-01-21;"segunda-feira";"17:50:00";"SP";153;114;"JOSE BONIFACIO";"Falta de Atenção à Condução";"Colisão lateral";"Sem Vítimas";"Pleno dia";"Crescente";"Céu Claro";"Simples";"Não Informado";"Não";2;0;0;0;2;0;0;2;"-21.121183";"-49.690845";"SR-SP";"DEL6/9";"UOP01/SP"
186674;2019-01-21;"segunda-feira";"19:00:00";"SP";116;283;"EMBU DAS ARTES";"Falta de Atenção à Condução";"Colisão lateral";"Com Vítimas Feridas";"Anoitecer";"Crescente";"Céu Claro";"Dupla";"Reta";"Sim";2;0;1;0;1;0;1;2;"-23.6893004";"-46.8620411";"SR-SP";"DEL6/4";"UOP01/SP"
186675;2019-01-21;"segunda-feira";"18:20:00";"RN";101;105,3;"PARNAMIRIM";"Falta de Atenção à Condução";"Colisão lateral";"Com Vítimas Feridas";"Plena Noite";"Crescente";"Ignorado";"Múltipla";"Não Informado";"Sim";4;0;2;0;2;0;2;2;"-5.901648";"-35.259281";"SR-RN";"DEL15/1";"UOP01/RN"
186676;2019-01-21;"segunda-feira";"19:50:00";"PR";277;240,3;"IRATI";"Desobediência às normas de trânsito pelo condutor";"Colisão lateral";"Com Vítimas Feridas";"Pleno dia";"Crescente";"Nublado";"Simples";"Não Informado";"Não";6;0;4;0;2;0;4;2;"-25.45255283";"-50.63233392";"SR-PR";"DEL7/3";"UOP04/PR"
186678;2019-01-21;"segunda-feira";"18:45:00";"PE";428;106,3;"SANTA MARIA DA BOA VISTA";"Animais na Pista";"Atropelamento de Animal";"Com Vítimas Fatais";"Plena Noite";"Crescente";"Ignorado";"Simples";"Reta";"Não";7;1;2;1;3;0;3;2;"-8.864326";"-40.003273";"SR-PE";"DEL11/6";"UOP03/PE"
186679;2019-01-21;"segunda-feira";"17:00:00";"AC";364;127;"RIO BRANCO";"Falta de Atenção à Condução";"Colisão traseira";"Com Vítimas Feridas";"Pleno dia";"Crescente";"Nublado";"Simples";"Reta";"Sim";2;0;1;0;1;0;1;2;"-10.019817";"-67.814339";"SR-AC";"UOP01/AC";""
186680;2019-01-21;"segunda-feira";"19:00:00";"PA";230;129,9;"MARABA";"Falta de Atenção do Pedestre";"Atropelamento de Pedestre";"Com Vítimas Feridas";"Plena Noite";"Crescente";"Nublado";"Simples";"Reta";"Sim";2;0;0;1;1;0;1;1;"-5.371881";"-49.175884";"SR-PA";"DEL19/3";"UOP01/PA"
186681;2019-01-21;"segunda-feira";"19:50:00";"RS";290;100,1;"PORTO ALEGRE";"Falta de Atenção à Condução";"Colisão traseira";"Com Vítimas Feridas";"Pleno dia";"Crescente";"Céu Claro";"Simples";"Ponte";"Não";2;0;0;1;1;0;1;2;"-29.988646";"-51.236553";"SR-RS";"DEL9/1";"UOP01/RS"
186682;2019-01-21;"segunda-feira";"19:45:00";"MG";356;265,7;"MURIAE";"Falta de Atenção à Condução";"Colisão transversal";"Com Vítimas Feridas";"Plena Noite";"Decrescente";"Céu Claro";"Simples";"Não Informado";"Sim";3;0;1;0;2;0;1;2;"-21.127604";"-42.36837";"SR-MG";"DEL4/7";"UOP02/MG"
186683;2019-01-21;"segunda-feira";"19:00:00";"BA";135;125;"RIACHAO DAS NEVES";"Condutor Dormindo";"Colisão lateral";"Com Vítimas Feridas";"Plena Noite";"Crescente";"Garoa/Chuvisco";"Simples";"Desvio Temporário";"Não";3;0;0;1;2;0;1;2;"-11.77393121";"-44.89974976";"SR-BA";"DEL10/10";"UOP01/BA"
186684;2019-01-21;"segunda-feira";"19:00:00";"RS";116;239,8;"NOVO HAMBURGO";"Defeito Mecânico no Veículo";"Saída de leito carroçável";"Sem Vítimas";"Anoitecer";"Crescente";"Nublado";"Dupla";"Não Informado";"Sim";1;0;0;0;1;0;0;1;"-29.696178";"-51.144566";"SR-RS";"DEL9/1";"UOP02/RS"
186685;2019-01-21;"segunda-feira";"20:35:00";"SP";116;23,2;"LAVRINHAS";"Defeito Mecânico no Veículo";"Incêndio";"Sem Vítimas";"Plena Noite";"Crescente";"Nublado";"Dupla";"Curva";"Não";1;0;0;0;1;0;0;1;"-22.589794";"-44.885368";"SR-SP";"DEL6/8";"UOP01/SP"
186686;2019-01-21;"segunda-feira";"20:25:00";"PR";476;154,7;"ARAUCARIA";"Não guardar distância de segurança";"Colisão traseira";"Com Vítimas Feridas";"Plena Noite";"Decrescente";"Céu Claro";"Dupla";"Reta";"Sim";3;0;1;0;2;0;1;2;"-25.584223";"-49.401379";"SR-PR";"DEL7/1";"UOP04/PR"
186687;2019-01-21;"segunda-feira";"20:00:00";"MS";262;363,3;"CAMPO GRANDE";"Falta de Atenção à Condução";"Saída de leito carroçável";"Com Vítimas Feridas";"Plena Noite";"Crescente";"Céu Claro";"Simples";"Reta";"Não";1;0;0;1;0;0;1;1;"-20.50276244";"-54.73079681";"SR-MS";"DEL3/1";"UOP03/MS"