"id";"data_inversa";"dia_semana";"horario";"uf";"br";"km";"municipio";"causa_acidente";"tipo_acidente";"classificacao_acidente";"fase_dia";"sentido_via";"condicao_metereologica";"tipo_pista";"tracado_via";"uso_solo";"pessoas";"mortos";"feridos_leves";"feridos_graves";"ilesos";"ignorados";"feridos";"veiculos";"latitude";"longitude";"regional";"delegacia";"uop"
186970;2019-01-23;"quarta-feira";"11:43:00";"PR";116;115;"CURITIBA";"Falta de Atenção à Condução";"Colisão traseira";"Com Vítimas Feridas";"Pleno dia";"Decrescente";"Céu Claro";"Dupla";"Reta";"Sim";2;0;2;0;0;0;2;2;"-25.544559";"-49.30146";"SR-PR";"DEL7/1";"UOP01/PR"
186971;2019-01-23;"quarta-feira";"13:15:00";"MG";381;477;"CONTAGEM";"Falta de Atenção à Condução";"Colisão traseira";"Com Vítimas Feridas";"Pleno dia";"Decrescente";"Céu Claro";"Dupla";"Reta";"Sim";5;0;1;0;3;1;1;2;"-19.9605";"-44.0357";"SR-MG";"DEL4/1";"UOP03/MG"
186972;2019-01-23;"quarta-feira";"13:42:00";"PR";163;284;"MARECHAL CANDIDO RONDON";"Falta de Atenção à Condução";"Colisão lateral";"Com Vítimas Feridas";"Pleno dia";"Decrescente";"Céu Claro";"Simples";"Rotatória";"Sim";4;0;0;1;1;2;1;2;"-24.5495";"-54.0421";"SR-PR";"DEL7/6";"UOP04/PR"
186973;2019-01-23;"quarta-feira";"11:30:00";"RO";319;61,5;"PORTO VELHO";"Desobediência às normas de trânsito pelo condutor";"Colisão transversal";"Com Vítimas Feridas";"Pleno dia";"Crescente";"Sol";"Dupla";"Reta";"Sim";4;0;1;0;2;1;1;2;"-8.74024";"-63.892185";"SR-RO";"DEL21/1";"UOP01/RO"
186974;2019-01-23;"quarta-feira";"13:00:00";"RJ";356;14;"ITAPERUNA";"Falta de Atenção à Condução";"Colisão transversal";"Com Vítimas Feridas";"Pleno dia";"Decrescente";"Céu Claro";"Simples";"Reta";"Não";2;0;0;1;1;0;1;2;"-21.175032";"-42.097176";"SR-RJ";"DEL5/8";"UOP03/RJ"
186975;2019-01-23;"quarta-feira";"11:30:00";"CE";222;49,7;"SAO GONCALO DO AMARANTE";"Falta de Atenção à Condução";"Colisão frontal";"Com Vítimas Feridas";"Pleno dia";"Crescente";"Sol";"Simples";"Curva";"Não";6;0;5;0;1;0;5;2;"-3.667214";"-38.983643";"SR-CE";"DEL16/1";"UOP03/CE"
186976;2019-01-23;"quarta-feira";"13:45:00";"GO";60;449,5;"JATAI";"Defeito Mecânico no Veículo";"Capotamento";"Com Vítimas Feridas";"Pleno dia";"Decrescente";"Nublado";"Dupla";"Reta";"Não";1;0;1;0;0;0;1;1;"-17.8514";"-51.5158";"SR-GO";"DEL1/5";"UOP01/GO"
186977;2019-01-23;"quarta-feira";"13:10:00";"MT";163;748,8;"SORRISO";"Falta de Atenção à Condução";"Colisão traseira";"Com Vítimas Feridas";"Pleno dia";"Decrescente";"Céu Claro";"Dupla";"Reta";"Não";3;0;0;1;2;0;1;3;"-12.58191966";"-55.7335715";"SR-MT";"DEL2/6";"UOP01/MT"
186978;2019-01-23;"quarta-feira";"14:40:00";"PR";376;306;"MAUA DA SERRA";"Pista Escorregadia";"Saída de leito carroçável";"Com Vítimas Feridas";"Pleno dia";"Crescente";"Chuva";"Dupla";"Curva";"Não";1;0;1;0;0;0;1;1;"-23.93497133";"-51.1267662";"SR-PR";"DEL7/7";"UOP02/PR"
186979;2019-01-23;"quarta-feira";"14:20:00";"RJ";101;398;"ITAGUAI";"Falta de Atenção à Condução";"Saída de leito carroçável";"Com Vítimas Feridas";"Pleno dia";"Crescente";"Céu Claro";"Dupla";"Curva";"Não";1;0;1;0;0;0;1;1;"-22.867878";"-43.748631";"SR-RJ";"DEL5/3";"UOP01/RJ"
186980;2019-01-23;"quarta-feira";"13:30:00";"RJ";40;115,8;"DUQUE DE CAXIAS";"Falta de Atenção à Condução";"Colisão lateral";"Com Vítimas Feridas";"Pleno dia";"Crescente";"Sol";"Múltipla";"Reta";"Não";2;0;1;0;0;1;1;2;"-22.7374";"-43.2883";"SR-RJ";"DEL5/1";"UOP01/RJ"
186981;2019-01-23;"quarta-feira";"14:35:00";"RS";290;94;"PORTO ALEGRE";"Falta de Atenção à Condução";"Colisão traseira";"Com Vítimas Feridas";"Pleno dia";"Crescente";"Céu Claro";"Dupla";"Curva";"Sim";2;0;2;0;0;0;2;2;"-29.973856";"-51.197853";"SR-RS";"DEL9/1";"UOP01/RS"
186982;2019-01-23;"quarta-feira";"13:15:00";"GO";50;278,6;"CATALAO";"Falta de Atenção à Condução";"Colisão transversal";"Com Vítimas Feridas";"Pleno dia";"Decrescente";"Céu Claro";"Simples";"Não Informado";"Sim";2;0;1;1;0;0;2;2;"-18.1696";"-47.92";"SR-GO";"DEL1/6";"UOP01/GO"
186983;2019-01-23;"quarta-feira";"12:40:00";"PR";153;18;"JACAREZINHO";"Falta de Atenção à Condução";"Tombamento";"Com Vítimas Feridas";"Pleno dia";"Crescente";"Céu Claro";"Simples";"Reta";"Sim";1;0;0;1;0;0;1;1;"-23.150551";"-49.954391";"SR-PR";"DEL7/7";"UOP07/PR"
186984;2019-01-23;"quarta-feira";"14:20:00";"MG";50;105;"UBERABA";"Defeito Mecânico no Veículo";"Colisão traseira";"Com Vítimas Feridas";"Pleno dia";"Decrescente";"Céu Claro";"Dupla";"Reta";"Não";2;0;0;1;1;0;1;2;"-19.1897";"-48.1547";"SR-MG";"DEL13";"UOP01/MG"
186985;2019-01-23;"quarta-feira";"13:10:00";"PB";230;153;"CAMPINA GRANDE";"Carga excessiva e/ou mal acondicionada";"Capotamento";"Com Vítimas Fatais";"Pleno dia";"Decrescente";"Céu Claro";"Simples";"Curva";"Não";1;1;0;0;0;0;0;1;"-7.2763";"-35.8887";"SR-PB";"DEL14/2";"UOP01/PB"
186986;2019-01-23;"quarta-feira";"15:00:00";"MG";262;855;"CAMPO FLORIDO";"Falta de Atenção à Condução";"Colisão traseira";"Com Vítimas Feridas";"Pleno dia";"Crescente";"Sol";"Dupla";"Reta";"Não";3;0;2;0;1;0;2;2;"-19.77727104";"-48.48894596";"SR-MG";"DEL13";"UOP01/MG"
186987;2019-01-23;"quarta-feira";"14:20:00";"PR";369;133;"IBIPORA";"Desobediência às normas de trânsito pelo condutor";"Colisão transversal";"Com Vítimas Feridas";"Pleno dia";"Crescente";"Céu Claro";"Dupla";"Interseção de vias";"Não";2;0;2;0;0;0;2;2;"-23.26063274";"-51.01273477";"SR-PR";"DEL7/7";"UOP01/PR"
186989;2019-01-23;"quarta-feira";"15:20:00";"MG";116;274,3;"TEOFILO OTONI";"Desobediência às normas de trânsito pelo condutor";"Colisão transversal";"Com Vítimas Feridas";"Pleno dia";"Crescente";"Sol";"Dupla";"Não Informado";"Sim";3;0;1;0;2;0;1;2;"-17.83450891";"-41.51125073";"SR-MG";"DEL4/11";"UOP01/MG"
186990;2019-01-23;"quarta-feira";"14:20:00";"SC";101;435,2;"SOMBRIO";"Sinalização da via insuficiente ou inadequada";"Colisão transversal";"Com Vítimas Feridas";"Pleno dia";"Crescente";"Céu Claro";"Simples";"Interseção de vias";"Sim";2;0;1;0;1;0;1;2;"-29.107";"-49.6369";"SR-SC";"DEL8/2";"UOP02/SC"
186992;2019-01-23;"quarta-feira";"15:00:00";"MA";10;262,5;"IMPERATRIZ";"Não guardar distância de segurança";"Colisão transversal";"Com Vítimas Feridas";"Pleno dia";"Decrescente";"Céu Claro";"Simples";"Reta";"Sim";2;0;1;0;1;0;1;2;"-5.445326";"-47.472542";"SR-MA";"DEL18/4";"UOP01/MA"
186993;2019-01-23;"quarta-feira";"15:40:00";"MG";153;172;"COMENDADOR GOMES";"Defeito Mecânico no Veículo";"Tombamento";"Com Vítimas Feridas";"Pleno dia";"Decrescente";"Céu Claro";"Simples";"Reta";"Não";2;0;1;0;1;0;1;1;"-19.82614163";"-48.96606445";"SR-MG";"DEL13";"UOP02/MG"
186994;2019-01-23;"quarta-feira";"14:30:00";"CE";222;10,9;"CAUCAIA";"Condutor Dormindo";"Atropelamento de Pedestre";"Com Vítimas Feridas";"Pleno dia";"Crescente";"Céu Claro";"Simples";"Reta";"Sim";3;0;2;1;0;0;3;1;"-3.757749";"-38.646118";"SR-CE";"DEL16/1";"UOP01/CE"
186995;2019-01-23;"quarta-feira";"15:20:00";"BA";116;555;"NOVA ITARANA";"Ultrapassagem Indevida";"Capotamento";"Com Vítimas Feridas";"Pleno dia";"Decrescente";"Céu Claro";"Simples";"Reta";"Não";1;0;0;1;0;0;1;1;"-12.933118";"-39.900309";"SR-BA";"DEL10/3";"UOP02/BA"
186998;2019-01-23;"quarta-feira";"16:50:00";"PR";376;379;"IMBAU";"Defeito Mecânico no Veículo";"Colisão com objeto estático";"Com Vítimas Feridas";"Pleno dia";"Decrescente";"Nublado";"Simples";"Curva";"Não";4;0;1;3;0;0;4;2;"-24.395989";"-50.783348";"SR-PR";"DEL7/3";"UOP05/PR"
187000;2019-01-23;"quarta-feira";"16:00:00";"SP";116;139;"SAO JOSE DOS CAMPOS";"Falta de Atenção à Condução";"Capotamento";"Com Vítimas Feridas";"Pleno dia";"Crescente";"Céu Claro";"Dupla";"Reta";"Não";1;0;1;0;0;0;1;1;"-23.161556";"-45.804054";"SR-SP";"DEL6";"UOP02/SP"
187001;2019-01-23;"quarta-feira";"17:10:00";"SC";470;2,4;"NAVEGANTES";"Falta de Atenção à Condução";"Colisão transversal";"Com Vítimas Feridas";"Pleno dia";"Crescente";"Sol";"Simples";"Reta";"Não";2;0;1;0;1;0;1;2;"-26.868551";"-48.674831";"SR-SC";"DEL8/4";"UOP04/SC"
187002;2019-01-23;"quarta-feira";"11:00:00";"RS";386;445;"CANOAS";"Falta de Atenção à Condução";"Saída de leito carroçável";"Sem Vítimas";"Pleno dia";"Decrescente";"Céu Claro";"Dupla";"Reta";"Sim";1;0;0;0;0;1;0;1;"-29.892885";"-51.192703";"SR-RS";"DEL9/1";"UOP01/RS"
187003;2019-01-23;"quarta-feira";"16:50:00";"RJ";493;1,5;"ITABORAI";"Desobediência às normas de trânsito pelo condutor";"Colisão frontal";"Com Vítimas Feridas";"Pleno dia";"Crescente";"Céu Claro";"Simples";"Reta";"Não";4;0;0;1;2;1;1;2;"-22.763901";"-42.927532";"SR-RJ";"DEL5/4";"UOP02/RJ"
187005;2019-01-23;"quarta-feira";"17:50:00";"RS";116;248;"SAO LEOPOLDO";"Falta de Atenção à Condução";"Colisão traseira";"Com Vítimas Feridas";"Pleno dia";"Decrescente";"Chuva";"Dupla";"Reta";"Sim";2;0;1;0;1;0;1;2;"-29.776119";"-51.155102";"SR-RS";"DEL9/1";"UOP02/RS"
187006;2019-01-23;"quarta-feira";"16:45:00";"RJ";40;117;"DUQUE DE CAXIAS";"Falta de Atenção à Condução";"Colisão traseira";"Com Vítimas Feridas";"Pleno dia";"Decrescente";"Nublado";"Dupla";"Reta";"Sim";1;0;1;0;0;0;1;1;"-22.7556";"-43.2871";"SR-RJ";"DEL5/1";"UOP01/RJ"
187007;2019-01-23;"quarta-feira";"17:15:00";"RJ";101;415;"ITAGUAI";"Falta de Atenção à Condução";"Colisão transversal";"Com Vítimas Feridas";"Pleno dia";"Decrescente";"Céu Claro";"Dupla";"Interseção de vias";"Não";7;0;5;0;1;1;5;2;"-22.903904";"-43.872597";"SR-RJ";"DEL5/3";"UOP01/RJ"
187009;2019-01-23;"quarta-feira";"14:30:00";"RJ";101;308;"SAO GONCALO";"Agressão Externa";"Colisão com objeto estático";"Com Vítimas Feridas";"Pleno dia";"Decrescente";"Céu Claro";"Dupla";"Reta";"Sim";1;0;1;0;0;0;1;1;"-22.793098";"-43.024815";"SR-RJ";"DEL5/2";"UOP02/RJ"
187010;2019-01-23;"quarta-feira";"16:40:00";"PI";343;335,2;"TERESINA";"Desobediência às normas de trânsito pelo condutor";"Colisão transversal";"Com Vítimas Feridas";"Pleno dia";"Decrescente";"Céu Claro";"Simples";"Curva";"Sim";7;0;6;0;1;0;6;2;"-5.061626";"-42.696655";"SR-PI";"DEL17/1";"UOP01/PI"
187012;2019-01-23;"quarta-feira";"18:20:00";"SC";470;135,1;"RIO DO SUL";"Falta de Atenção à Condução";"Colisão transversal";"Com Vítimas Feridas";"Pleno dia";"Crescente";"Sol";"Simples";"Interseção de vias";"Sim";3;0;1;1;1;0;2;2;"-27.188492";"-49.61232";"SR-SC";"DEL8/4";"UOP02/SC"
187013;2019-01-23;"quarta-feira";"18:30:00";"SP";116;406;"MIRACATU";"Falta de Atenção à Condução";"Capotamento";"Com Vítimas Feridas";"Pleno dia";"Decrescente";"Céu Claro";"Dupla";"Reta";"Não";2;0;1;0;1;0;1;1;"-24.3264";"-47.5634";"SR-SP";"DEL6/4";"UOP03/SP"
187014;2019-01-03;"quinta-feira";"11:00:00";"BA";110;340;"ALAGOINHAS";"Falta de Atenção à Condução";"Colisão lateral";"Com Vítimas Feridas";"Pleno dia";"Decrescente";"Sol";"Simples";"Interseção de vias";"Sim";3;0;2;0;1;0;2;2;"-12.16188442";"-38.41628596";"SR-BA";"DEL10/1";"UOP04/BA"
187015;2019-01-23;"quarta-feira";"15:20:00";"CE";222;3,6;"CAUCAIA";"Não guardar distância de segurança";"Colisão traseira";"Com Vítimas Feridas";"Pleno dia";"Decrescente";"Céu Claro";"Dupla";"Reta";"Sim";2;0;1;0;0;1;1;2;"-3.74118749";"-38.60145092";"SR-CE";"DEL16/1";"UOP01/CE"
187016;2019-01-23;"quarta-feira";"18:30:00";"SP";116;115;"TAUBATE";"Defeito Mecânico no Veículo";"Queda de ocupante de veículo";"Com Vítimas Feridas";"Pleno dia";"Decrescente";"Sol";"Dupla";"Reta";"Sim";1;0;1;0;0;0;1;1;"-23.049601";"-45.599728";"SR-SP";"DEL6";"UOP02/SP"
187017;2019-01-23;"quarta-feira";"15:30:00";"PR";487;147;"TUNEIRAS DO OESTE";"Velocidade Incompatível";"Saída de leito carroçável";"Com Vítimas Feridas";"Pleno dia";"Crescente";"Céu Claro";"Simples";"Não Informado";"Não";1;0;1;0;0;0;1;1;"-23.921835";"-52.721981";"SR-PR";"DEL7/4";"UOP05/PR"
187018;2019-01-23;"quarta-feira";"19:40:00";"CE";116;1,2;"FORTALEZA";"Falta de Atenção à Condução";"Colisão traseira";"Com Vítimas Feridas";"Plena Noite";"Crescente";"Nublado";"Dupla";"Reta";"Sim";2;0;1;0;1;0;1;2;"-3.7704";"-38.5169";"SR-CE";"DEL16/1";"UOP02/CE"
187019;2019-01-23;"quarta-feira";"19:00:00";"SE";101;162,6;"ESTANCIA";"Falta de Atenção do Pedestre";"Atropelamento de Pedestre";"Com Vítimas Fatais";"Plena Noite";"Crescente";"Céu Claro";"Simples";"Reta";"Não";3;1;0;0;2;0;0;1;"-11.2414";"-37.4316";"SR-SE";"DEL20/2";"UOP01/SE"
187020;2019-01-23;"quarta-feira";"19:25:00";"PB";101;37,9;"MAMANGUAPE";"Ingestão de Álcool";"Colisão traseira";"Com Vítimas Feridas";"Plena Noite";"Crescente";"Céu Claro";"Dupla";"Reta";"Sim";6;0;2;0;4;0;2;3;"-6.8221";"-35.1384";"SR-PB";"DEL14/1";"UOP04/PB"
187021;2019-01-23;"quarta-feira";"17:55:00";"SC";101;140;"ITAPEMA";"Desobediência às normas de trânsito pelo condutor";"Colisão traseira";"Com Vítimas Feridas";"Pleno dia";"Decrescente";"Nublado";"Dupla";"Não Informado";"Não";2;0;1;0;1;0;1;2;"-27.0478";"-48.5981";"SR-SC";"DEL8/4";"UOP03/SC"
187023;2019-01-23;"quarta-feira";"19:30:00";"PA";316;98,8;"SANTA MARIA DO PARA";"Desobediência às normas de trânsito pelo condutor";"Atropelamento de Pedestre";"Com Vítimas Feridas";"Plena Noite";"Crescente";"Céu Claro";"Simples";"Não Informado";"Não";2;0;1;0;1;0;1;1;"-1.328786";"-47.639122";"SR-PA";"DEL19/1";"UOP03/PA"
187024;2019-01-20;"domingo";"01:53:00";"PR";476;177,7;"CONTENDA";"Falta de Atenção à Condução";"Tombamento";"Com Vítimas Feridas";"Plena Noite";"Crescente";"Ignorado";"Simples";"Reta";"Não";1;0;0;1;0;0;1;1;"-25.696129";"-49.563389";"SR-PR";"DEL7/1";"UOP04/PR"
187025;2019-01-23;"quarta-feira";"20:45:00";"ES";101;309,7;"VIANA";"Velocidade Incompatível";"Saída de leito carroçável";"Com Vítimas Feridas";"Plena Noite";"Decrescente";"Céu Claro";"Simples";"Reta";"Sim";2;0;2;0;0;0;2;1;"-20.42158723";"-40.45974299";"SR-ES";"DEL12/3";"UOP01/ES"
187026;2019-01-23;"quarta-feira";"21:15:00";"ES";101;269,7;"SERRA";"Desobediência às normas de trânsito pelo condutor";"Colisão transversal";"Com Vítimas Feridas";"Plena Noite";"Crescente";"Céu Claro";"Múltipla";"Interseção de vias";"Sim";2;0;0;1;1;0;1;2;"-20.1138176";"-40.3218432";"SR-ES";"DEL12/2";"UOP01/ES"
187027;2019-01-23;"quarta-feira";"15:45:00";"MG";381;788;"SAO GONCALO DO SAPUCAI";"Ultrapassagem Indevida";"Tombamento";"Com Vítimas Feridas";"Pleno dia";"Decrescente";"Céu Claro";"Dupla";"Reta";"Não";2;0;1;0;1;0;1;2;"-21.8709";"-45.5386";"SR-MG";"DEL09";"UOP02/MG"
187028;2019-01-23;"quarta-feira";"17:30:00";"PI";135;362;"BOM JESUS";"Defeito na Via";"Colisão frontal";"Com Vítimas Feridas";"Pleno dia";"Crescente";"Céu Claro";"Simples";"Reta";"Não";5;0;1;4;0;0;5;2;"-9.142803";"-44.40498";"SR-PI";"DEL17/3";"UOP02/PI"
187029;2019-01-23;"quarta-feira";"21:20:00";"RJ";116;172;"SAO JOAO DE MERITI";"Velocidade Incompatível";"Colisão traseira";"Com Vítimas Feridas";"Plena Noite";"Decrescente";"Céu Claro";"Dupla";"Reta";"Sim";2;0;1;0;1;0;1;2;"-22.801882";"-43.350437";"SR-RJ";"DEL5/1";"UOP02/RJ"
187030;2019-01-23;"quarta-feira";"21:20:00";"SC";470;140,5;"RIO DO SUL";"Falta de Atenção à Condução";"Colisão frontal";"Com Vítimas Feridas";"Plena Noite";"Crescente";"Nublado";"Simples";"Reta";"Sim";2;0;0;1;1;0;1;2;"-27.19588078";"-49.62607026";"SR-SC";"DEL8/4";"UOP02/SC"
187031;2019-01-23;"quarta-feira";"20:45:00";"MG";50;174;"UBERABA";"Falta de Atenção à Condução";"Colisão traseira";"Com Vítimas Feridas";"Plena Noite";"Crescente";"Céu Claro";"Dupla";"Não Informado";"Sim";4;0;1;2;1;0;3;2;"-19.7787";"-47.97";"SR-MG";"DEL13";"UOP01/MG"
187033;2019-01-23;"quarta-feira";"20:30:00";"CE";116;54,7;"PACAJUS";"Desobediência às normas de trânsito pelo condutor";"Colisão frontal";"Com Vítimas Fatais";"Plena Noite";"Decrescente";"Céu Claro";"Simples";"Reta";"Não";2;1;0;0;1;0;0;2;"-4.2132";"-38.4734";"SR-CE";"DEL16/3";"UOP02/CE"
187035;2019-01-23;"quarta-feira";"22:21:00";"SC";470;51;"BLUMENAU";"Falta de Atenção à Condução";"Colisão transversal";"Sem Vítimas";"Plena Noite";"Crescente";"Céu Claro";"Simples";"Interseção de vias";"Não";2;0;0;0;2;0;0;2;"-26.862339";"-49.084038";"SR-SC";"DEL8/4";"UOP01/SC"
187036;2019-01-23;"quarta-feira";"22:05:00";"SC";116;219;"CORREIA PINTO";"Falta de Atenção à Condução";"Colisão transversal";"Com Vítimas Feridas";"Plena Noite";"Decrescente";"Chuva";"Simples";"Rotatória";"Sim";2;0;0;1;1;0;1;2;"-27.58060635";"-50.36815166";"SR-SC";"DEL8/5";"UOP03/SC"
187038;2019-01-23;"quarta-feira";"21:15:00";"SC";280;27,2;"ARAQUARI";"Falta de Atenção à Condução";"Colisão transversal";"Com Vítimas Feridas";"Plena Noite";"Decrescente";"Nublado";"Simples";"Reta";"Não";5;0;3;1;0;1;4;2;"-26.3981068";"-48.74104857";"SR-SC";"DEL8/3";"UOP03/SC"
187039;2019-01-23;"quarta-feira";"21:40:00";"BA";407;5;"JUAZEIRO";"Desobediência às normas de trânsito pelo condutor";"Colisão traseira";"Com Vítimas Feridas";"Plena Noite";"Decrescente";"Céu Claro";"Simples";"Reta";"Sim";3;0;1;1;1;0;2;2;"-9.447785";"-40.490437";"SR-PE";"DEL11/6";"UOP01/PE"
187040;2019-01-23;"quarta-feira";"20:30:00";"RJ";116;95;"GUAPIMIRIM";"Falta de Atenção à Condução";"Colisão frontal";"Com Vítimas Feridas";"Plena Noite";"Decrescente";"Céu Claro";"Simples";"Curva";"Não";2;0;1;0;1;0;1;2;"-22.473751";"-43.001179";"SR-RJ";"DEL5/4";"UOP02/RJ"
187042;2019-01-23;"quarta-feira";"23:30:00";"ES";101;267,8;"SERRA";"Desobediência às normas de trânsito pelo condutor";"Colisão traseira";"Com Vítimas Feridas";"Plena Noite";"Decrescente";"Céu Claro";"Dupla";"Interseção de vias";"Sim";2;0;0;1;1;0;1;2;"-20.20728884";"-40.26940053";"SR-ES";"DEL12/2";"UOP01/ES"
187043;2019-01-23;"quarta-feira";"23:15:00";"SC";101;400;"MARACAJA";"Não guardar distância de segurança";"Colisão traseira";"Com Vítimas Feridas";"Plena Noite";"Crescente";"Nublado";"Dupla";"Desvio Temporário";"Não";1;0;1;0;0;0;1;1;"-28.8581";"-49.4417";"SR-SC";"DEL8/2";"UOP02/SC"
187044;2019-01-23;"quarta-feira";"22:30:00";"TO";153;243;"COLINAS DO TOCANTINS";"Falta de Atenção do Pedestre";"Atropelamento de Pedestre";"Com Vítimas Fatais";"Plena Noite";"Decrescente";"Céu Claro";"Simples";"Reta";"Não";2;1;0;0;1;0;0;1;"-8.021123";"-48.465488";"SR-TO";"UOP04/TO";""
187045;2019-01-23;"quarta-feira";"23:00:00";"RJ";116;229,3;"PIRAI";"Animais na Pista";"Atropelamento de Animal";"Sem Vítimas";"Plena Noite";"Decrescente";"Céu Claro";"Dupla";"Reta";"Não";2;0;0;0;2;0;0;1;"-22.66629385";"-43.8457489";"SR-RJ";"DEL5/7";"UOP01/RJ"
187047;2019-01-23;"quarta-feira";"22:30:00";"ES";262;192,5;"IUNA";"Ultrapassagem Indevida";"Colisão lateral";"Sem Vítimas";"Plena Noite";"Decrescente";"Céu Claro";"Simples";"Reta";"Não";2;0;0;0;2;0;0;2;"-20.2893";"-41.7516";"SR-ES";"DEL12/1";"UOP02/ES"
187048;2019-01-23;"quarta-feira";"20:00:00";"PI";343;509;"AMARANTE";"Animais na Pista";"Atropelamento de Animal";"Com Vítimas Feridas";"Plena Noite";"Crescente";"Céu Claro";"Simples";"Reta";"Não";2;0;0;1;1;0;1;2;"-6.27198";"-42.816929";"SR-PI";"DEL17/3";"UOP01/PI"
187051;2019-01-24;"quinta-feira";"01:05:00";"SC";101;24,8;"JOINVILLE";"Ingestão de Álcool";"Colisão transversal";"Com Vítimas Feridas";"Plena Noite";"Crescente";"Céu Claro";"Simples";"Viaduto";"Sim";2;0;1;0;1;0;1;2;"-26.1837";"-48.9105";"SR-SC";"DEL8/3";"UOP01/SC"
187052;2019-01-24;"quinta-feira";"01:25:00";"RS";116;260,1;"CANOAS";"Ingestão de Álcool";"Saída de leito carroçável";"Sem Vítimas";"Plena Noite";"Decrescente";"Nublado";"Múltipla";"Reta";"Não";1;0;0;0;1;0;0;1;"-29.87914185";"-51.18028348";"SR-RS";"DEL9/1";"UOP01/RS"
187054;2019-01-24;"quinta-feira";"02:40:00";"SP";153;284,7;"OCAUCU";"Condutor Dormindo";"Colisão traseira";"Com Vítimas Feridas";"Plena Noite";"Decrescente";"Céu Claro";"Simples";"Não Informado";"Não";2;0;0;1;1;0;1;2;"-22.448221";"-49.862461";"SR-SP";"DEL6/07";"UOP02/SP"
187055;2019-01-24;"quinta-feira";"00:00:00";"SC";282;248,5;"SAO JOSE DO CERRITO";"Pista Escorregadia";"Colisão frontal";"Com Vítimas Feridas";"Plena Noite";"Decrescente";"Chuva";"Simples";"Curva";"Não";1;0;0;1;0;0;1;1;"-27.711969";"-50.5327";"SR-SC";"DEL8/5";"UOP02/SC"
187056;2019-01-24;"quinta-feira";"01:40:00";"PR";376;615;"SAO JOSE DOS PINHAIS";"Falta de Atenção do Pedestre";"Atropelamento de Pedestre";"Com Vítimas Fatais";"Plena Noite";"Crescente";"Céu Claro";"Dupla";"Reta";"Sim";3;1;1;0;1;0;1;1;"-25.57457564";"-49.18004036";"SR-PR";"DEL7/1";"UOP01/PR"
187057;2019-01-24;"quinta-feira";"01:50:00";"SP";116;423,8;"REGISTRO";"Condutor Dormindo";"Colisão com objeto estático";"Com Vítimas Feridas";"Plena Noite";"Crescente";"Céu Claro";"Dupla";"Reta";"Não";3;0;2;0;1;0;2;1;"-24.35522889";"-47.66918421";"SR-SP";"DEL6/5";"UOP01/SP"
187058;2019-01-24;"quinta-feira";"02:45:00";"SP";116;568;"BARRA DO TURVO";"Velocidade Incompatível";"Tombamento";"Com Vítimas Feridas";"Plena Noite";"Crescente";"Nublado";"Dupla";"Não Informado";"Não";1;0;0;1;0;0;1;1;"-25.05325697";"-48.55682373";"SR-SP";"DEL6/5";"UOP03/SP"
187059;2019-01-24;"quinta-feira";"01:00:00";"MT";364;154,5;"PEDRA PRETA";"Animais na Pista";"Atropelamento de Animal";"Sem Vítimas";"Plena Noite";"Crescente";"Nublado";"Simples";"Reta";"Não";1;0;0;0;1;0;0;1;"-16.770771";"-54.243088";"SR-MT";"DEL2/2";"UOP01/MT"
187060;2019-01-24;"quinta-feira";"03:30:00";"PR";373;250;"GUAMIRANGA";"Falta de Atenção à Condução";"Saída de leito carroçável";"Com Vítimas Feridas";"Plena Noite";"Crescente";"Ignorado";"Simples";"Reta";"Não";3;0;0;2;1;0;2;1;"-25.19146054";"-50.82597256";"SR-PR";"DEL7/3";"UOP01/PR"
187062;2019-01-23;"quarta-feira";"18:55:00";"RO";174;14;"VILHENA";"Falta de Atenção à Condução";"Colisão transversal";"Com Vítimas Feridas";"Anoitecer";"Crescente";"Céu Claro";"Dupla";"Interseção de vias";"Sim";2;0;1;0;1;0;1;2;"-12.73089828";"-60.12952566";"SR-RO";"DEL21/4";"UOP01/RO"
187063;2019-01-24;"quinta-feira";"04:20:00";"SC";101;415,4;"ARARANGUA";"Ingestão de Álcool";"Colisão traseira";"Com Vítimas Feridas";"Plena Noite";"Decrescente";"Ignorado";"Simples";"Reta";"Sim";2;0;0;1;0;1;1;2;"-28.960487";"-49.516617";"SR-SC";"DEL8/2";"UOP02/SC"
187064;2019-01-24;"quinta-feira";"04:35:00";"PR";376;528,2;"PONTA GROSSA";"Falta de Atenção à Condução";"Colisão traseira";"Com Vítimas Feridas";"Plena Noite";"Crescente";"Nublado";"Dupla";"Reta";"Não";30;0;2;0;28;0;2;2;"-25.29699407";"-49.89582539";"SR-PR";"DEL7/3";"UOP03/PR"
187065;2019-01-24;"quinta-feira";"03:00:00";"MG";153;23,9;"CENTRALINA";"Condutor Dormindo";"Saída de leito carroçável";"Com Vítimas Feridas";"Plena Noite";"Decrescente";"Céu Claro";"Dupla";"Curva";"Não";1;0;1;0;0;0;1;1;"-18.61664008";"-49.19128418";"SR-MG";"DEL4/15";"UOP03/MG"