"id";"data_inversa";"dia_semana";"horario";"uf";"br";"km";"municipio";"causa_acidente";"tipo_acidente";"classificacao_acidente";"fase_dia";"sentido_via";"condicao_metereologica";"tipo_pista";"tracado_via";"uso_solo";"pessoas";"mortos";"feridos_leves";"feridos_graves";"ilesos";"ignorados";"feridos";"veiculos";"latitude";"longitude";"regional";"delegacia";"uop"
187066;2019-01-24;"quinta-feira";"04:30:00";"MG";153;23,9;"CENTRALINA";"Falta de Atenção à Condução";"Colisão traseira";"Com Vítimas Feridas";"Plena Noite";"Crescente";"Céu Claro";"Dupla";"Reta";"Não";3;0;1;0;1;1;1;2;"-18.6299";"-49.1844";"SR-MG";"DEL4/15";"UOP03/MG"
187067;2019-01-24;"quinta-feira";"04:30:00";"RS";116;117;"SAO MARCOS";"Desobediência às normas de trânsito pelo condutor";"Tombamento";"Com Vítimas Feridas";"Plena Noite";"Crescente";"Chuva";"Simples";"Curva";"Sim";1;0;1;0;0;0;1;1;"-28.983101";"-51.067612";"SR-RS";"DEL9/5";"UOP01/RS"
187068;2019-01-24;"quinta-feira";"05:50:00";"SC";470;135,1;"RIO DO SUL";"Falta de Atenção do Pedestre";"Atropelamento de Pedestre";"Com Vítimas Feridas";"Amanhecer";"Crescente";"Céu Claro";"Simples";"Interseção de vias";"Sim";3;0;0;1;2;0;1;2;"-27.188492";"-49.61232";"SR-SC";"DEL8/4";"UOP02/SC"
187069;2019-01-24;"quinta-feira";"03:30:00";"PE";101;68;"RECIFE";"Defeito Mecânico no Veículo";"Colisão com objeto estático";"Sem Vítimas";"Plena Noite";"Decrescente";"Céu Claro";"Dupla";"Reta";"Sim";1;0;0;0;1;0;0;1;"-8.0595";"-34.9458";"SR-PE";"DEL11/1";"UOP01/PE"
187070;2019-01-24;"quinta-feira";"05:30:00";"MS";163;610,3;"SAO GABRIEL DO OESTE";"Desobediência às normas de trânsito pelo condutor";"Colisão traseira";"Com Vítimas Fatais";"Plena Noite";"Decrescente";"Céu Claro";"Simples";"Não Informado";"Não";2;1;1;0;0;0;1;2;"-19.42223968";"-54.54883575";"SR-MS";"DEL3/6";"UOP02/MS"
187071;2019-01-24;"quinta-feira";"00:00:00";"MG";116;807,7;"ALEM PARAIBA";"Ingestão de Álcool";"Colisão frontal";"Com Vítimas Fatais";"Anoitecer";"Decrescente";"Céu Claro";"Simples";"Reta";"Não";2;1;0;0;1;0;0;2;"-21.82038913";"-42.68875122";"SR-MG";"DEL4/7";"UOP01/MG"
187073;2019-01-24;"quinta-feira";"05:20:00";"SC";101;91;"BARRA VELHA";"Ingestão de Álcool";"Saída de leito carroçável";"Sem Vítimas";"Plena Noite";"Crescente";"Céu Claro";"Simples";"Reta";"Não";1;0;0;0;1;0;0;1;"-26.6867";"-48.6953";"SR-SC";"DEL8/3";"UOP02/SC"
187074;2019-01-24;"quinta-feira";"02:50:00";"RN";304;210;"CAICARA DO RIO DO VENTO";"Condutor Dormindo";"Colisão traseira";"Com Vítimas Feridas";"Plena Noite";"Crescente";"Céu Claro";"Simples";"Não Informado";"Não";2;0;0;1;1;0;1;2;"-5.757041";"-35.988892";"SR-RN";"DEL15/1";"UOP03/RN"
187075;2019-01-24;"quinta-feira";"07:30:00";"ES";101;377;"ICONHA";"Falta de Atenção à Condução";"Queda de ocupante de veículo";"Com Vítimas Feridas";"Pleno dia";"Crescente";"Céu Claro";"Simples";"Reta";"Não";1;0;1;0;0;0;1;1;"-20.79463379";"-40.81129074";"SR-ES";"DEL12/3";"UOP01/ES"
187076;2019-01-24;"quinta-feira";"07:10:00";"SC";470;137,5;"RIO DO SUL";"Falta de Atenção à Condução";"Colisão transversal";"Com Vítimas Feridas";"Pleno dia";"Decrescente";"Céu Claro";"Simples";"Interseção de vias";"Sim";2;0;1;0;1;0;1;2;"-27.18344588";"-49.60235953";"SR-SC";"DEL8/4";"UOP02/SC"
187077;2019-01-23;"quarta-feira";"21:50:00";"PR";277;31,9;"MORRETES";"Condutor Dormindo";"Colisão traseira";"Com Vítimas Feridas";"Plena Noite";"Decrescente";"Nublado";"Dupla";"Não Informado";"Não";2;0;0;1;1;0;1;2;"-25.56122455";"-48.81071627";"SR-PR";"DEL7/1";"UOP07/PR"
187078;2019-01-24;"quinta-feira";"01:00:00";"RO";429;160;"SAO MIGUEL DO GUAPORE";"Ingestão de Álcool";"Queda de ocupante de veículo";"Com Vítimas Feridas";"Plena Noite";"Decrescente";"Céu Claro";"Simples";"Reta";"Sim";1;0;1;0;0;0;1;1;"-11.700977";"-62.722954";"SR-RO";"DEL21/2";"UOP03/RO"
187079;2019-01-24;"quinta-feira";"07:50:00";"SC";101;186;"BIGUACU";"Falta de Atenção à Condução";"Colisão com objeto estático";"Com Vítimas Feridas";"Pleno dia";"Decrescente";"Nublado";"Múltipla";"Curva";"Não";3;0;1;0;2;0;1;1;"-27.4432";"-48.6284";"SR-SC";"DEL8/1";"UOP01/SC"
187080;2019-01-24;"quinta-feira";"06:45:00";"RJ";116;187,5;"QUEIMADOS";"Condutor Dormindo";"Colisão lateral";"Com Vítimas Feridas";"Pleno dia";"Crescente";"Céu Claro";"Dupla";"Reta";"Não";3;0;1;0;2;0;1;2;"-22.73882327";"-43.53366852";"SR-RJ";"DEL5/1";"UOP03/RJ"
187081;2019-01-24;"quinta-feira";"07:50:00";"PR";369;90,2;"CORNELIO PROCOPIO";"Velocidade Incompatível";"Colisão traseira";"Com Vítimas Feridas";"Pleno dia";"Decrescente";"Céu Claro";"Dupla";"Reta";"Sim";2;0;0;1;1;0;1;2;"-23.19390002";"-50.65104425";"SR-PR";"DEL7/7";"UOP06/PR"
187083;2019-01-24;"quinta-feira";"07:45:00";"SC";282;223;"LAGES";"Não guardar distância de segurança";"Colisão traseira";"Com Vítimas Feridas";"Pleno dia";"Decrescente";"Nublado";"Simples";"Interseção de vias";"Sim";2;0;1;0;1;0;1;2;"-27.800127";"-50.362751";"SR-SC";"DEL8/5";"UOP01/SC"
187084;2019-01-24;"quinta-feira";"07:00:00";"PB";101;90;"JOAO PESSOA";"Falta de Atenção à Condução";"Queda de ocupante de veículo";"Com Vítimas Feridas";"Pleno dia";"Crescente";"Céu Claro";"Dupla";"Reta";"Sim";1;0;1;0;0;0;1;1;"-7.1896";"-34.9035";"SR-PB";"DEL14/1";"UOP02/PB"
187085;2019-01-24;"quinta-feira";"07:25:00";"MS";163;483,5;"CAMPO GRANDE";"Falta de Atenção à Condução";"Colisão traseira";"Com Vítimas Feridas";"Pleno dia";"Decrescente";"Sol";"Simples";"Reta";"Sim";2;0;1;0;1;0;1;2;"-20.4555777";"-54.544494";"SR-MS";"DEL3/1";"UOP02/MS"
187086;2019-01-24;"quinta-feira";"07:10:00";"PA";308;157;"CAPANEMA";"Desobediência às normas de trânsito pelo condutor";"Colisão lateral";"Com Vítimas Feridas";"Pleno dia";"Crescente";"Céu Claro";"Simples";"Curva";"Não";4;0;1;0;1;2;1;4;"-1.21064";"-47.182743";"SR-PA";"DEL19/1";"UOP04/PA"
187087;2019-01-24;"quinta-feira";"08:00:00";"SC";101;206,5;"SAO JOSE";"Não guardar distância de segurança";"Colisão com objeto estático";"Sem Vítimas";"Pleno dia";"Crescente";"Chuva";"Múltipla";"Reta";"Sim";2;0;0;0;2;0;0;2;"-27.6001";"-48.6225";"SR-SC";"DEL8/1";"UOP01/SC"
187088;2019-01-24;"quinta-feira";"06:55:00";"SC";101;209,9;"SAO JOSE";"Falta de Atenção à Condução";"Colisão traseira";"Com Vítimas Feridas";"Pleno dia";"Decrescente";"Chuva";"Dupla";"Interseção de vias";"Sim";2;0;1;0;1;0;1;2;"-27.61431795";"-48.64290303";"SR-SC";"DEL8/1";"UOP01/SC"
187089;2019-01-24;"quinta-feira";"08:20:00";"SC";101;211;"PALHOCA";"Falta de Atenção à Condução";"Queda de ocupante de veículo";"Com Vítimas Feridas";"Pleno dia";"Crescente";"Chuva";"Múltipla";"Reta";"Não";1;0;1;0;0;0;1;1;"-27.6301";"-48.659";"SR-SC";"DEL8/1";"UOP02/SC"
187090;2019-01-24;"quinta-feira";"07:38:00";"PB";230;32;"BAYEUX";"Falta de Atenção à Condução";"Tombamento";"Com Vítimas Feridas";"Pleno dia";"Decrescente";"Céu Claro";"Dupla";"Reta";"Não";4;0;2;0;1;1;2;3;"-7.143";"-34.9192";"SR-PB";"DEL14/1";"UOP01/PB"
187092;2019-01-24;"quinta-feira";"06:50:00";"SP";116;279,9;"EMBU DAS ARTES";"Falta de Atenção à Condução";"Colisão traseira";"Com Vítimas Feridas";"Amanhecer";"Decrescente";"Céu Claro";"Dupla";"Reta";"Sim";3;0;2;0;1;0;2;2;"-23.643467";"-46.83900412";"SR-SP";"DEL6/4";"UOP01/SP"
187093;2019-01-24;"quinta-feira";"08:40:00";"SC";101;213;"PALHOCA";"Não guardar distância de segurança";"Colisão lateral";"Com Vítimas Feridas";"Pleno dia";"Decrescente";"Chuva";"Múltipla";"Reta";"Sim";2;0;1;0;1;0;1;2;"-27.6446";"-48.6705";"SR-SC";"DEL8/1";"UOP02/SC"
187094;2019-01-24;"quinta-feira";"08:40:00";"SP";116;131;"CACAPAVA";"Defeito Mecânico no Veículo";"Queda de ocupante de veículo";"Com Vítimas Feridas";"Pleno dia";"Decrescente";"Céu Claro";"Dupla";"Reta";"Não";1;0;1;0;0;0;1;1;"-23.127428";"-45.736378";"SR-SP";"DEL6";"UOP02/SP"
187095;2019-01-24;"quinta-feira";"06:20:00";"ES";101;266;"SERRA";"Desobediência às normas de trânsito pelo condutor";"Colisão transversal";"Com Vítimas Feridas";"Amanhecer";"Crescente";"Céu Claro";"Múltipla";"Interseção de vias";"Sim";3;0;1;1;1;0;2;2;"-20.19360519";"-40.26857441";"SR-ES";"DEL12/2";"UOP01/ES"
187097;2019-01-24;"quinta-feira";"09:00:00";"ES";101;143;"LINHARES";"Falta de Atenção à Condução";"Colisão traseira";"Com Vítimas Feridas";"Pleno dia";"Decrescente";"Sol";"Dupla";"Reta";"Sim";2;0;1;0;1;0;1;2;"-19.36613416";"-40.06507874";"SR-ES";"DEL12/4";"UOP01/ES"
187098;2019-01-24;"quinta-feira";"08:11:00";"RJ";101;316;"SAO GONCALO";"Defeito Mecânico no Veículo";"Incêndio";"Sem Vítimas";"Pleno dia";"Crescente";"Céu Claro";"Dupla";"Reta";"Não";1;0;0;0;1;0;0;1;"-22.828388";"-43.092102";"SR-RJ";"DEL5/2";"UOP02/RJ"
187101;2019-01-24;"quinta-feira";"06:08:00";"RJ";101;324;"NITEROI";"Defeito Mecânico no Veículo";"Tombamento";"Com Vítimas Feridas";"Amanhecer";"Decrescente";"Céu Claro";"Dupla";"Reta";"Não";2;0;1;0;1;0;1;1;"-22.873808";"-43.126438";"SR-RJ";"DEL5/2";"UOP01/RJ"
187102;2019-01-24;"quinta-feira";"08:55:00";"MG";40;769;"JUIZ DE FORA";"Velocidade Incompatível";"Tombamento";"Com Vítimas Feridas";"Pleno dia";"Crescente";"Céu Claro";"Simples";"Reta";"Não";1;0;0;1;0;0;1;1;"-21.619";"-43.4549";"SR-MG";"DEL5";"UOP01/MG"
187104;2019-01-18;"sexta-feira";"20:00:00";"MS";163;79;"ITAQUIRAI";"Ingestão de Álcool";"Colisão frontal";"Com Vítimas Feridas";"Plena Noite";"Decrescente";"Chuva";"Simples";"Curva";"Não";2;0;0;1;1;0;1;2;"-23.465796";"-54.190964";"SR-MS";"DEL3/09";"UOP01/MS"
187105;2019-01-24;"quinta-feira";"07:30:00";"PA";316;34;"SANTA IZABEL DO PARA";"Desobediência às normas de trânsito pelo condutor";"Colisão transversal";"Sem Vítimas";"Amanhecer";"Crescente";"Céu Claro";"Dupla";"Reta";"Sim";2;0;0;0;2;0;0;2;"-1.289763";"-48.156025";"SR-PA";"DEL19/1";"UOP01/PA"
187110;2019-01-24;"quinta-feira";"09:40:00";"MG";50;151;"UBERABA";"Defeito Mecânico no Veículo";"Saída de leito carroçável";"Com Vítimas Feridas";"Pleno dia";"Crescente";"Céu Claro";"Dupla";"Reta";"Não";4;0;4;0;0;0;4;1;"-19.57499441";"-48.03226948";"SR-MG";"DEL13";"UOP01/MG"
187111;2019-01-24;"quinta-feira";"09:00:00";"PR";376;587,8;"CURITIBA";"Defeito Mecânico no Veículo";"Tombamento";"Sem Vítimas";"Pleno dia";"Decrescente";"Céu Claro";"Dupla";"Não Informado";"Sim";1;0;0;0;1;0;0;1;"-25.43009786";"-49.36504841";"SR-PR";"DEL7/1";"UOP04/PR"
187112;2019-01-24;"quinta-feira";"09:20:00";"PE";101;48,6;"ABREU E LIMA";"Falta de Atenção à Condução";"Colisão lateral";"Com Vítimas Feridas";"Pleno dia";"Crescente";"Céu Claro";"Múltipla";"Reta";"Sim";4;0;2;0;2;0;2;2;"-7.898";"-34.9025";"SR-PE";"DEL11/1";"UOP02/PE"
187113;2019-01-24;"quinta-feira";"04:00:00";"PA";230;724;"MEDICILANDIA";"Carga excessiva e/ou mal acondicionada";"Danos eventuais";"Sem Vítimas";"Amanhecer";"Decrescente";"Nublado";"Simples";"Ponte";"Não";1;0;0;0;1;0;0;1;"-3.46407419";"-52.92938232";"SR-PA";"DEL19/4";"UOP01/PA"
187115;2019-01-24;"quinta-feira";"09:55:00";"ES";262;16,9;"VIANA";"Falta de Atenção à Condução";"Colisão traseira";"Com Vítimas Feridas";"Pleno dia";"Decrescente";"Sol";"Simples";"Reta";"Sim";3;0;1;0;2;0;1;2;"-20.38576779";"-40.47112319";"SR-ES";"DEL12/1";"UOP01/ES"
187116;2019-01-24;"quinta-feira";"09:10:00";"SP";116;228;"SAO PAULO";"Falta de Atenção à Condução";"Colisão lateral";"Com Vítimas Feridas";"Pleno dia";"Crescente";"Sol";"Múltipla";"Não Informado";"Sim";3;0;2;0;1;0;2;2;"-23.5027222";"-46.5661736";"SR-SP";"DEL6/1";"UOP01/SP"
187120;2019-01-24;"quinta-feira";"10:10:00";"RN";405;2;"MOSSORO";"Falta de Atenção à Condução";"Colisão transversal";"Com Vítimas Feridas";"Pleno dia";"Crescente";"Céu Claro";"Dupla";"Reta";"Sim";3;0;3;0;0;0;3;2;"-5.192827";"-37.371124";"SR-RN";"DEL15/4";"UOP02/RN"
187122;2019-01-24;"quinta-feira";"11:00:00";"SC";101;186,2;"BIGUACU";"Falta de Atenção à Condução";"Colisão traseira";"Com Vítimas Feridas";"Pleno dia";"Decrescente";"Chuva";"Dupla";"Reta";"Não";3;0;1;0;2;0;1;2;"-27.4432";"-48.6284";"SR-SC";"DEL8/1";"UOP01/SC"
187123;2019-01-24;"quinta-feira";"10:00:00";"ES";101;293,3;"CARIACICA";"Falta de Atenção à Condução";"Colisão transversal";"Com Vítimas Feridas";"Pleno dia";"Crescente";"Céu Claro";"Dupla";"Reta";"Sim";3;0;0;1;2;0;1;3;"-20.31809306";"-40.39646214";"SR-ES";"DEL12/1";"UOP01/ES"
187124;2019-01-24;"quinta-feira";"09:45:00";"PB";230;17,1;"JOAO PESSOA";"Não guardar distância de segurança";"Engavetamento";"Sem Vítimas";"Pleno dia";"Decrescente";"Céu Claro";"Dupla";"Reta";"Sim";5;0;0;0;4;1;0;5;"-7.1121";"-34.8426";"SR-PB";"DEL14/1";"UOP01/PB"
187125;2019-01-24;"quinta-feira";"10:30:00";"AL";316;195,9;"MARIBONDO";"Falta de Atenção à Condução";"Saída de leito carroçável";"Com Vítimas Feridas";"Pleno dia";"Crescente";"Céu Claro";"Simples";"Reta";"Não";4;0;2;0;0;2;2;3;"-9.56876413";"-36.35954261";"SR-AL";"DEL13/3";"UOP01/AL"
187126;2019-01-24;"quinta-feira";"09:10:00";"MG";262;56,5;"MANHUACU";"Falta de Atenção à Condução";"Saída de leito carroçável";"Com Vítimas Feridas";"Pleno dia";"Crescente";"Céu Claro";"Simples";"Reta";"Não";1;0;1;0;0;0;1;1;"-20.26896";"-42.1824125";"SR-MG";"DEL4/6";"UOP04/MG"
187128;2019-01-24;"quinta-feira";"11:00:00";"RJ";356;66;"ITAPERUNA";"Condutor Dormindo";"Colisão com objeto estático";"Com Vítimas Feridas";"Pleno dia";"Crescente";"Céu Claro";"Simples";"Ponte";"Não";1;0;1;0;0;0;1;1;"-21.356379";"-41.708946";"SR-RJ";"DEL5/8";"UOP03/RJ"
187130;2019-01-24;"quinta-feira";"12:15:00";"SC";101;133;"BALNEARIO CAMBORIU";"Falta de Atenção à Condução";"Saída de leito carroçável";"Com Vítimas Feridas";"Pleno dia";"Crescente";"Chuva";"Dupla";"Reta";"Sim";2;0;1;0;1;0;1;1;"-27.0021";"-48.6362";"SR-SC";"DEL8/4";"UOP03/SC"
187131;2019-01-24;"quinta-feira";"11:25:00";"ES";101;188;"ARACRUZ";"Falta de Atenção à Condução";"Saída de leito carroçável";"Sem Vítimas";"Pleno dia";"Crescente";"Céu Claro";"Simples";"Curva";"Não";1;0;0;0;1;0;0;1;"-19.68220745";"-40.27181804";"SR-ES";"DEL12/4";"UOP01/ES"
187132;2019-01-24;"quinta-feira";"10:10:00";"MT";364;385,7;"SANTO ANTONIO DO LEVERGER";"Não guardar distância de segurança";"Colisão traseira";"Sem Vítimas";"Pleno dia";"Crescente";"Céu Claro";"Simples";"Reta";"Não";2;0;0;0;2;0;0;2;"-15.702424";"-55.809483";"SR-MT";"DEL2/1";"UOP01/MT"
187133;2019-01-24;"quinta-feira";"10:00:00";"SP";116;276,1;"EMBU DAS ARTES";"Defeito Mecânico no Veículo";"Queda de ocupante de veículo";"Com Vítimas Feridas";"Pleno dia";"Crescente";"Chuva";"Dupla";"Reta";"Sim";1;0;1;0;0;0;1;1;"-23.64689768";"-46.84095562";"SR-SP";"DEL6/4";"UOP01/SP"
187134;2019-01-24;"quinta-feira";"09:30:00";"MT";364;266,6;"JACIARA";"Velocidade Incompatível";"Colisão lateral";"Com Vítimas Fatais";"Pleno dia";"Crescente";"Céu Claro";"Simples";"Não Informado";"Sim";2;1;0;0;1;0;0;2;"-15.995973";"-54.922596";"SR-MT";"DEL2/1";"UOP02/MT"
187135;2019-01-24;"quinta-feira";"08:30:00";"BA";242;351,1;"LENCOIS";"Carga excessiva e/ou mal acondicionada";"Tombamento";"Com Vítimas Feridas";"Pleno dia";"Crescente";"Céu Claro";"Simples";"Curva";"Não";1;0;0;1;0;0;1;1;"-12.492483";"-41.328094";"SR-BA";"DEL10/6";"UOP01/BA"
187136;2019-01-24;"quinta-feira";"12:30:00";"GO";158;257,9;"JATAI";"Velocidade Incompatível";"Saída de leito carroçável";"Com Vítimas Feridas";"Pleno dia";"Crescente";"Nublado";"Simples";"Desvio Temporário";"Não";1;0;0;1;0;0;1;1;"-17.79905284";"-51.79337653";"SR-GO";"DEL1/5";"UOP01/GO"
187137;2019-01-24;"quinta-feira";"12:45:00";"RS";101;81,4;"OSORIO";"Não guardar distância de segurança";"Colisão traseira";"Com Vítimas Feridas";"Pleno dia";"Crescente";"Chuva";"Dupla";"Curva";"Não";3;0;2;0;1;0;2;2;"-29.841";"-50.2465";"SR-RS";"DEL9/3";"UOP01/RS"
187138;2019-01-24;"quinta-feira";"12:10:00";"ES";101;269;"SERRA";"Falta de Atenção à Condução";"Colisão transversal";"Sem Vítimas";"Pleno dia";"Crescente";"Céu Claro";"Dupla";"Reta";"Sim";2;0;0;0;2;0;0;2;"-20.23014258";"-40.27290886";"SR-ES";"DEL12/2";"UOP01/ES"
187139;2019-01-24;"quinta-feira";"13:10:00";"RS";116;2;"PORTO ALEGRE";"Falta de Atenção à Condução";"Colisão lateral";"Com Vítimas Feridas";"Pleno dia";"Crescente";"Nublado";"Dupla";"Reta";"Sim";2;0;1;0;0;1;1;1;"-29.98553464";"-51.18162677";"SR-RS";"DEL9/5";"UOP03/RS"
187140;2019-01-08;"terça-feira";"09:00:00";"MG";262;380,7;"JUATUBA";"Velocidade Incompatível";"Saída de leito carroçável";"Sem Vítimas";"Pleno dia";"Crescente";"Sol";"Dupla";"Curva";"Não";1;0;0;0;0;1;0;1;"-19.9356";"-44.4406";"SR-MG";"DEL4/1";"UOP03/MG"
187141;2019-01-24;"quinta-feira";"11:20:00";"SC";280;6,1;"SAO FRANCISCO DO SUL";"Desobediência às normas de trânsito pelo condutor";"Colisão traseira";"Com Vítimas Feridas";"Pleno dia";"Decrescente";"Nublado";"Simples";"Reta";"Sim";2;0;1;0;1;0;1;2;"-26.265701";"-48.633633";"SR-SC";"DEL8/3";"UOP03/SC"
187142;2019-01-24;"quinta-feira";"13:05:00";"SC";101;181;"BIGUACU";"Pista Escorregadia";"Saída de leito carroçável";"Com Vítimas Feridas";"Pleno dia";"Crescente";"Chuva";"Dupla";"Reta";"Não";1;0;1;0;0;0;1;1;"-27.3989";"-48.63";"SR-SC";"DEL8/1";"UOP01/SC"
187143;2019-01-24;"quinta-feira";"13:45:00";"PR";277;590;"CASCAVEL";"Mal Súbito";"Colisão frontal";"Com Vítimas Feridas";"Pleno dia";"Crescente";"Céu Claro";"Simples";"Reta";"Sim";3;0;1;1;1;0;2;2;"-25.02817";"-53.55983";"SR-PR";"DEL7/4";"UOP01/PR"
187144;2019-01-24;"quinta-feira";"13:45:00";"SC";101;206,7;"SAO JOSE";"Ultrapassagem Indevida";"Colisão lateral";"Com Vítimas Feridas";"Pleno dia";"Crescente";"Chuva";"Dupla";"Reta";"Sim";2;0;0;1;1;0;1;2;"-27.59699539";"-48.62019008";"SR-SC";"DEL8/1";"UOP01/SC"
187145;2019-01-24;"quinta-feira";"13:20:00";"PR";376;175,1;"MARINGA";"Desobediência às normas de trânsito pelo condutor";"Colisão lateral";"Com Vítimas Feridas";"Pleno dia";"Decrescente";"Sol";"Múltipla";"Interseção de vias";"Sim";2;0;0;1;1;0;1;2;"-23.41115363";"-51.93992615";"SR-PR";"DEL7/7";"UOP04/PR"
187146;2019-01-24;"quinta-feira";"12:20:00";"SC";101;129;"BALNEARIO CAMBORIU";"Falta de Atenção à Condução";"Colisão com objeto estático";"Com Vítimas Feridas";"Pleno dia";"Crescente";"Chuva";"Dupla";"Reta";"Sim";1;0;1;0;0;0;1;1;"-26.984";"-48.6695";"SR-SC";"DEL8/4";"UOP03/SC"
187147;2019-01-24;"quinta-feira";"13:30:00";"SC";101;127;"ITAJAI";"Não guardar distância de segurança";"Colisão lateral";"Com Vítimas Feridas";"Pleno dia";"Crescente";"Nublado";"Dupla";"Reta";"Sim";3;0;1;1;1;0;2;3;"-26.973";"-48.6828";"SR-SC";"DEL8/4";"UOP04/SC"
187148;2019-01-24;"quinta-feira";"12:55:00";"BA";324;610,6;"SIMOES FILHO";"Não guardar distância de segurança";"Colisão traseira";"Com Vítimas Feridas";"Pleno dia";"Decrescente";"Céu Claro";"Dupla";"Reta";"Não";1;0;1;0;0;0;1;1;"-12.844195";"-38.416352";"SR-BA";"DEL10/1";"UOP01/BA"
187149;2019-01-12;"sábado";"21:25:00";"MA";316;612,8;"TIMON";"Falta de Atenção à Condução";"Colisão traseira";"Com Vítimas Feridas";"Plena Noite";"Crescente";"Nublado";"Simples";"Desvio Temporário";"Não";2;0;0;1;1;0;1;2;"-5.075141";"-42.859455";"SR-MA";"DEL18/3";"UOP02/MA"
187150;2019-01-24;"quinta-feira";"13:00:00";"MG";365;581;"INDIANOPOLIS";"Falta de Atenção à Condução";"Colisão transversal";"Com Vítimas Feridas";"Pleno dia";"Decrescente";"Sol";"Simples";"Reta";"Não";2;0;0;1;1;0;1;2;"-18.87713";"-47.94545";"SR-MG";"DEL4/15";"UOP02/MG"
187152;2019-01-24;"quinta-feira";"13:30:00";"SP";116;148;"SAO JOSE DOS CAMPOS";"Falta de Atenção à Condução";"Colisão traseira";"Com Vítimas Feridas";"Pleno dia";"Decrescente";"Céu Claro";"Simples";"Reta";"Sim";4;0;1;0;2;1;1;3;"-23.200743";"-45.879574";"SR-SP";"DEL6/2";"UOP01/SP"
187153;2019-01-24;"quinta-feira";"14:00:00";"SC";282;52,5;"RANCHO QUEIMADO";"Pista Escorregadia";"Colisão transversal";"Com Vítimas Feridas";"Pleno dia";"Decrescente";"Chuva";"Simples";"Curva";"Não";4;0;3;0;1;0;3;2;"-27.696936";"-48.964138";"SR-SC";"DEL8/1";"UOP03/SC"
187154;2019-01-24;"quinta-feira";"12:30:00";"PI";135;553;"SAO GONCALO DO GURGUEIA";"Defeito na Via";"Saída de leito carroçável";"Com Vítimas Feridas";"Pleno dia";"Decrescente";"Chuva";"Simples";"Curva";"Não";3;0;1;0;2;0;1;1;"-10.126957";"-45.223969";"SR-PI";"DEL17/3";"UOP02/PI"
187156;2019-01-24;"quinta-feira";"12:15:00";"AL";101;113;"PILAR";"Velocidade Incompatível";"Saída de leito carroçável";"Com Vítimas Feridas";"Pleno dia";"Crescente";"Céu Claro";"Simples";"Curva";"Não";1;0;0;1;0;0;1;1;"-9.628554";"-36.030724";"SR-AL";"DEL13/2";"UOP01/AL"
187159;2019-01-24;"quinta-feira";"11:30:00";"RO";364;339,2;"JI-PARANA";"Falta de Atenção à Condução";"Colisão traseira";"Com Vítimas Feridas";"Pleno dia";"Decrescente";"Céu Claro";"Simples";"Reta";"Sim";2;0;1;0;1;0;1;2;"-10.916935";"-61.929855";"SR-RO";"DEL21/2";"UOP01/RO"
187160;2019-01-24;"quinta-feira";"14:30:00";"ES";101;288;"CARIACICA";"Defeito Mecânico no Veículo";"Incêndio";"Sem Vítimas";"Pleno dia";"Crescente";"Céu Claro";"Dupla";"Reta";"Sim";1;0;0;0;1;0;0;1;"-20.27490953";"-40.3923763";"SR-ES";"DEL12/1";"UOP01/ES"
187161;2019-01-24;"quinta-feira";"15:10:00";"RS";287;249,1;"SANTA MARIA";"Falta de Atenção à Condução";"Colisão frontal";"Com Vítimas Feridas";"Pleno dia";"Crescente";"Céu Claro";"Simples";"Reta";"Sim";4;0;2;0;2;0;2;2;"-29.69502425";"-53.8575983";"SR-RS";"DEL9/9";"UOP01/RS"
187162;2019-01-24;"quinta-feira";"13:30:00";"PR";376;628,5;"SAO JOSE DOS PINHAIS";"Falta de Atenção à Condução";"Saída de leito carroçável";"Com Vítimas Feridas";"Pleno dia";"Decrescente";"Céu Claro";"Dupla";"Não Informado";"Não";1;0;0;1;0;0;1;1;"-25.7237895";"-49.13577318";"SR-PR";"DEL7/1";"UOP08/PR"
187164;2019-01-24;"quinta-feira";"14:45:00";"MG";116;417,1;"GOVERNADOR VALADARES";"Falta de Atenção à Condução";"Colisão transversal";"Com Vítimas Feridas";"Pleno dia";"Crescente";"Céu Claro";"Simples";"Reta";"Sim";2;0;1;0;1;0;1;2;"-18.89778612";"-41.94692915";"SR-MG";"DEL4/6";"UOP01/MG"
187165;2019-01-24;"quinta-feira";"10:30:00";"BA";324;463;"CANDEAL";"Avarias e/ou desgaste excessivo no pneu";"Capotamento";"Com Vítimas Feridas";"Pleno dia";"Decrescente";"Céu Claro";"Simples";"Curva";"Não";1;0;1;0;0;0;1;1;"-11.9408606";"-39.2138239";"SR-BA";"DEL10/2";"UOP01/BA"
187166;2019-01-24;"quinta-feira";"14:07:00";"RS";392;8,9;"RIO GRANDE";"Falta de Atenção à Condução";"Colisão transversal";"Sem Vítimas";"Pleno dia";"Crescente";"Céu Claro";"Simples";"Curva";"Não";2;0;0;0;2;0;0;2;"-32.11096845";"-52.11218834";"SR-RS";"DEL9/7";"UOP02/RS"
187167;2019-01-24;"quinta-feira";"14:35:00";"MS";60;370,4;"CAMPO GRANDE";"Falta de Atenção à Condução";"Colisão frontal";"Com Vítimas Feridas";"Pleno dia";"Decrescente";"Nublado";"Simples";"Reta";"Não";8;0;1;1;5;1;2;3;"-20.56778";"-54.68785";"SR-MS";"DEL3/1";"UOP03/MS"