"id";"data_inversa";"dia_semana";"horario";"uf";"br";"km";"municipio";"causa_acidente";"tipo_acidente";"classificacao_acidente";"fase_dia";"sentido_via";"condicao_metereologica";"tipo_pista";"tracado_via";"uso_solo";"pessoas";"mortos";"feridos_leves";"feridos_graves";"ilesos";"ignorados";"feridos";"veiculos";"latitude";"longitude";"regional";"delegacia";"uop"
187168;2019-01-24;"quinta-feira";"14:26:00";"GO";153;542;"HIDROLANDIA";"Ingestão de Álcool";"Saída de leito carroçável";"Com Vítimas Feridas";"Pleno dia";"Decrescente";"Céu Claro";"Dupla";"Reta";"Não";1;0;1;0;0;0;1;1;"-17.0727";"-49.2238";"SR-GO";"DEL1/1";"UOP03/GO"
187169;2019-01-24;"quinta-feira";"14:45:00";"GO";153;508;"APARECIDA DE GOIANIA";"Defeito Mecânico no Veículo";"Tombamento";"Com Vítimas Feridas";"Pleno dia";"Crescente";"Céu Claro";"Dupla";"Reta";"Sim";1;0;1;0;0;0;1;1;"-16.7804";"-49.2371";"SR-GO";"DEL1/1";"UOP03/GO"
187170;2019-01-24;"quinta-feira";"15:00:00";"GO";153;507,9;"APARECIDA DE GOIANIA";"Não guardar distância de segurança";"Colisão traseira";"Com Vítimas Feridas";"Pleno dia";"Crescente";"Sol";"Múltipla";"Reta";"Sim";2;0;0;1;1;0;1;2;"-16.76920666";"-49.23930645";"SR-GO";"DEL1/1";"UOP03/GO"
187171;2019-01-24;"quinta-feira";"15:15:00";"RJ";101;328;"RIO DE JANEIRO";"Não guardar distância de segurança";"Colisão traseira";"Com Vítimas Feridas";"Pleno dia";"Decrescente";"Sol";"Dupla";"Reta";"Não";2;0;1;0;1;0;1;2;"-22.870275";"-43.165936";"SR-RJ";"DEL5/2";"UOP01/RJ"
187172;2019-01-24;"quinta-feira";"15:40:00";"MG";381;482,5;"BETIM";"Falta de Atenção à Condução";"Tombamento";"Com Vítimas Feridas";"Pleno dia";"Decrescente";"Sol";"Dupla";"Reta";"Não";1;0;0;1;0;0;1;1;"-19.9578";"-44.0795";"SR-MG";"DEL4/1";"UOP03/MG"
187173;2019-01-04;"sexta-feira";"11:00:00";"BA";101;13;"RIO REAL";"Falta de Atenção à Condução";"Capotamento";"Com Vítimas Feridas";"Pleno dia";"Crescente";"Céu Claro";"Dupla";"Reta";"Não";2;0;1;1;0;0;2;1;"-11.5894";"-37.8764";"SR-SE";"DEL20/2";"UOP03/SE"
187174;2019-01-24;"quinta-feira";"14:30:00";"BA";324;478;"TANQUINHO";"Avarias e/ou desgaste excessivo no pneu";"Saída de leito carroçável";"Com Vítimas Feridas";"Pleno dia";"Crescente";"Chuva";"Simples";"Curva";"Não";1;0;1;0;0;0;1;1;"-11.9839159";"-39.0847264";"SR-BA";"DEL10/2";"UOP01/BA"
187175;2019-01-24;"quinta-feira";"15:00:00";"BA";116;672;"JEQUIE";"Falta de Atenção à Condução";"Colisão traseira";"Com Vítimas Feridas";"Pleno dia";"Crescente";"Sol";"Simples";"Reta";"Não";2;0;0;1;1;0;1;2;"-13.85188361";"-40.11415612";"SR-BA";"DEL10/3";"UOP01/BA"
187176;2019-01-24;"quinta-feira";"10:00:00";"PB";230;386;"SAO BENTINHO";"Condutor Dormindo";"Colisão lateral";"Com Vítimas Feridas";"Pleno dia";"Crescente";"Céu Claro";"Simples";"Curva";"Não";3;0;1;0;2;0;1;2;"-6.9052";"-37.6851";"SR-PB";"DEL14/3";"UOP02/PB"
187179;2019-01-24;"quinta-feira";"16:32:00";"PR";277;98;"CURITIBA";"Falta de Atenção à Condução";"Colisão traseira";"Com Vítimas Feridas";"Pleno dia";"Crescente";"Chuva";"Dupla";"Reta";"Sim";3;0;1;0;2;0;1;2;"-25.43242327";"-49.40002441";"SR-PR";"DEL7/1";"UOP04/PR"
187180;2019-01-24;"quinta-feira";"10:50:00";"RO";364;690;"CANDEIAS DO JAMARI";"Defeito Mecânico no Veículo";"Saída de leito carroçável";"Sem Vítimas";"Pleno dia";"Crescente";"Nublado";"Simples";"Reta";"Não";1;0;0;0;1;0;0;1;"-8.79579601";"-63.68185839";"SR-RO";"DEL21/1";"UOP01/RO"
187181;2019-01-24;"quinta-feira";"15:30:00";"PA";155;335;"MARABA";"Falta de Atenção à Condução";"Colisão traseira";"Sem Vítimas";"Pleno dia";"Decrescente";"Céu Claro";"Simples";"Reta";"Não";4;0;0;0;4;0;0;2;"-5.441071";"-49.076";"SR-PA";"DEL19/3";"UOP01/PA"
187182;2019-01-17;"quinta-feira";"08:30:00";"PA";308;151;"CAPANEMA";"Falta de Atenção à Condução";"Colisão transversal";"Com Vítimas Feridas";"Pleno dia";"Decrescente";"Sol";"Simples";"Reta";"Sim";3;0;1;0;2;0;1;2;"-1.21064";"-47.182743";"SR-PA";"DEL19/1";"UOP04/PA"
187183;2019-01-24;"quinta-feira";"11:30:00";"RO";364;68,5;"VILHENA";"Velocidade Incompatível";"Saída de leito carroçável";"Sem Vítimas";"Pleno dia";"Crescente";"Chuva";"Simples";"Desvio Temporário";"Não";2;0;0;0;2;0;0;1;"-12.484755";"-60.494205";"SR-RO";"DEL21/4";"UOP03/RO"
187184;2019-01-24;"quinta-feira";"16:30:00";"SC";101;175;"BIGUACU";"Avarias e/ou desgaste excessivo no pneu";"Saída de leito carroçável";"Com Vítimas Feridas";"Pleno dia";"Decrescente";"Garoa/Chuvisco";"Dupla";"Curva";"Não";1;0;1;0;0;0;1;1;"-27.347";"-48.6328";"SR-SC";"DEL8/1";"UOP01/SC"
187185;2019-01-24;"quinta-feira";"17:10:00";"PR";369;202,1;"APUCARANA";"Não guardar distância de segurança";"Colisão traseira";"Com Vítimas Feridas";"Pleno dia";"Crescente";"Céu Claro";"Simples";"Reta";"Sim";2;0;1;0;1;0;1;2;"-23.543587";"-51.454573";"SR-PR";"DEL7/7";"UOP03/PR"
187186;2019-01-24;"quinta-feira";"14:11:00";"MG";381;936,2;"EXTREMA";"Falta de Atenção à Condução";"Colisão com objeto estático";"Sem Vítimas";"Pleno dia";"Crescente";"Chuva";"Dupla";"Não Informado";"Não";1;0;0;0;1;0;0;1;"-22.80842642";"-46.27881289";"SR-MG";"DEL09";"UOP03/MG"
187187;2019-01-24;"quinta-feira";"17:00:00";"ES";101;220;"IBIRACU";"Falta de Atenção à Condução";"Queda de ocupante de veículo";"Com Vítimas Feridas";"Pleno dia";"Crescente";"Sol";"Dupla";"Reta";"Não";1;0;1;0;0;0;1;1;"-19.84050317";"-40.38474441";"SR-ES";"DEL12/2";"UOP01/ES"
187188;2019-01-24;"quinta-feira";"16:20:00";"MG";459;105,5;"POUSO ALEGRE";"Falta de Atenção à Condução";"Engavetamento";"Com Vítimas Feridas";"Pleno dia";"Crescente";"Nublado";"Dupla";"Viaduto";"Sim";8;0;3;0;5;0;3;6;"-22.227884";"-45.903973";"SR-MG";"DEL09";"UOP01/MG"
187190;2019-01-24;"quinta-feira";"17:00:00";"RS";392;121,6;"CANGUCU";"Falta de Atenção à Condução";"Saída de leito carroçável";"Com Vítimas Feridas";"Pleno dia";"Decrescente";"Céu Claro";"Simples";"Curva";"Não";1;0;1;0;0;0;1;1;"-31.391342";"-52.699188";"SR-RS";"DEL9/7";"UOP01/RS"
187191;2019-01-24;"quinta-feira";"09:10:00";"MT";174;554;"COMODORO";"Falta de Atenção à Condução";"Capotamento";"Sem Vítimas";"Pleno dia";"Decrescente";"Sol";"Simples";"Desvio Temporário";"Não";3;0;0;0;3;0;0;3;"-13.100101";"-59.88871";"SR-RO";"DEL21/4";"UOP01/RO"
187192;2019-01-24;"quinta-feira";"08:20:00";"MG";262;418,9;"PARA DE MINAS";"Falta de Atenção do Pedestre";"Atropelamento de Pedestre";"Com Vítimas Feridas";"Pleno dia";"Decrescente";"Céu Claro";"Dupla";"Reta";"Não";2;0;0;1;1;0;1;1;"-19.8827";"-44.7629";"SR-MG";"DEL4/8";"UOP03/MG"
187193;2019-01-24;"quinta-feira";"17:40:00";"RS";116;233,7;"NOVO HAMBURGO";"Desobediência às normas de trânsito pelo condutor";"Colisão transversal";"Com Vítimas Feridas";"Pleno dia";"Crescente";"Céu Claro";"Simples";"Reta";"Sim";2;0;1;0;1;0;1;2;"-29.641546";"-51.14259";"SR-RS";"DEL9/1";"UOP02/RS"
187194;2019-01-24;"quinta-feira";"17:40:00";"RJ";356;65;"ITAPERUNA";"Desobediência às normas de trânsito pelo condutor";"Colisão frontal";"Com Vítimas Fatais";"Pleno dia";"Decrescente";"Céu Claro";"Simples";"Curva";"Não";3;1;0;0;2;0;0;3;"-21.349068";"-41.713776";"SR-RJ";"DEL5/8";"UOP03/RJ"
187195;2019-01-24;"quinta-feira";"17:20:00";"CE";116;3;"FORTALEZA";"Falta de Atenção à Condução";"Queda de ocupante de veículo";"Com Vítimas Feridas";"Pleno dia";"Decrescente";"Céu Claro";"Dupla";"Reta";"Sim";2;0;1;0;1;0;1;2;"-3.7874";"-38.5109";"SR-CE";"DEL16/1";"UOP02/CE"
187196;2019-01-24;"quinta-feira";"17:00:00";"CE";222;244,2;"SOBRAL";"Desobediência às normas de trânsito pelo condutor";"Colisão traseira";"Sem Vítimas";"Pleno dia";"Crescente";"Chuva";"Simples";"Não Informado";"Não";3;0;0;0;3;0;0;3;"-3.749192";"-40.5079";"SR-CE";"DEL16/4";"UOP01/CE"
187197;2019-01-24;"quinta-feira";"17:20:00";"MS";163;476,2;"CAMPO GRANDE";"Falta de Atenção à Condução";"Colisão traseira";"Com Vítimas Feridas";"Pleno dia";"Decrescente";"Nublado";"Simples";"Reta";"Sim";2;0;1;0;1;0;1;2;"-20.5113288";"-54.5599341";"SR-MS";"DEL3/1";"UOP01/MS"
187198;2019-01-24;"quinta-feira";"16:20:00";"SP";116;27;"LAVRINHAS";"Falta de Atenção à Condução";"Colisão traseira";"Sem Vítimas";"Pleno dia";"Decrescente";"Nublado";"Múltipla";"Não Informado";"Não";2;0;0;0;2;0;0;2;"-22.620018";"-44.908443";"SR-SP";"DEL6/8";"UOP01/SP"
187199;2019-01-24;"quinta-feira";"14:00:00";"PR";476;242,6;"LAPA";"Pista Escorregadia";"Colisão frontal";"Com Vítimas Feridas";"Pleno dia";"Crescente";"Chuva";"Simples";"Curva";"Não";2;0;0;1;1;0;1;2;"-25.858768";"-50.08609";"SR-PR";"DEL7/2";"UOP03/PR"
187200;2019-01-24;"quinta-feira";"18:15:00";"SP";381;25,6;"BRAGANCA PAULISTA";"Velocidade Incompatível";"Tombamento";"Com Vítimas Feridas";"Pleno dia";"Crescente";"Nublado";"Dupla";"Reta";"Não";2;0;0;1;1;0;1;1;"-23.02022";"-46.529705";"SR-SP";"DEL6/3";"UOP01/SP"
187201;2019-01-24;"quinta-feira";"17:46:00";"SP";116;197;"ARUJA";"Velocidade Incompatível";"Colisão com objeto estático";"Sem Vítimas";"Pleno dia";"Decrescente";"Céu Claro";"Dupla";"Não Informado";"Sim";1;0;0;0;1;0;0;1;"-23.39439304";"-46.28802574";"SR-SP";"DEL6/1";"UOP02/SP"
187203;2019-01-24;"quinta-feira";"17:20:00";"CE";20;405;"CAUCAIA";"Falta de Atenção à Condução";"Queda de ocupante de veículo";"Com Vítimas Feridas";"Pleno dia";"Decrescente";"Céu Claro";"Dupla";"Reta";"Não";1;0;0;1;0;0;1;1;"-3.76999";"-38.670063";"SR-CE";"DEL16/1";"UOP01/CE"
187204;2019-01-24;"quinta-feira";"17:50:00";"PR";277;721,5;"FOZ DO IGUACU";"Falta de Atenção à Condução";"Colisão transversal";"Com Vítimas Feridas";"Pleno dia";"Decrescente";"Céu Claro";"Dupla";"Reta";"Sim";2;0;1;0;1;0;1;2;"-25.49332434";"-54.5168246";"SR-PR";"DEL7/5";"UOP01/PR"
187205;2019-01-24;"quinta-feira";"18:15:00";"RJ";116;220;"PIRAI";"Falta de Atenção do Pedestre";"Atropelamento de Pedestre";"Com Vítimas Fatais";"Plena Noite";"Decrescente";"Céu Claro";"Dupla";"Reta";"Não";3;1;0;0;2;0;0;1;"-22.700907";"-43.757046";"SR-RJ";"DEL5/7";"UOP01/RJ"
187206;2019-01-24;"quinta-feira";"18:55:00";"PR";277;714,3;"SANTA TEREZINHA DE ITAIPU";"Ingestão de Álcool";"Colisão traseira";"Sem Vítimas";"Pleno dia";"Decrescente";"Céu Claro";"Dupla";"Reta";"Não";2;0;0;0;2;0;0;2;"-25.46492";"-54.448963";"SR-PR";"DEL7/5";"UOP01/PR"
187207;2019-01-24;"quinta-feira";"16:10:00";"MG";40;515;"RIBEIRAO DAS NEVES";"Pista Escorregadia";"Queda de ocupante de veículo";"Com Vítimas Feridas";"Pleno dia";"Decrescente";"Céu Claro";"Dupla";"Reta";"Sim";1;0;0;1;0;0;1;1;"-19.819";"-44.0869";"SR-MG";"DEL4/1";"UOP03/MG"
187208;2019-01-24;"quinta-feira";"19:15:00";"GO";60;96,8;"ANAPOLIS";"Desobediência às normas de trânsito pelo condutor";"Colisão lateral";"Com Vítimas Feridas";"Anoitecer";"Crescente";"Céu Claro";"Dupla";"Reta";"Sim";2;0;2;0;0;0;2;2;"-16.371";"-48.9422";"SR-GO";"DEL1/2";"UOP01/GO"
187210;2019-01-24;"quinta-feira";"18:45:00";"SC";101;123,9;"ITAJAI";"Defeito Mecânico no Veículo";"Tombamento";"Com Vítimas Feridas";"Pleno dia";"Crescente";"Sol";"Dupla";"Reta";"Sim";1;0;1;0;0;0;1;1;"-26.9434";"-48.6917";"SR-SC";"DEL8/4";"UOP04/SC"
187211;2019-01-24;"quinta-feira";"18:20:00";"PR";476;278;"SAO MATEUS DO SUL";"Não guardar distância de segurança";"Colisão traseira";"Com Vítimas Feridas";"Pleno dia";"Decrescente";"Nublado";"Simples";"Reta";"Sim";2;0;1;0;1;0;1;2;"-25.868753";"-50.396477";"SR-PR";"DEL7/2";"UOP03/PR"
187213;2019-01-24;"quinta-feira";"18:45:00";"RJ";116;311;"ITATIAIA";"Agressão Externa";"Queda de ocupante de veículo";"Com Vítimas Feridas";"Pleno dia";"Decrescente";"Sol";"Dupla";"Reta";"Sim";1;0;1;0;0;0;1;1;"-22.460867";"-44.442963";"SR-RJ";"DEL5/7";"UOP03/RJ"
187214;2019-01-24;"quinta-feira";"18:40:00";"PE";232;30;"MORENO";"Falta de Atenção à Condução";"Colisão traseira";"Com Vítimas Fatais";"Plena Noite";"Crescente";"Céu Claro";"Múltipla";"Reta";"Não";2;1;0;0;1;0;0;2;"-8.110632";"-35.151997";"SR-PE";"DEL11/1";"UOP04/PE"
187215;2019-01-24;"quinta-feira";"16:45:00";"PB";230;59,4;"CRUZ DO ESPIRITO SANTO";"Defeito Mecânico no Veículo";"Tombamento";"Com Vítimas Feridas";"Pleno dia";"Crescente";"Sol";"Dupla";"Reta";"Não";2;0;0;2;0;0;2;1;"-7.2043";"-35.1305";"SR-PB";"DEL14/1";"UOP03/PB"
187217;2019-01-24;"quinta-feira";"18:45:00";"MA";10;241;"DAVINOPOLIS";"Ultrapassagem Indevida";"Colisão frontal";"Com Vítimas Feridas";"Anoitecer";"Decrescente";"Céu Claro";"Simples";"Reta";"Não";3;0;0;2;1;0;2;2;"-5.618424";"-47.413895";"SR-MA";"DEL18/4";"UOP01/MA"
187218;2019-01-24;"quinta-feira";"19:00:00";"AL";101;192;"JUNQUEIRO";"Falta de Atenção à Condução";"Capotamento";"Com Vítimas Feridas";"Plena Noite";"Decrescente";"Céu Claro";"Simples";"Curva";"Sim";5;0;5;0;0;0;5;1;"-9.93298474";"-36.47139072";"SR-AL";"DEL13/2";"UOP02/AL"
187219;2019-01-24;"quinta-feira";"18:30:00";"AL";316;34;"CANAPI";"Defeito Mecânico no Veículo";"Colisão frontal";"Com Vítimas Feridas";"Plena Noite";"Crescente";"Céu Claro";"Simples";"Reta";"Não";2;0;0;1;0;1;1;2;"-9.114003";"-37.617573";"SR-AL";"DEL13/3";"UOP02/AL"
187220;2019-01-24;"quinta-feira";"16:30:00";"SC";282;519,9;"XAXIM";"Falta de Atenção à Condução";"Colisão traseira";"Com Vítimas Feridas";"Pleno dia";"Crescente";"Sol";"Simples";"Reta";"Sim";4;0;1;0;3;0;1;3;"-26.95107054";"-52.52451897";"SR-SC";"DEL7";"UOP01/SC"
187222;2019-01-24;"quinta-feira";"17:30:00";"MG";116;416,8;"GOVERNADOR VALADARES";"Falta de Atenção à Condução";"Colisão transversal";"Com Vítimas Feridas";"Pleno dia";"Crescente";"Sol";"Simples";"Reta";"Sim";2;0;1;0;1;0;1;2;"-18.895851";"-41.947801";"SR-MG";"DEL4/6";"UOP01/MG"
187223;2019-01-24;"quinta-feira";"15:40:00";"MA";230;404;"BALSAS";"Falta de Atenção à Condução";"Tombamento";"Com Vítimas Feridas";"Pleno dia";"Decrescente";"Céu Claro";"Simples";"Reta";"Sim";2;0;1;0;0;1;1;2;"-7.5232582";"-46.04465269";"SR-MA";"DEL18/5";"UOP01/MA"
187224;2019-01-24;"quinta-feira";"19:20:00";"MG";40;40,2;"PARACATU";"Desobediência às normas de trânsito pelo pedestre";"Atropelamento de Pedestre";"Sem Vítimas";"Anoitecer";"Crescente";"Céu Claro";"Simples";"Curva";"Sim";3;0;0;0;1;2;0;1;"-17.21015";"-46.880947";"SR-MG";"DEL4/14";"UOP01/MG"
187225;2019-01-24;"quinta-feira";"19:40:00";"MT";163;1026;"PEIXOTO DE AZEVEDO";"Desobediência às normas de trânsito pelo condutor";"Colisão lateral";"Com Vítimas Feridas";"Plena Noite";"Crescente";"Céu Claro";"Simples";"Interseção de vias";"Sim";2;0;1;0;0;1;1;2;"-10.25673925";"-54.99902997";"SR-MT";"DEL2/6";"UOP02/MT"
187226;2019-01-24;"quinta-feira";"18:25:00";"RR";401;1;"BOA VISTA";"Falta de Atenção à Condução";"Colisão transversal";"Com Vítimas Feridas";"Plena Noite";"Decrescente";"Céu Claro";"Dupla";"Interseção de vias";"Sim";4;0;2;0;2;0;2;2;"2.802294";"-60.682434";"SR-RR";"UOP01/RR";""
187227;2019-01-24;"quinta-feira";"18:36:00";"RJ";101;293;"ITABORAI";"Falta de Atenção à Condução";"Tombamento";"Com Vítimas Feridas";"Anoitecer";"Crescente";"Nublado";"Dupla";"Reta";"Sim";1;0;0;1;0;0;1;1;"-22.756203";"-42.887241";"SR-RJ";"DEL5/2";"UOP02/RJ"
187228;2019-01-24;"quinta-feira";"19:00:00";"RN";110;46,3;"MOSSORO";"Ingestão de Álcool";"Colisão traseira";"Com Vítimas Feridas";"Plena Noite";"Decrescente";"Céu Claro";"Simples";"Reta";"Sim";2;0;1;1;0;0;2;2;"-5.197978";"-37.318398";"SR-RN";"DEL15/4";"UOP01/RN"
187229;2019-01-24;"quinta-feira";"20:00:00";"MG";381;559;"ITAGUARA";"Falta de Atenção à Condução";"Colisão lateral";"Com Vítimas Feridas";"Pleno dia";"Crescente";"Céu Claro";"Dupla";"Curva";"Não";2;0;1;0;1;0;1;2;"-20.3637";"-44.4681";"SR-MG";"DEL4/4";"UOP03/MG"
187230;2019-01-24;"quinta-feira";"19:50:00";"AL";104;91;"RIO LARGO";"Falta de Atenção à Condução";"Colisão traseira";"Com Vítimas Feridas";"Plena Noite";"Decrescente";"Céu Claro";"Dupla";"Reta";"Sim";4;0;2;0;2;0;2;2;"-9.51798902";"-35.80392838";"SR-AL";"DEL13/1";"UOP01/AL"
187231;2019-01-24;"quinta-feira";"20:15:00";"DF";20;20;"BRASILIA";"Falta de Atenção à Condução";"Saída de leito carroçável";"Com Vítimas Feridas";"Plena Noite";"Decrescente";"Céu Claro";"Dupla";"Reta";"Sim";1;0;1;0;0;0;1;1;"-15.607905";"-47.692791";"SR-DF";"DF";"UOP04/DF"
187232;2019-01-24;"quinta-feira";"17:15:00";"SC";163;2,5;"DIONISIO CERQUEIRA";"Falta de Atenção à Condução";"Colisão lateral";"Com Vítimas Fatais";"Pleno dia";"Crescente";"Nublado";"Simples";"Reta";"Sim";2;1;0;0;1;0;0;2;"-26.26738361";"-53.6373353";"SR-SC";"DEL7";"UOP04/SC"
187233;2019-01-24;"quinta-feira";"21:20:00";"SP";116;99,9;"PINDAMONHANGABA";"Falta de Atenção à Condução";"Queda de ocupante de veículo";"Com Vítimas Feridas";"Plena Noite";"Crescente";"Céu Claro";"Dupla";"Reta";"Não";2;0;1;0;0;1;1;1;"-22.98237";"-45.464367";"SR-SP";"DEL6";"UOP01/SP"
187234;2019-01-24;"quinta-feira";"21:10:00";"RS";472;120,5;"BOA VISTA DO BURICA";"Ultrapassagem Indevida";"Colisão lateral";"Com Vítimas Feridas";"Plena Noite";"Decrescente";"Céu Claro";"Simples";"Curva";"Não";3;0;1;1;1;0;2;2;"-27.68813581";"-54.158746";"SR-RS";"DEL9/10";"UOP01/RS"
187235;2019-01-24;"quinta-feira";"20:55:00";"MG";381;890,3;"CAMBUI";"Falta de Atenção à Condução";"Colisão lateral";"Com Vítimas Feridas";"Plena Noite";"Decrescente";"Céu Claro";"Dupla";"Reta";"Não";3;0;2;0;1;0;2;2;"-22.54097501";"-46.03746772";"SR-MG";"DEL09";"UOP03/MG"
187236;2019-01-24;"quinta-feira";"20:40:00";"PB";230;27;"JOAO PESSOA";"Defeito Mecânico no Veículo";"Colisão com objeto em movimento";"Com Vítimas Feridas";"Plena Noite";"Crescente";"Céu Claro";"Dupla";"Reta";"Sim";2;0;0;1;1;0;1;1;"-7.1677";"-34.8855";"SR-PB";"DEL14/1";"UOP01/PB"
187237;2019-01-24;"quinta-feira";"21:25:00";"MG";50;48;"ARAGUARI";"Falta de Atenção à Condução";"Queda de ocupante de veículo";"Com Vítimas Feridas";"Plena Noite";"Crescente";"Céu Claro";"Dupla";"Curva";"Não";1;0;1;0;0;0;1;1;"-18.72868914";"-48.21728826";"SR-MG";"DEL4/15";"UOP02/MG"
187238;2019-01-24;"quinta-feira";"19:30:00";"BA";324;551;"AMELIA RODRIGUES";"Falta de Atenção à Condução";"Colisão com objeto estático";"Sem Vítimas";"Plena Noite";"Decrescente";"Céu Claro";"Múltipla";"Reta";"Não";1;0;0;0;1;0;0;1;"-12.45161421";"-38.70823145";"SR-BA";"DEL10/1";"UOP01/BA"
187239;2019-01-24;"quinta-feira";"21:10:00";"PR";277;722;"FOZ DO IGUACU";"Desobediência às normas de trânsito pelo condutor";"Capotamento";"Com Vítimas Feridas";"Plena Noite";"Decrescente";"Céu Claro";"Dupla";"Reta";"Sim";1;0;0;1;0;0;1;1;"-25.50049923";"-54.53355789";"SR-PR";"DEL7/5";"UOP01/PR"
187240;2019-01-24;"quinta-feira";"21:00:00";"MG";40;463;"SETE LAGOAS";"Não guardar distância de segurança";"Queda de ocupante de veículo";"Com Vítimas Feridas";"Plena Noite";"Decrescente";"Céu Claro";"Dupla";"Não Informado";"Não";1;0;1;0;0;0;1;1;"-19.4369";"-44.3326";"SR-MG";"DEL4/2";"UOP01/MG"
187241;2019-01-24;"quinta-feira";"22:15:00";"RS";116;153,1;"CAXIAS DO SUL";"Desobediência às normas de trânsito pelo condutor";"Colisão transversal";"Com Vítimas Feridas";"Plena Noite";"Decrescente";"Céu Claro";"Múltipla";"Interseção de vias";"Não";2;0;0;1;1;0;1;2;"-29.185799";"-51.177132";"SR-RS";"DEL9/5";"UOP01/RS"
187242;2019-01-24;"quinta-feira";"12:10:00";"AC";364;222,5;"SENA MADUREIRA";"Velocidade Incompatível";"Capotamento";"Sem Vítimas";"Pleno dia";"Crescente";"Céu Claro";"Simples";"Reta";"Não";3;0;0;0;0;3;0;1;"-9.44186";"-68.398766";"SR-AC";"UOP01/AC";""
187243;2019-01-24;"quinta-feira";"21:11:00";"BA";324;603;"SIMOES FILHO";"Falta de Atenção à Condução";"Tombamento";"Com Vítimas Feridas";"Plena Noite";"Crescente";"Céu Claro";"Dupla";"Curva";"Sim";1;0;1;0;0;0;1;1;"-12.78293085";"-38.41375362";"SR-BA";"DEL10/1";"UOP01/BA"
187244;2019-01-24;"quinta-feira";"18:35:00";"BA";324;621;"SALVADOR";"Falta de Atenção do Pedestre";"Atropelamento de Pedestre";"Com Vítimas Feridas";"Plena Noite";"Decrescente";"Céu Claro";"Dupla";"Reta";"Sim";2;0;0;1;1;0;1;1;"-12.920644";"-38.466512";"SR-BA";"DEL10/1";"UOP01/BA"
187245;2019-01-24;"quinta-feira";"21:18:00";"MG";356;264,6;"MURIAE";"Falta de Atenção do Pedestre";"Atropelamento de Pedestre";"Com Vítimas Feridas";"Plena Noite";"Crescente";"Céu Claro";"Simples";"Não Informado";"Sim";2;0;0;1;1;0;1;1;"-21.12492492";"-42.38080236";"SR-MG";"DEL4/7";"UOP02/MG"
187246;2019-01-24;"quinta-feira";"22:40:00";"SC";101;122,7;"ITAJAI";"Ingestão de Álcool";"Colisão transversal";"Com Vítimas Fatais";"Plena Noite";"Crescente";"Nublado";"Dupla";"Reta";"Sim";2;1;0;0;1;0;0;2;"-26.93519381";"-48.70024681";"SR-SC";"DEL8/4";"UOP04/SC"
187247;2019-01-24;"quinta-feira";"22:50:00";"PR";376;180;"MARINGA";"Falta de Atenção à Condução";"Queda de ocupante de veículo";"Com Vítimas Feridas";"Plena Noite";"Decrescente";"Céu Claro";"Dupla";"Reta";"Sim";1;0;1;0;0;0;1;1;"-23.42607873";"-51.89718246";"SR-PR";"DEL7/7";"UOP04/PR"
187248;2019-01-24;"quinta-feira";"22:10:00";"SP";116;118,5;"TAUBATE";"Falta de Atenção do Pedestre";"Atropelamento de Pedestre";"Com Vítimas Fatais";"Plena Noite";"Crescente";"Céu Claro";"Dupla";"Reta";"Não";2;1;0;0;1;0;0;1;"-23.062664";"-45.626652";"SR-SP";"DEL6";"UOP02/SP"
187249;2019-01-24;"quinta-feira";"21:40:00";"PR";163;281,1;"QUATRO PONTES";"Falta de Atenção à Condução";"Colisão lateral";"Com Vítimas Feridas";"Plena Noite";"Crescente";"Céu Claro";"Simples";"Reta";"Não";3;0;2;0;1;0;2;2;"-24.5706";"-53.9995";"SR-PR";"DEL7/6";"UOP04/PR"
187250;2019-01-24;"quinta-feira";"22:40:00";"RS";290;101,2;"PORTO ALEGRE";"Falta de Atenção à Condução";"Tombamento";"Com Vítimas Feridas";"Plena Noite";"Crescente";"Nublado";"Dupla";"Reta";"Não";1;0;1;0;0;0;1;1;"-29.985779";"-51.246201";"SR-RS";"DEL9/1";"UOP01/RS"
187251;2019-01-24;"quinta-feira";"20:30:00";"GO";414;436,5;"COCALZINHO DE GOIAS";"Desobediência às normas de trânsito pelo condutor";"Colisão lateral";"Sem Vítimas";"Plena Noite";"Crescente";"Céu Claro";"Simples";"Não Informado";"Não";2;0;0;0;2;0;0;2;"-15.580993";"-48.628662";"SR-GO";"DEL1/2";"UOP01/GO"
187252;2019-01-24;"quinta-feira";"23:30:00";"MG";40;719,8;"BARBACENA";"Velocidade Incompatível";"Saída de leito carroçável";"Com Vítimas Feridas";"Plena Noite";"Crescente";"Céu Claro";"Dupla";"Curva";"Sim";2;0;2;0;0;0;2;1;"-21.29738148";"-43.63102198";"SR-MG";"DEL5";"UOP01/MG"
187253;2019-01-24;"quinta-feira";"22:50:00";"PR";277;418,5;"CANTAGALO";"Falta de Atenção do Pedestre";"Atropelamento de Pedestre";"Com Vítimas Feridas";"Plena Noite";"Decrescente";"Garoa/Chuvisco";"Simples";"Interseção de vias";"Sim";2;0;0;1;1;0;1;1;"-25.39040388";"-52.1083045";"SR-PR";"DEL7/4";"UOP03/PR"
187256;2019-01-24;"quinta-feira";"23:00:00";"AL";101;108;"PILAR";"Falta de Atenção à Condução";"Tombamento";"Com Vítimas Fatais";"Plena Noite";"Decrescente";"Nublado";"Simples";"Não Informado";"Não";2;1;0;0;0;1;0;2;"-9.586626";"-35.9893";"SR-AL";"DEL13/2";"UOP01/AL"