"id";"data_inversa";"dia_semana";"horario";"uf";"br";"km";"municipio";"causa_acidente";"tipo_acidente";"classificacao_acidente";"fase_dia";"sentido_via";"condicao_metereologica";"tipo_pista";"tracado_via";"uso_solo";"pessoas";"mortos";"feridos_leves";"feridos_graves";"ilesos";"ignorados";"feridos";"veiculos";"latitude";"longitude";"regional";"delegacia";"uop"
187257;2019-01-24;"quinta-feira";"23:50:00";"RJ";393;105;"SAPUCAIA";"Falta de Atenção à Condução";"Colisão lateral";"Sem Vítimas";"Plena Noite";"Decrescente";"Céu Claro";"Simples";"Reta";"Não";3;0;0;0;3;0;0;2;"-21.874243";"-42.66758";"SR-RJ";"DEL5/6";"UOP02/RJ"
187259;2019-01-25;"sexta-feira";"00:30:00";"SP";116;324,4;"JUQUITIBA";"Falta de Atenção à Condução";"Colisão traseira";"Com Vítimas Feridas";"Plena Noite";"Decrescente";"Nublado";"Dupla";"Reta";"Não";20;0;3;0;17;0;3;2;"-23.94031607";"-47.04392022";"SR-SP";"DEL6/4";"UOP02/SP"
187260;2019-01-25;"sexta-feira";"00:30:00";"SP";381;31;"ATIBAIA";"Falta de Atenção à Condução";"Colisão com objeto estático";"Com Vítimas Feridas";"Plena Noite";"Decrescente";"Céu Claro";"Dupla";"Reta";"Não";2;0;0;1;1;0;1;2;"-23.056067";"-46.570698";"SR-SP";"DEL6/3";"UOP01/SP"
187262;2019-01-25;"sexta-feira";"01:40:00";"ES";101;155;"LINHARES";"Falta de Atenção à Condução";"Saída de leito carroçável";"Com Vítimas Feridas";"Plena Noite";"Decrescente";"Céu Claro";"Simples";"Reta";"Não";3;0;3;0;0;0;3;1;"-19.44213293";"-40.09160779";"SR-ES";"DEL12/4";"UOP01/ES"
187263;2019-01-24;"quinta-feira";"22:30:00";"GO";153;606,7;"MORRINHOS";"Mal Súbito";"Saída de leito carroçável";"Com Vítimas Fatais";"Plena Noite";"Crescente";"Céu Claro";"Dupla";"Reta";"Não";1;1;0;0;0;0;0;1;"-17.6034";"-49.1878";"SR-GO";"DEL1/3";"UOP01/GO"
187264;2019-01-25;"sexta-feira";"00:10:00";"MT";163;970;"TERRA NOVA DO NORTE";"Defeito Mecânico no Veículo";"Derramamento de carga";"Sem Vítimas";"Plena Noite";"Crescente";"Céu Claro";"Múltipla";"Não Informado";"Não";1;0;0;0;1;0;0;1;"-10.68992187";"-55.12743518";"SR-MT";"DEL2/6";"UOP02/MT"
187265;2019-01-25;"sexta-feira";"02:40:00";"SP";116;221,3;"GUARULHOS";"Falta de Atenção à Condução";"Colisão com objeto estático";"Com Vítimas Feridas";"Plena Noite";"Crescente";"Céu Claro";"Múltipla";"Reta";"Sim";4;0;2;0;0;2;2;3;"-23.46851155";"-46.50981545";"SR-SP";"DEL6/1";"UOP01/SP"
187266;2019-01-25;"sexta-feira";"02:45:00";"MG";116;781,6;"LEOPOLDINA";"Defeito Mecânico no Veículo";"Incêndio";"Sem Vítimas";"Plena Noite";"Crescente";"Ignorado";"Simples";"Curva";"Não";1;0;0;0;1;0;0;1;"-21.5475363";"-42.6641643";"SR-MG";"DEL4/7";"UOP01/MG"
187267;2019-01-25;"sexta-feira";"02:30:00";"PR";476;118;"COLOMBO";"Velocidade Incompatível";"Colisão com objeto estático";"Sem Vítimas";"Plena Noite";"Crescente";"Céu Claro";"Dupla";"Reta";"Sim";1;0;0;0;1;0;0;1;"-25.35634";"-49.180828";"SR-PR";"DEL7/1";"UOP01/PR"
187268;2019-01-25;"sexta-feira";"05:05:00";"PR";277;42,1;"MORRETES";"Falta de Atenção à Condução";"Colisão traseira";"Com Vítimas Fatais";"Plena Noite";"Decrescente";"Céu Claro";"Dupla";"Curva";"Não";3;1;0;0;2;0;0;2;"-25.58848694";"-48.87354434";"SR-PR";"DEL7/1";"UOP06/PR"
187269;2019-01-25;"sexta-feira";"04:30:00";"MG";459;9,8;"CALDAS";"Velocidade Incompatível";"Saída de leito carroçável";"Com Vítimas Fatais";"Plena Noite";"Crescente";"Céu Claro";"Simples";"Curva";"Não";1;1;0;0;0;0;0;1;"-21.81706785";"-46.46139085";"SR-MG";"DEL13";"UOP01/MG"
187270;2019-01-25;"sexta-feira";"05:05:00";"PR";369;412,3;"JURANDA";"Falta de Atenção à Condução";"Colisão traseira";"Com Vítimas Feridas";"Plena Noite";"Crescente";"Céu Claro";"Simples";"Curva";"Não";4;0;1;1;2;0;2;2;"-24.3445";"-52.7277";"SR-PR";"DEL7/4";"UOP04/PR"
187271;2019-01-25;"sexta-feira";"04:30:00";"MG";381;527,7;"BRUMADINHO";"Velocidade Incompatível";"Tombamento";"Sem Vítimas";"Plena Noite";"Decrescente";"Céu Claro";"Dupla";"Curva";"Não";1;0;0;0;1;0;0;1;"-20.167";"-44.3321";"SR-MG";"DEL4/4";"UOP03/MG"
187272;2019-01-25;"sexta-feira";"04:20:00";"SP";116;388,5;"MIRACATU";"Velocidade Incompatível";"Colisão com objeto estático";"Com Vítimas Feridas";"Plena Noite";"Decrescente";"Nublado";"Dupla";"Reta";"Não";1;0;0;1;0;0;1;1;"-24.2709937";"-47.40199957";"SR-SP";"DEL6/4";"UOP03/SP"
187273;2019-01-25;"sexta-feira";"06:30:00";"DF";40;3,5;"BRASILIA";"Não guardar distância de segurança";"Colisão traseira";"Com Vítimas Feridas";"Pleno dia";"Decrescente";"Céu Claro";"Dupla";"Reta";"Sim";2;0;1;0;1;0;1;2;"-16.003145";"-47.983944";"SR-DF";"DF";"UOP01/DF"
187274;2019-01-25;"sexta-feira";"06:40:00";"ES";101;321;"GUARAPARI";"Falta de Atenção à Condução";"Colisão transversal";"Com Vítimas Feridas";"Pleno dia";"Crescente";"Céu Claro";"Simples";"Interseção de vias";"Não";2;0;1;0;1;0;1;2;"-20.52189496";"-40.47809601";"SR-ES";"DEL12/3";"UOP01/ES"
187275;2019-01-25;"sexta-feira";"06:30:00";"PR";476;162,3;"ARAUCARIA";"Animais na Pista";"Atropelamento de Animal";"Com Vítimas Feridas";"Pleno dia";"Decrescente";"Céu Claro";"Simples";"Reta";"Não";1;0;1;0;0;0;1;1;"-25.627626";"-49.454449";"SR-PR";"DEL7/1";"UOP04/PR"
187276;2019-01-25;"sexta-feira";"06:45:00";"RS";480;67,4;"BARAO DE COTEGIPE";"Desobediência às normas de trânsito pelo condutor";"Colisão lateral";"Com Vítimas Feridas";"Pleno dia";"Crescente";"Céu Claro";"Simples";"Reta";"Não";2;0;1;0;1;0;1;2;"-27.634285";"-52.35564";"SR-RS";"DEL08";"UOP04/RS"
187277;2019-01-05;"sábado";"06:05:00";"BA";101;166,9;"CONCEICAO DO JACUIPE";"Animais na Pista";"Atropelamento de Animal";"Com Vítimas Feridas";"Amanhecer";"Crescente";"Ignorado";"Simples";"Reta";"Não";1;0;1;0;0;0;1;1;"-12.36249498";"-38.82895254";"SR-BA";"DEL10/1";"UOP03/BA"
187278;2019-01-25;"sexta-feira";"06:25:00";"RJ";101;310;"SAO GONCALO";"Falta de Atenção à Condução";"Colisão traseira";"Sem Vítimas";"Pleno dia";"Crescente";"Céu Claro";"Dupla";"Reta";"Sim";3;0;0;0;3;0;0;3;"-22.797176";"-43.044071";"SR-RJ";"DEL5/2";"UOP02/RJ"
187279;2019-01-25;"sexta-feira";"05:55:00";"MT";163;635;"NOVA MUTUM";"Mal Súbito";"Colisão traseira";"Com Vítimas Feridas";"Amanhecer";"Decrescente";"Céu Claro";"Simples";"Reta";"Não";2;0;1;0;1;0;1;2;"-13.48912814";"-56.05636597";"SR-MT";"DEL2/4";"UOP01/MT"
187280;2019-01-25;"sexta-feira";"04:30:00";"SC";480;130;"CHAPECO";"Ingestão de Álcool";"Colisão com objeto estático";"Sem Vítimas";"Plena Noite";"Decrescente";"Céu Claro";"Dupla";"Curva";"Sim";1;0;0;0;1;0;0;1;"-27.0550818";"-52.63587087";"SR-SC";"DEL7";"UOP01/SC"
187281;2019-01-25;"sexta-feira";"06:20:00";"PE";101;73;"RECIFE";"Falta de Atenção à Condução";"Colisão traseira";"Com Vítimas Feridas";"Pleno dia";"Crescente";"Sol";"Simples";"Curva";"Não";3;0;1;0;1;1;1;3;"-8.1027";"-34.9483";"SR-PE";"DEL11/1";"UOP01/PE"
187282;2019-01-25;"sexta-feira";"06:50:00";"RJ";116;180;"NOVA IGUACU";"Falta de Atenção à Condução";"Colisão traseira";"Com Vítimas Feridas";"Pleno dia";"Crescente";"Céu Claro";"Dupla";"Reta";"Sim";4;0;2;0;2;0;2;3;"-22.738836";"-43.472469";"SR-RJ";"DEL5/1";"UOP02/RJ"
187283;2019-01-25;"sexta-feira";"05:00:00";"PE";232;228;"PESQUEIRA";"Defeito Mecânico no Veículo";"Colisão lateral";"Sem Vítimas";"Pleno dia";"Crescente";"Céu Claro";"Simples";"Reta";"Não";2;0;0;0;2;0;0;2;"-8.376836";"-36.722221";"SR-PE";"DEL11/3";"UOP02/PE"
187284;2019-01-24;"quinta-feira";"22:00:00";"MA";226;361,5;"GRAJAU";"Ultrapassagem Indevida";"Saída de leito carroçável";"Com Vítimas Feridas";"Plena Noite";"Crescente";"Céu Claro";"Simples";"Reta";"Não";2;0;0;1;1;0;1;2;"-5.59343484";"-45.71651459";"SR-MA";"DEL18/4";"UOP02/MA"
187285;2019-01-25;"sexta-feira";"07:12:00";"SP";381;46,2;"ATIBAIA";"Condutor Dormindo";"Colisão com objeto estático";"Com Vítimas Fatais";"Pleno dia";"Decrescente";"Céu Claro";"Dupla";"Reta";"Sim";3;1;0;2;0;0;2;2;"-23.18211387";"-46.58113551";"SR-SP";"DEL6/3";"UOP02/SP"
187286;2019-01-25;"sexta-feira";"06:40:00";"PI";343;12,8;"PARNAIBA";"Desobediência às normas de trânsito pelo condutor";"Colisão transversal";"Com Vítimas Fatais";"Pleno dia";"Crescente";"Sol";"Dupla";"Reta";"Sim";3;1;1;0;1;0;1;2;"-2.91658637";"-41.75405871";"SR-PI";"DEL17/5";"UOP01/PI"
187287;2019-01-25;"sexta-feira";"06:20:00";"CE";116;2;"FORTALEZA";"Desobediência às normas de trânsito pelo condutor";"Colisão traseira";"Com Vítimas Feridas";"Pleno dia";"Decrescente";"Céu Claro";"Múltipla";"Reta";"Sim";3;0;2;0;1;0;2;2;"-3.77202015";"-38.51652145";"SR-CE";"DEL16/1";"UOP02/CE"
187288;2019-01-24;"quinta-feira";"18:30:00";"MG";262;420;"IGARATINGA";"Defeito Mecânico no Veículo";"Queda de ocupante de veículo";"Com Vítimas Feridas";"Pleno dia";"Crescente";"Céu Claro";"Dupla";"Reta";"Não";2;0;2;0;0;0;2;1;"-19.8861";"-44.7817";"SR-MG";"DEL4/8";"UOP03/MG"
187289;2019-01-25;"sexta-feira";"07:30:00";"PR";277;4;"FOZ DO IGUACU";"Desobediência às normas de trânsito pelo condutor";"Colisão transversal";"Com Vítimas Feridas";"Pleno dia";"Decrescente";"Céu Claro";"Dupla";"Reta";"Sim";2;0;0;1;1;0;1;2;"-25.5469";"-54.5882";"SR-PR";"DEL7/5";"UOP03/PR"
187290;2019-01-25;"sexta-feira";"08:00:00";"PR";476;157,7;"ARAUCARIA";"Falta de Atenção à Condução";"Colisão transversal";"Com Vítimas Feridas";"Pleno dia";"Crescente";"Céu Claro";"Simples";"Rotatória";"Sim";2;0;1;0;1;0;1;2;"-25.60639";"-49.421112";"SR-PR";"DEL7/1";"UOP04/PR"
187294;2019-01-25;"sexta-feira";"05:50:00";"SC";101;384,7;"ICARA";"Falta de Atenção à Condução";"Colisão traseira";"Com Vítimas Fatais";"Plena Noite";"Decrescente";"Céu Claro";"Dupla";"Reta";"Não";2;1;0;0;1;0;0;2;"-28.7723";"-49.31";"SR-SC";"DEL8/2";"UOP02/SC"
187295;2019-01-25;"sexta-feira";"08:35:00";"PR";277;589,6;"CASCAVEL";"Não guardar distância de segurança";"Colisão traseira";"Com Vítimas Feridas";"Pleno dia";"Crescente";"Sol";"Simples";"Reta";"Sim";2;0;0;1;1;0;1;2;"-24.97745886";"-53.44674918";"SR-PR";"DEL7/4";"UOP01/PR"
187296;2019-01-25;"sexta-feira";"07:30:00";"PB";427;36,9;"POMBAL";"Falta de Atenção à Condução";"Colisão transversal";"Com Vítimas Feridas";"Pleno dia";"Crescente";"Céu Claro";"Simples";"Não Informado";"Sim";3;0;0;1;2;0;1;2;"-6.761366";"-37.780891";"SR-PB";"DEL14/3";"UOP02/PB"
187297;2019-01-25;"sexta-feira";"07:15:00";"MT";70;517,9;"VARZEA GRANDE";"Falta de Atenção à Condução";"Colisão traseira";"Com Vítimas Feridas";"Pleno dia";"Decrescente";"Céu Claro";"Simples";"Reta";"Sim";2;0;1;0;1;0;1;2;"-15.68089039";"-56.17412567";"SR-MT";"DEL2/4";"UOP02/MT"
187298;2019-01-25;"sexta-feira";"08:20:00";"GO";414;327;"COCALZINHO DE GOIAS";"Falta de Atenção à Condução";"Colisão transversal";"Com Vítimas Feridas";"Pleno dia";"Crescente";"Céu Claro";"Simples";"Reta";"Não";5;0;0;3;1;1;3;2;"-15.580993";"-48.628662";"SR-GO";"DEL1/2";"UOP01/GO"
187299;2019-01-25;"sexta-feira";"07:45:00";"MS";163;562,6;"BANDEIRANTES";"Mal Súbito";"Colisão traseira";"Com Vítimas Feridas";"Pleno dia";"Decrescente";"Céu Claro";"Simples";"Reta";"Não";7;0;2;0;5;0;2;2;"-19.791758";"-54.367062";"SR-MS";"DEL3/1";"UOP02/MS"
187301;2019-01-25;"sexta-feira";"03:00:00";"PR";376;594,4;"CURITIBA";"Restrição de Visibilidade";"Atropelamento de Pedestre";"Com Vítimas Fatais";"Plena Noite";"Decrescente";"Garoa/Chuvisco";"Dupla";"Reta";"Sim";2;1;0;0;0;1;0;1;"-25.49052647";"-49.3444705";"SR-PR";"DEL7/1";"UOP04/PR"
187302;2019-01-19;"sábado";"09:15:00";"MT";70;4;"BARRA DO GARCAS";"Falta de Atenção à Condução";"Colisão lateral";"Com Vítimas Feridas";"Pleno dia";"Crescente";"Céu Claro";"Dupla";"Reta";"Sim";2;0;1;0;1;0;1;2;"-15.879057";"-52.285675";"SR-MT";"DEL2/8";"UOP01/MT"
187303;2019-01-25;"sexta-feira";"07:45:00";"AL";101;3,9;"NOVO LINO";"Defeito Mecânico no Veículo";"Tombamento";"Sem Vítimas";"Pleno dia";"Decrescente";"Céu Claro";"Dupla";"Reta";"Não";1;0;0;0;1;0;0;1;"-8.904559";"-35.637218";"SR-AL";"DEL13/1";"UOP01/AL"
187304;2019-01-25;"sexta-feira";"08:30:00";"ES";101;1,5;"SERRA";"Falta de Atenção à Condução";"Colisão lateral";"Com Vítimas Feridas";"Pleno dia";"Crescente";"Céu Claro";"Dupla";"Reta";"Não";2;0;0;1;1;0;1;2;"-20.24825324";"-40.28484821";"SR-ES";"DEL12/2";"UOP01/ES"
187305;2019-01-25;"sexta-feira";"05:55:00";"PA";10;4;"DOM ELISEU";"Velocidade Incompatível";"Saída de leito carroçável";"Sem Vítimas";"Amanhecer";"Crescente";"Céu Claro";"Simples";"Não Informado";"Não";1;0;0;0;0;1;0;1;"-4.409653";"-47.534686";"SR-PA";"DEL19/2";"UOP03/PA"
187307;2019-01-25;"sexta-feira";"08:15:00";"CE";116;5;"FORTALEZA";"Falta de Atenção à Condução";"Colisão transversal";"Com Vítimas Feridas";"Pleno dia";"Crescente";"Chuva";"Múltipla";"Reta";"Sim";3;0;2;0;1;0;2;2;"-3.79681395";"-38.50683331";"SR-CE";"DEL16/1";"UOP02/CE"
187308;2019-01-25;"sexta-feira";"09:15:00";"RJ";40;109;"DUQUE DE CAXIAS";"Falta de Atenção à Condução";"Colisão lateral";"Com Vítimas Feridas";"Pleno dia";"Decrescente";"Céu Claro";"Múltipla";"Curva";"Sim";3;0;1;0;2;0;1;2;"-22.6836";"-43.2852";"SR-RJ";"DEL5/1";"UOP01/RJ"
187309;2019-01-25;"sexta-feira";"08:20:00";"BA";324;621;"SALVADOR";"Desobediência às normas de trânsito pelo condutor";"Colisão traseira";"Com Vítimas Feridas";"Pleno dia";"Crescente";"Sol";"Dupla";"Reta";"Sim";7;0;2;1;4;0;3;5;"-12.9200103";"-38.46608704";"SR-BA";"DEL10/1";"UOP01/BA"
187311;2019-01-25;"sexta-feira";"07:55:00";"RR";174;502;"BOA VISTA";"Desobediência às normas de trânsito pelo condutor";"Colisão frontal";"Com Vítimas Feridas";"Pleno dia";"Crescente";"Céu Claro";"Dupla";"Reta";"Sim";2;0;1;0;1;0;1;2;"2.787376";"-60.699524";"SR-RR";"UOP01/RR";""
187313;2019-01-13;"domingo";"07:00:00";"RJ";101;130;"CONCEICAO DE MACABU";"Falta de Atenção à Condução";"Capotamento";"Sem Vítimas";"Pleno dia";"Decrescente";"Céu Claro";"Dupla";"Curva";"Não";2;0;0;0;2;0;0;1;"-22.109264";"-41.695309";"SR-RJ";"DEL5/2";"UOP04/RJ"
187315;2019-01-25;"sexta-feira";"09:00:00";"CE";116;8;"FORTALEZA";"Pista Escorregadia";"Queda de ocupante de veículo";"Com Vítimas Feridas";"Pleno dia";"Decrescente";"Chuva";"Múltipla";"Reta";"Sim";2;0;1;0;1;0;1;1;"-3.8301";"-38.5049";"SR-CE";"DEL16/1";"UOP02/CE"
187316;2019-01-18;"sexta-feira";"06:00:00";"MG";381;480,5;"CONTAGEM";"Falta de Atenção à Condução";"Colisão traseira";"Com Vítimas Feridas";"Pleno dia";"Crescente";"Céu Claro";"Dupla";"Reta";"Sim";3;0;1;0;1;1;1;3;"-19.9586";"-44.0608";"SR-MG";"DEL4/1";"UOP03/MG"
187318;2019-01-13;"domingo";"19:45:00";"PR";158;376,7;"MARQUINHO";"Velocidade Incompatível";"Saída de leito carroçável";"Com Vítimas Feridas";"Anoitecer";"Decrescente";"Céu Claro";"Simples";"Curva";"Não";3;0;2;1;0;0;3;1;"-25.23348802";"-52.27966916";"SR-PR";"DEL7/4";"UOP03/PR"
187319;2019-01-25;"sexta-feira";"07:30:00";"SC";470;96,7;"APIUNA";"Avarias e/ou desgaste excessivo no pneu";"Saída de leito carroçável";"Sem Vítimas";"Pleno dia";"Crescente";"Céu Claro";"Simples";"Reta";"Sim";1;0;0;0;0;1;0;1;"-27.02537707";"-49.37567088";"SR-SC";"DEL8/4";"UOP01/SC"
187322;2019-01-25;"sexta-feira";"07:45:00";"SC";282;582;"PINHALZINHO";"Não guardar distância de segurança";"Engavetamento";"Com Vítimas Feridas";"Pleno dia";"Crescente";"Sol";"Simples";"Não Informado";"Sim";3;0;1;0;2;0;1;3;"-26.826683";"-53.002621";"SR-SC";"DEL7";"UOP02/SC"
187325;2019-01-25;"sexta-feira";"10:42:00";"PR";376;671;"GUARATUBA";"Falta de Atenção à Condução";"Colisão lateral";"Com Vítimas Feridas";"Pleno dia";"Crescente";"Céu Claro";"Múltipla";"Não Informado";"Não";5;0;1;0;4;0;1;2;"-25.85335345";"-48.97911072";"SR-PR";"DEL7/1";"UOP08/PR"
187326;2019-01-25;"sexta-feira";"06:00:00";"AC";364;138,8;"RIO BRANCO";"Falta de Atenção à Condução";"Colisão lateral";"Com Vítimas Fatais";"Pleno dia";"Decrescente";"Céu Claro";"Dupla";"Rotatória";"Não";3;1;1;0;1;0;1;2;"-9.961135";"-67.856461";"SR-AC";"UOP01/AC";""
187327;2019-01-25;"sexta-feira";"06:44:00";"AC";364;138;"RIO BRANCO";"Falta de Atenção à Condução";"Colisão transversal";"Com Vítimas Feridas";"Pleno dia";"Crescente";"Céu Claro";"Dupla";"Rotatória";"Sim";2;0;2;0;0;0;2;2;"-9.961135";"-67.856461";"SR-AC";"UOP01/AC";""
187329;2019-01-25;"sexta-feira";"07:30:00";"MT";70;243;"PRIMAVERA DO LESTE";"Falta de Atenção à Condução";"Colisão lateral";"Com Vítimas Feridas";"Pleno dia";"Crescente";"Chuva";"Simples";"Curva";"Não";46;0;4;0;42;0;4;1;"-15.61718";"-54.052921";"SR-MT";"DEL2/5";"UOP01/MT"
187330;2019-01-25;"sexta-feira";"05:10:00";"MT";364;18,5;"ALTO ARAGUAIA";"Defeito Mecânico no Veículo";"Colisão frontal";"Com Vítimas Fatais";"Amanhecer";"Decrescente";"Nublado";"Simples";"Curva";"Não";2;1;1;0;0;0;1;2;"-17.2149202";"-53.33450317";"SR-MT";"DEL2/2";"UOP04/MT"
187331;2019-01-25;"sexta-feira";"10:54:00";"ES";101;286,9;"CARIACICA";"Falta de Atenção à Condução";"Colisão transversal";"Com Vítimas Feridas";"Pleno dia";"Crescente";"Céu Claro";"Dupla";"Retorno Regulamentado";"Sim";2;0;0;1;1;0;1;2;"-20.25911267";"-40.37772959";"SR-ES";"DEL12/1";"UOP01/ES"
187332;2019-01-25;"sexta-feira";"11:20:00";"GO";50;239,5;"CATALAO";"Velocidade Incompatível";"Tombamento";"Com Vítimas Feridas";"Pleno dia";"Crescente";"Céu Claro";"Dupla";"Não Informado";"Não";1;0;1;0;0;0;1;1;"-17.8745";"-47.7889";"SR-GO";"DEL1/6";"UOP01/GO"
187333;2019-01-25;"sexta-feira";"12:00:00";"SC";470;140;"RIO DO SUL";"Falta de Atenção à Condução";"Colisão traseira";"Com Vítimas Feridas";"Pleno dia";"Decrescente";"Nublado";"Simples";"Reta";"Sim";2;0;1;0;1;0;1;2;"-27.222485";"-49.662827";"SR-SC";"DEL8/4";"UOP02/SC"
187334;2019-01-25;"sexta-feira";"10:40:00";"PE";232;118,5;"CARUARU";"Não guardar distância de segurança";"Colisão transversal";"Com Vítimas Feridas";"Pleno dia";"Crescente";"Céu Claro";"Dupla";"Reta";"Não";7;0;3;0;4;0;3;2;"-8.29624";"-35.89308";"SR-PE";"DEL11/2";"UOP02/PE"
187335;2019-01-25;"sexta-feira";"09:40:00";"BA";407;25,9;"JUAZEIRO";"Velocidade Incompatível";"Capotamento";"Com Vítimas Feridas";"Pleno dia";"Decrescente";"Céu Claro";"Simples";"Reta";"Não";4;0;2;0;2;0;2;1;"-9.609668";"-40.412937";"SR-BA";"DEL10/4";"UOP01/BA"
187336;2019-01-25;"sexta-feira";"10:00:00";"RJ";101;487;"ANGRA DOS REIS";"Desobediência às normas de trânsito pelo condutor";"Colisão transversal";"Com Vítimas Feridas";"Pleno dia";"Crescente";"Céu Claro";"Simples";"Reta";"Sim";2;0;1;0;0;1;1;2;"-22.96991358";"-44.29816984";"SR-RJ";"DEL5/3";"UOP02/RJ"
187337;2019-01-25;"sexta-feira";"09:50:00";"CE";222;6;"CAUCAIA";"Falta de Atenção à Condução";"Colisão traseira";"Com Vítimas Feridas";"Pleno dia";"Crescente";"Céu Claro";"Dupla";"Curva";"Sim";2;0;2;0;0;0;2;2;"-3.736507";"-38.65337";"SR-CE";"DEL16/1";"UOP01/CE"
187338;2019-01-18;"sexta-feira";"08:30:00";"SE";101;67,6;"MARUIM";"Ultrapassagem Indevida";"Colisão frontal";"Com Vítimas Fatais";"Pleno dia";"Crescente";"Céu Claro";"Simples";"Reta";"Não";8;1;0;6;0;1;6;2;"-10.7853";"-37.1421";"SR-SE";"DEL20/1";"UOP01/SE"
187339;2019-01-25;"sexta-feira";"11:37:00";"RS";471;478,8;"RIO GRANDE";"Condutor Dormindo";"Colisão frontal";"Com Vítimas Feridas";"Pleno dia";"Crescente";"Sol";"Simples";"Reta";"Sim";4;0;2;2;0;0;4;2;"-32.184608";"-52.427261";"SR-RS";"DEL9/7";"UOP02/RS"
187341;2019-01-16;"quarta-feira";"07:30:00";"MA";135;123,8;"MIRANDA DO NORTE";"Falta de Atenção à Condução";"Colisão frontal";"Com Vítimas Feridas";"Pleno dia";"Crescente";"Nublado";"Simples";"Reta";"Não";4;0;0;2;2;0;2;2;"-3.541438";"-44.568504";"SR-MA";"DEL18/1";"UOP02/MA"
187342;2019-01-25;"sexta-feira";"11:10:00";"PE";408;57,9;"TRACUNHAEM";"Não guardar distância de segurança";"Colisão traseira";"Com Vítimas Feridas";"Pleno dia";"Decrescente";"Céu Claro";"Simples";"Não Informado";"Sim";2;0;1;0;1;0;1;2;"-7.79832";"-35.24477";"SR-PE";"DEL11/1";"UOP01/PE"
187343;2019-01-23;"quarta-feira";"18:15:00";"BA";367;32,6;"PORTO SEGURO";"Falta de Atenção à Condução";"Colisão frontal";"Com Vítimas Feridas";"Anoitecer";"Decrescente";"Céu Claro";"Simples";"Reta";"Não";7;0;4;2;0;1;6;2;"-16.422001";"-39.14463";"SR-BA";"DEL10/9";"UOP01/BA"
187344;2019-01-25;"sexta-feira";"11:10:00";"PE";101;50;"ABREU E LIMA";"Falta de Atenção à Condução";"Colisão transversal";"Com Vítimas Feridas";"Pleno dia";"Crescente";"Sol";"Múltipla";"Reta";"Sim";2;0;1;0;1;0;1;2;"-7.9148";"-34.8984";"SR-PE";"DEL11/1";"UOP02/PE"
187345;2019-01-25;"sexta-feira";"12:24:00";"RJ";116;142;"DUQUE DE CAXIAS";"Falta de Atenção à Condução";"Colisão lateral";"Com Vítimas Feridas";"Pleno dia";"Decrescente";"Céu Claro";"Dupla";"Reta";"Sim";3;0;1;0;2;0;1;2;"-22.648762";"-43.230316";"SR-RJ";"DEL5/4";"UOP02/RJ"
187347;2019-01-25;"sexta-feira";"12:20:00";"RS";101;1,4;"TORRES";"Falta de Atenção à Condução";"Engavetamento";"Com Vítimas Feridas";"Pleno dia";"Decrescente";"Céu Claro";"Dupla";"Viaduto";"Sim";6;0;1;0;5;0;1;4;"-29.307631";"-49.772755";"SR-RS";"DEL9/3";"UOP03/RS"
187348;2019-01-25;"sexta-feira";"12:00:00";"PE";232;13,4;"JABOATAO DOS GUARARAPES";"Falta de Atenção à Condução";"Saída de leito carroçável";"Com Vítimas Feridas";"Pleno dia";"Crescente";"Céu Claro";"Dupla";"Curva";"Não";1;0;1;0;0;0;1;1;"-8.088272";"-35.013311";"SR-PE";"DEL11/1";"UOP01/PE"
187351;2019-01-25;"sexta-feira";"13:12:00";"PR";277;367,9;"GUARAPUAVA";"Falta de Atenção à Condução";"Colisão transversal";"Com Vítimas Feridas";"Pleno dia";"Decrescente";"Sol";"Simples";"Não Informado";"Não";3;0;2;0;1;0;2;2;"-25.41374118";"-51.67599678";"SR-PR";"DEL7/3";"UOP02/PR"
187352;2019-01-25;"sexta-feira";"11:25:00";"MG";116;757,9;"LEOPOLDINA";"Desobediência às normas de trânsito pelo condutor";"Colisão traseira";"Sem Vítimas";"Pleno dia";"Decrescente";"Céu Claro";"Simples";"Reta";"Não";2;0;0;0;2;0;0;2;"-21.521114";"-42.61631012";"SR-MG";"DEL4/7";"UOP01/MG"
187353;2019-01-25;"sexta-feira";"12:30:00";"PA";230;121;"MARABA";"Falta de Atenção à Condução";"Colisão lateral";"Com Vítimas Feridas";"Pleno dia";"Crescente";"Céu Claro";"Dupla";"Curva";"Sim";2;0;1;0;1;0;1;2;"-5.36589103";"-49.12599217";"SR-PA";"DEL19/3";"UOP01/PA"
187355;2019-01-25;"sexta-feira";"08:50:00";"RS";285;96;"MONTE ALEGRE DOS CAMPOS";"Falta de Atenção à Condução";"Colisão transversal";"Com Vítimas Feridas";"Pleno dia";"Decrescente";"Céu Claro";"Simples";"Interseção de vias";"Não";5;0;2;1;2;0;3;2;"-28.597429";"-50.742641";"SR-RS";"DEL9/5";"UOP03/RS"
187356;2019-01-25;"sexta-feira";"12:50:00";"SC";470;138;"RIO DO SUL";"Desobediência às normas de trânsito pelo condutor";"Colisão traseira";"Com Vítimas Feridas";"Pleno dia";"Decrescente";"Céu Claro";"Simples";"Reta";"Não";2;0;1;0;1;0;1;2;"-27.207214";"-49.648476";"SR-SC";"DEL8/4";"UOP02/SC"