"id";"data_inversa";"dia_semana";"horario";"uf";"br";"km";"municipio";"causa_acidente";"tipo_acidente";"classificacao_acidente";"fase_dia";"sentido_via";"condicao_metereologica";"tipo_pista";"tracado_via";"uso_solo";"pessoas";"mortos";"feridos_leves";"feridos_graves";"ilesos";"ignorados";"feridos";"veiculos";"latitude";"longitude";"regional";"delegacia";"uop"
187711;2019-01-27;"domingo";"04:30:00";"RN";406;170;"SAO GONCALO DO AMARANTE";"Ingestão de Álcool";"Saída de leito carroçável";"Sem Vítimas";"Amanhecer";"Decrescente";"Chuva";"Dupla";"Não Informado";"Sim";1;0;0;0;1;0;0;1;"-5.75917255";"-35.29731274";"SR-RN";"DEL15/2";"UOP01/RN"
187712;2019-01-27;"domingo";"09:00:00";"ES";101;144,4;"LINHARES";"Desobediência às normas de trânsito pelo condutor";"Colisão lateral";"Com Vítimas Feridas";"Pleno dia";"Decrescente";"Sol";"Múltipla";"Interseção de vias";"Sim";2;0;1;0;1;0;1;2;"-19.35448452";"-40.06373059";"SR-ES";"DEL12/4";"UOP01/ES"
187713;2019-01-27;"domingo";"08:00:00";"CE";116;30;"AQUIRAZ";"Avarias e/ou desgaste excessivo no pneu";"Queda de ocupante de veículo";"Com Vítimas Feridas";"Pleno dia";"Crescente";"Céu Claro";"Dupla";"Reta";"Sim";2;0;1;0;1;0;1;1;"-4.01916431";"-38.51882139";"SR-CE";"DEL16/1";"UOP02/CE"
187715;2019-01-27;"domingo";"08:00:00";"RJ";356;7;"ITAPERUNA";"Falta de Atenção à Condução";"Colisão transversal";"Com Vítimas Feridas";"Pleno dia";"Decrescente";"Céu Claro";"Simples";"Reta";"Não";2;0;0;1;1;0;1;2;"-21.173063";"-42.106487";"SR-RJ";"DEL5/8";"UOP03/RJ"
187716;2019-01-27;"domingo";"09:40:00";"MG";40;112,9;"LAGOA GRANDE";"Condutor Dormindo";"Saída de leito carroçável";"Com Vítimas Feridas";"Pleno dia";"Decrescente";"Nublado";"Simples";"Reta";"Não";1;0;1;0;0;0;1;1;"-17.641918";"-46.436649";"SR-MG";"DEL4/14";"UOP01/MG"
187717;2019-01-27;"domingo";"09:35:00";"ES";101;260;"SERRA";"Falta de Atenção à Condução";"Colisão lateral";"Com Vítimas Feridas";"Pleno dia";"Decrescente";"Céu Claro";"Simples";"Reta";"Sim";4;0;2;0;2;0;2;2;"-20.0966114";"-40.3392937";"SR-ES";"DEL12/2";"UOP01/ES"
187718;2019-01-27;"domingo";"07:30:00";"RJ";101;332;"RIO DE JANEIRO";"Falta de Atenção à Condução";"Atropelamento de Pedestre";"Com Vítimas Feridas";"Pleno dia";"Decrescente";"Céu Claro";"Dupla";"Reta";"Não";3;0;0;2;0;1;2;2;"-22.867664";"-43.19556";"SR-RJ";"DEL5/2";"UOP01/RJ"
187719;2019-01-27;"domingo";"08:30:00";"SE";101;91,4;"NOSSA SENHORA DO SOCORRO";"Velocidade Incompatível";"Tombamento";"Com Vítimas Feridas";"Pleno dia";"Decrescente";"Céu Claro";"Dupla";"Reta";"Sim";2;0;1;0;1;0;1;2;"-10.8961";"-37.1323";"SR-SE";"DEL20/1";"UOP01/SE"
187720;2019-01-27;"domingo";"09:45:00";"MG";116;303,6;"ITAMBACURI";"Falta de Atenção à Condução";"Saída de leito carroçável";"Com Vítimas Feridas";"Pleno dia";"Crescente";"Nublado";"Simples";"Curva";"Não";4;0;3;1;0;0;4;1;"-18.019624";"-41.646691";"SR-MG";"DEL4/11";"UOP01/MG"
187721;2019-01-27;"domingo";"05:45:00";"RO";364;425;"JARU";"Ingestão de Álcool";"Colisão traseira";"Com Vítimas Feridas";"Pleno dia";"Crescente";"Céu Claro";"Simples";"Reta";"Sim";5;0;1;0;4;0;1;1;"-10.437518";"-62.471706";"SR-RO";"DEL21/3";"UOP02/RO"
187722;2019-01-27;"domingo";"10:10:00";"SC";101;191,8;"BIGUACU";"Velocidade Incompatível";"Colisão traseira";"Com Vítimas Fatais";"Pleno dia";"Decrescente";"Sol";"Dupla";"Reta";"Sim";3;1;0;1;1;0;1;2;"-27.4847";"-48.6476";"SR-SC";"DEL8/1";"UOP01/SC"
187723;2019-01-27;"domingo";"10:50:00";"RS";290;146;"ELDORADO DO SUL";"Mal Súbito";"Colisão frontal";"Com Vítimas Feridas";"Pleno dia";"Decrescente";"Céu Claro";"Simples";"Reta";"Não";3;0;0;1;1;1;1;2;"-30.104191";"-51.66626";"SR-RS";"DEL9/2";"UOP01/RS"
187724;2019-01-27;"domingo";"10:30:00";"MS";163;479,2;"CAMPO GRANDE";"Falta de Atenção à Condução";"Saída de leito carroçável";"Com Vítimas Feridas";"Pleno dia";"Decrescente";"Sol";"Simples";"Reta";"Sim";1;0;1;0;0;0;1;1;"-20.48643";"-54.55937";"SR-MS";"DEL3/1";"UOP01/MS"
187726;2019-01-27;"domingo";"10:35:00";"MG";381;565;"ITAGUARA";"Velocidade Incompatível";"Capotamento";"Com Vítimas Feridas";"Pleno dia";"Crescente";"Céu Claro";"Dupla";"Curva";"Não";2;0;2;0;0;0;2;1;"-20.3982";"-44.5053";"SR-MG";"DEL4/4";"UOP03/MG"
187727;2019-01-27;"domingo";"11:30:00";"MG";381;493,1;"BETIM";"Falta de Atenção à Condução";"Colisão com objeto estático";"Com Vítimas Feridas";"Pleno dia";"Decrescente";"Sol";"Múltipla";"Reta";"Sim";2;0;2;0;0;0;2;1;"-19.966";"-44.1775";"SR-MG";"DEL4/1";"UOP03/MG"
187728;2019-01-27;"domingo";"07:45:00";"RO";429;66;"PRESIDENTE MEDICI";"Ingestão de Álcool";"Colisão frontal";"Com Vítimas Fatais";"Pleno dia";"Crescente";"Céu Claro";"Simples";"Reta";"Não";3;1;0;2;0;0;2;2;"-11.214921";"-62.122368";"SR-RO";"DEL21/2";"UOP03/RO"
187729;2019-01-27;"domingo";"11:00:00";"PE";232;483,2;"VERDEJANTE";"Não guardar distância de segurança";"Colisão traseira";"Com Vítimas Feridas";"Pleno dia";"Decrescente";"Céu Claro";"Simples";"Reta";"Sim";2;0;0;1;1;0;1;2;"-8.006268";"-38.972645";"SR-PE";"DEL11/5";"UOP01/PE"
187730;2019-01-27;"domingo";"10:00:00";"PB";230;24;"JOAO PESSOA";"Falta de Atenção à Condução";"Colisão lateral";"Com Vítimas Feridas";"Pleno dia";"Crescente";"Céu Claro";"Dupla";"Reta";"Sim";3;0;1;1;1;0;2;2;"-7.16331977";"-34.86163616";"SR-PB";"DEL14/1";"UOP01/PB"
187731;2019-01-27;"domingo";"12:15:00";"GO";364;320,7;"PORTELANDIA";"Falta de Atenção à Condução";"Tombamento";"Com Vítimas Feridas";"Pleno dia";"Decrescente";"Nublado";"Simples";"Reta";"Não";2;0;1;0;1;0;1;1;"-17.418779";"-52.627911";"SR-GO";"DEL1/5";"UOP01/GO"
187732;2019-01-27;"domingo";"10:30:00";"PR";116;122;"CURITIBA";"Velocidade Incompatível";"Saída de leito carroçável";"Sem Vítimas";"Pleno dia";"Crescente";"Céu Claro";"Dupla";"Reta";"Sim";1;0;0;0;0;1;0;1;"-25.60128303";"-49.31771278";"SR-PR";"DEL7/1";"UOP03/PR"
187733;2019-01-27;"domingo";"12:00:00";"PR";277;74;"SAO JOSE DOS PINHAIS";"Falta de Atenção à Condução";"Colisão traseira";"Com Vítimas Feridas";"Pleno dia";"Decrescente";"Céu Claro";"Dupla";"Reta";"Sim";2;0;1;0;1;0;1;2;"-25.49510622";"-49.16492343";"SR-PR";"DEL7/1";"UOP01/PR"
187734;2019-01-27;"domingo";"12:10:00";"RN";406;169;"SAO GONCALO DO AMARANTE";"Desobediência às normas de trânsito pelo condutor";"Colisão transversal";"Com Vítimas Feridas";"Pleno dia";"Crescente";"Céu Claro";"Dupla";"Reta";"Não";2;0;0;1;1;0;1;2;"-5.756651";"-35.304758";"SR-RN";"DEL15/2";"UOP01/RN"
187735;2019-01-27;"domingo";"12:20:00";"PE";423;54,5;"LAJEDO";"Desobediência às normas de trânsito pelo condutor";"Colisão frontal";"Com Vítimas Feridas";"Pleno dia";"Decrescente";"Céu Claro";"Simples";"Reta";"Não";6;0;1;0;4;1;1;2;"-8.607795";"-36.294014";"SR-PE";"DEL11/3";"UOP01/PE"
187736;2019-01-27;"domingo";"12:15:00";"PE";101;23,3;"GOIANA";"Condutor Dormindo";"Saída de leito carroçável";"Com Vítimas Feridas";"Pleno dia";"Decrescente";"Céu Claro";"Dupla";"Curva";"Não";1;0;0;1;0;0;1;1;"-7.693";"-34.9219";"SR-PE";"DEL11/1";"UOP02/PE"
187737;2019-01-27;"domingo";"09:45:00";"RS";386;319,3;"MARQUES DE SOUZA";"Condutor Dormindo";"Colisão lateral";"Com Vítimas Feridas";"Pleno dia";"Decrescente";"Sol";"Simples";"Curva";"Não";5;0;0;1;4;0;1;2;"-29.278328";"-52.135033";"SR-RS";"DEL9/4";"UOP01/RS"
187738;2019-01-27;"domingo";"12:25:00";"PI";343;13;"PARNAIBA";"Falta de Atenção à Condução";"Colisão lateral";"Com Vítimas Feridas";"Pleno dia";"Crescente";"Sol";"Dupla";"Reta";"Sim";5;0;3;0;2;0;3;3;"-2.919029";"-41.754124";"SR-PI";"DEL17/5";"UOP01/PI"
187739;2019-01-19;"sábado";"20:00:00";"SP";381;58;"MAIRIPORA";"Desobediência às normas de trânsito pelo condutor";"Colisão traseira";"Com Vítimas Feridas";"Plena Noite";"Crescente";"Nublado";"Dupla";"Reta";"Sim";2;0;1;0;1;0;1;2;"-23.27825933";"-46.58609252";"SR-SP";"DEL6/3";"UOP02/SP"
187740;2019-01-27;"domingo";"06:00:00";"SC";101;218,4;"PALHOCA";"Velocidade Incompatível";"Saída de leito carroçável";"Com Vítimas Feridas";"Amanhecer";"Crescente";"Nublado";"Simples";"Interseção de vias";"Sim";1;0;1;0;0;0;1;1;"-27.6854";"-48.6664";"SR-SC";"DEL8/1";"UOP02/SC"
187741;2019-01-27;"domingo";"07:50:00";"RR";432;132;"CANTA";"Falta de Atenção à Condução";"Colisão lateral";"Sem Vítimas";"Pleno dia";"Decrescente";"Céu Claro";"Simples";"Não Informado";"Não";3;0;0;0;3;0;0;2;"2.059742";"-60.647816";"SR-RR";"UOP01/RR";""
187743;2019-01-27;"domingo";"12:30:00";"MS";262;711,1;"CORUMBA";"Não guardar distância de segurança";"Colisão traseira";"Sem Vítimas";"Pleno dia";"Crescente";"Céu Claro";"Simples";"Reta";"Não";2;0;0;0;0;2;0;2;"-19.45723509";"-57.42840171";"SR-MS";"DEL3/3";"UOP03/MS"
187744;2019-01-27;"domingo";"11:45:00";"AL";316;189,7;"TANQUE DARCA";"Desobediência às normas de trânsito pelo condutor";"Colisão transversal";"Com Vítimas Feridas";"Pleno dia";"Crescente";"Céu Claro";"Simples";"Interseção de vias";"Não";2;0;1;1;0;0;2;2;"-9.582492";"-36.418125";"SR-AL";"DEL13/3";"UOP01/AL"
187745;2019-01-27;"domingo";"14:20:00";"PR";116;5,5;"CAMPINA GRANDE DO SUL";"Velocidade Incompatível";"Tombamento";"Com Vítimas Feridas";"Pleno dia";"Decrescente";"Céu Claro";"Dupla";"Curva";"Não";1;0;1;0;0;0;1;1;"-25.08684265";"-48.60282898";"SR-PR";"DEL7/1";"UOP02/PR"
187746;2019-01-27;"domingo";"14:00:00";"RJ";116;195,7;"QUEIMADOS";"Defeito Mecânico no Veículo";"Danos eventuais";"Com Vítimas Feridas";"Pleno dia";"Decrescente";"Céu Claro";"Dupla";"Curva";"Não";1;0;0;1;0;0;1;1;"-22.7317383";"-43.61748219";"SR-RJ";"DEL5/1";"UOP03/RJ"
187747;2019-01-27;"domingo";"14:30:00";"SP";153;25,8;"NOVA GRANADA";"Condutor Dormindo";"Colisão frontal";"Com Vítimas Feridas";"Pleno dia";"Decrescente";"Nublado";"Simples";"Reta";"Não";2;0;1;0;1;0;1;2;"-20.496851";"-49.315945";"SR-SP";"DEL6/9";"UOP01/SP"
187748;2019-01-27;"domingo";"13:30:00";"CE";222;0,8;"CAUCAIA";"Ingestão de Álcool";"Colisão com objeto estático";"Com Vítimas Feridas";"Pleno dia";"Decrescente";"Sol";"Dupla";"Curva";"Sim";2;0;0;1;1;0;1;1;"-3.74318951";"-38.62149239";"SR-CE";"DEL16/1";"UOP01/CE"
187749;2019-01-27;"domingo";"14:20:00";"ES";262;32,5;"VIANA";"Falta de Atenção à Condução";"Tombamento";"Com Vítimas Feridas";"Pleno dia";"Crescente";"Sol";"Simples";"Não Informado";"Não";1;0;1;0;0;0;1;1;"-20.3789";"-40.5772";"SR-ES";"DEL12/1";"UOP01/ES"
187750;2019-01-27;"domingo";"05:05:00";"MT";163;1025;"PEIXOTO DE AZEVEDO";"Não guardar distância de segurança";"Colisão traseira";"Com Vítimas Feridas";"Amanhecer";"Crescente";"Céu Claro";"Simples";"Reta";"Não";2;0;1;0;1;0;1;2;"-10.27168123";"-55.0112915";"SR-MT";"DEL2/6";"UOP02/MT"
187751;2019-01-27;"domingo";"15:50:00";"SP";116;220;"GUARULHOS";"Falta de Atenção à Condução";"Colisão traseira";"Com Vítimas Feridas";"Pleno dia";"Decrescente";"Sol";"Múltipla";"Reta";"Sim";2;0;1;0;1;0;1;2;"-23.46666137";"-46.50316358";"SR-SP";"DEL6/1";"UOP01/SP"
187752;2019-01-27;"domingo";"14:15:00";"PB";101;83,1;"BAYEUX";"Falta de Atenção à Condução";"Colisão traseira";"Com Vítimas Feridas";"Pleno dia";"Decrescente";"Sol";"Dupla";"Reta";"Sim";2;0;1;0;1;0;1;2;"-7.1366";"-34.9264";"SR-PB";"DEL14/1";"UOP01/PB"
187753;2019-01-27;"domingo";"12:50:00";"BA";116;826;"VITORIA DA CONQUISTA";"Falta de Atenção à Condução";"Colisão traseira";"Com Vítimas Feridas";"Pleno dia";"Decrescente";"Céu Claro";"Dupla";"Reta";"Sim";2;0;1;0;1;0;1;2;"-14.880788";"-40.855926";"SR-BA";"DEL10/8";"UOP01/BA"
187754;2019-01-27;"domingo";"15:30:00";"RS";285;289;"PASSO FUNDO";"Não guardar distância de segurança";"Colisão traseira";"Com Vítimas Feridas";"Pleno dia";"Crescente";"Céu Claro";"Dupla";"Interseção de vias";"Sim";3;0;1;0;2;0;1;2;"-28.23675342";"-52.37441182";"SR-RS";"DEL08";"UOP03/RS"
187755;2019-01-27;"domingo";"15:30:00";"SP";381;43,7;"ATIBAIA";"Velocidade Incompatível";"Saída de leito carroçável";"Sem Vítimas";"Pleno dia";"Decrescente";"Céu Claro";"Simples";"Curva";"Não";1;0;0;0;0;1;0;1;"-23.15876264";"-46.57317472";"SR-SP";"DEL6/3";"UOP02/SP"
187757;2019-01-27;"domingo";"10:05:00";"MT";70;713,8;"CACERES";"Pista Escorregadia";"Saída de leito carroçável";"Sem Vítimas";"Pleno dia";"Crescente";"Garoa/Chuvisco";"Simples";"Reta";"Não";3;0;0;0;2;1;0;2;"-16.19604757";"-57.58985996";"SR-MT";"DEL2/3";"UOP01/MT"
187758;2019-01-27;"domingo";"15:00:00";"RJ";40;83,9;"PETROPOLIS";"Falta de Atenção à Condução";"Saída de leito carroçável";"Com Vítimas Feridas";"Pleno dia";"Crescente";"Sol";"Dupla";"Não Informado";"Não";1;0;1;0;0;0;1;1;"-22.5472";"-43.2266";"SR-RJ";"DEL5/6";"UOP03/RJ"
187759;2019-01-27;"domingo";"15:45:00";"MG";381;913;"CAMANDUCAIA";"Velocidade Incompatível";"Tombamento";"Com Vítimas Feridas";"Pleno dia";"Crescente";"Céu Claro";"Dupla";"Curva";"Não";1;0;1;0;0;0;1;1;"-22.7206";"-46.1292";"SR-MG";"DEL09";"UOP03/MG"
187760;2019-01-27;"domingo";"14:45:00";"SC";470;121,8;"IBIRAMA";"Pista Escorregadia";"Colisão frontal";"Com Vítimas Feridas";"Pleno dia";"Crescente";"Chuva";"Simples";"Curva";"Não";5;0;2;2;1;0;4;3;"-27.095861";"-49.526859";"SR-SC";"DEL8/4";"UOP02/SC"
187761;2019-01-27;"domingo";"15:15:00";"SC";101;63;"ARAQUARI";"Falta de Atenção à Condução";"Tombamento";"Com Vítimas Feridas";"Pleno dia";"Crescente";"Céu Claro";"Dupla";"Reta";"Não";2;0;2;0;0;0;2;1;"-26.465";"-48.7497";"SR-SC";"DEL8/3";"UOP02/SC"
187762;2019-01-27;"domingo";"13:45:00";"MG";116;226,1;"CATUJI";"Condutor Dormindo";"Tombamento";"Com Vítimas Feridas";"Pleno dia";"Decrescente";"Sol";"Simples";"Não Informado";"Não";1;0;1;0;0;0;1;1;"-17.449752";"-41.503261";"SR-MG";"DEL4/11";"UOP01/MG"
187763;2019-01-27;"domingo";"15:00:00";"RJ";101;293;"ITABORAI";"Defeito Mecânico no Veículo";"Colisão lateral";"Sem Vítimas";"Pleno dia";"Decrescente";"Céu Claro";"Dupla";"Não Informado";"Não";1;0;0;0;1;0;0;1;"-22.75845345";"-42.88787842";"SR-RJ";"DEL5/2";"UOP02/RJ"
187764;2019-01-27;"domingo";"16:20:00";"PR";376;176,3;"MARINGA";"Desobediência às normas de trânsito pelo condutor";"Colisão lateral";"Com Vítimas Feridas";"Pleno dia";"Decrescente";"Sol";"Dupla";"Reta";"Sim";3;0;1;0;0;2;1;2;"-23.412691";"-51.931583";"SR-PR";"DEL7/7";"UOP04/PR"
187765;2019-01-27;"domingo";"15:30:00";"RS";470;281,8;"MONTENEGRO";"Falta de Atenção à Condução";"Colisão frontal";"Com Vítimas Feridas";"Pleno dia";"Crescente";"Céu Claro";"Simples";"Curva";"Não";2;0;0;1;1;0;1;2;"-29.614";"-51.47271";"SR-RS";"DEL9/4";"UOP02/RS"
187766;2019-01-27;"domingo";"14:30:00";"MG";40;532;"BELO HORIZONTE";"Não guardar distância de segurança";"Colisão traseira";"Com Vítimas Feridas";"Pleno dia";"Crescente";"Céu Claro";"Dupla";"Não Informado";"Sim";4;0;1;0;3;0;1;3;"-19.9256";"-44.0053";"SR-MG";"DEL4/1";"UOP03/MG"
187767;2019-01-27;"domingo";"16:10:00";"PR";376;119,8;"ALTO PARANA";"Defeito Mecânico no Veículo";"Incêndio";"Sem Vítimas";"Pleno dia";"Crescente";"Céu Claro";"Dupla";"Não Informado";"Não";1;0;0;0;1;0;0;1;"-23.126841";"-52.304573";"SR-PR";"DEL7/7";"UOP05/PR"
187768;2019-01-27;"domingo";"16:30:00";"SP";116;271;"TABOAO DA SERRA";"Ingestão de Álcool";"Capotamento";"Com Vítimas Feridas";"Pleno dia";"Decrescente";"Céu Claro";"Dupla";"Reta";"Sim";1;0;1;0;0;0;1;1;"-23.61077531";"-46.77371448";"SR-SP";"DEL6/4";"UOP01/SP"
187769;2019-01-27;"domingo";"16:50:00";"MG";381;516;"IGARAPE";"Velocidade Incompatível";"Colisão com objeto estático";"Com Vítimas Feridas";"Pleno dia";"Decrescente";"Céu Claro";"Dupla";"Curva";"Não";3;0;2;0;1;0;2;1;"-20.1055";"-44.3215";"SR-MG";"DEL4/1";"UOP03/MG"
187770;2019-01-27;"domingo";"16:34:00";"RS";101;15,7;"DOM PEDRO DE ALCANTARA";"Falta de Atenção à Condução";"Colisão traseira";"Com Vítimas Feridas";"Pleno dia";"Crescente";"Sol";"Dupla";"Reta";"Não";3;0;0;1;2;0;1;3;"-29.402149";"-49.858307";"SR-RS";"DEL9/3";"UOP03/RS"
187771;2019-01-27;"domingo";"17:15:00";"GO";153;502,1;"GOIANIA";"Ingestão de Álcool";"Colisão traseira";"Com Vítimas Feridas";"Pleno dia";"Decrescente";"Chuva";"Múltipla";"Não Informado";"Sim";2;0;1;0;1;0;1;2;"-16.7287";"-49.2424";"SR-GO";"DEL1/1";"UOP01/GO"
187772;2019-01-27;"domingo";"16:00:00";"BA";116;423;"FEIRA DE SANTANA";"Desobediência às normas de trânsito pelo condutor";"Colisão transversal";"Com Vítimas Feridas";"Pleno dia";"Decrescente";"Céu Claro";"Simples";"Interseção de vias";"Sim";2;0;1;0;1;0;1;2;"-12.23199525";"-38.97099864";"SR-BA";"DEL10/2";"UOP01/BA"
187773;2019-01-27;"domingo";"14:20:00";"SC";116;86,9;"MONTE CASTELO";"Falta de Atenção à Condução";"Colisão transversal";"Com Vítimas Feridas";"Pleno dia";"Crescente";"Céu Claro";"Simples";"Reta";"Não";2;0;0;1;1;0;1;2;"-26.768562";"-50.350533";"SR-SC";"DEL8/6";"UOP02/SC"
187774;2019-01-27;"domingo";"16:10:00";"RS";290;464,1;"ROSARIO DO SUL";"Falta de Atenção à Condução";"Colisão traseira";"Sem Vítimas";"Pleno dia";"Decrescente";"Céu Claro";"Simples";"Reta";"Não";6;0;0;0;6;0;0;2;"-30.232851";"-54.756992";"SR-RS";"DEL9/11";"UOP02/RS"
187775;2019-01-27;"domingo";"17:45:00";"PR";376;244;"APUCARANA";"Falta de Atenção à Condução";"Colisão frontal";"Com Vítimas Feridas";"Pleno dia";"Crescente";"Chuva";"Simples";"Curva";"Não";4;0;1;3;0;0;4;2;"-23.58123519";"-51.4236331";"SR-PR";"DEL7/7";"UOP03/PR"
187777;2019-01-27;"domingo";"16:40:00";"RN";304;24,8;"MOSSORO";"Falta de Atenção à Condução";"Colisão com objeto estático";"Com Vítimas Feridas";"Pleno dia";"Crescente";"Nublado";"Múltipla";"Rotatória";"Não";2;0;1;0;1;0;1;1;"-5.0666319";"-37.33096361";"SR-RN";"DEL15/4";"UOP02/RN"
187778;2019-01-27;"domingo";"15:45:00";"MA";135;10,4;"SAO LUIS";"Falta de Atenção à Condução";"Colisão transversal";"Com Vítimas Feridas";"Pleno dia";"Crescente";"Nublado";"Dupla";"Reta";"Sim";2;0;0;2;0;0;2;1;"-2.65878273";"-44.28596377";"SR-MA";"DEL18/1";"UOP01/MA"
187780;2019-01-27;"domingo";"16:50:00";"PE";101;79,2;"RECIFE";"Não guardar distância de segurança";"Colisão traseira";"Com Vítimas Feridas";"Pleno dia";"Decrescente";"Céu Claro";"Simples";"Não Informado";"Sim";2;0;1;0;1;0;1;2;"-8.15099";"-34.943065";"SR-PE";"DEL11/1";"UOP01/PE"
187781;2019-01-27;"domingo";"17:52:00";"SP";153;72,9;"SAO JOSE DO RIO PRETO";"Ingestão de Álcool";"Colisão traseira";"Sem Vítimas";"Pleno dia";"Decrescente";"Céu Claro";"Dupla";"Reta";"Sim";2;0;0;0;1;1;0;2;"-20.867146";"-49.413338";"SR-SP";"DEL6/9";"UOP01/SP"
187782;2019-01-27;"domingo";"17:00:00";"BA";101;356;"WENCESLAU GUIMARAES";"Falta de Atenção à Condução";"Tombamento";"Com Vítimas Feridas";"Pleno dia";"Crescente";"Céu Claro";"Simples";"Curva";"Não";1;0;1;0;0;0;1;1;"-13.6624";"-39.4786";"SR-BA";"DEL10/5";"UOP03/BA"
187784;2019-01-27;"domingo";"18:23:00";"PR";376;628,1;"SAO JOSE DOS PINHAIS";"Falta de Atenção à Condução";"Colisão traseira";"Com Vítimas Feridas";"Pleno dia";"Decrescente";"Nublado";"Dupla";"Não Informado";"Não";7;0;1;0;6;0;1;2;"-25.68591";"-49.147027";"SR-PR";"DEL7/1";"UOP08/PR"
187785;2019-01-27;"domingo";"16:55:00";"PR";272;364;"CAMPO MOURAO";"Não guardar distância de segurança";"Colisão traseira";"Com Vítimas Feridas";"Pleno dia";"Decrescente";"Céu Claro";"Simples";"Reta";"Sim";3;0;2;0;0;1;2;2;"-24.04919846";"-52.39860903";"SR-PR";"DEL7/4";"UOP05/PR"
187786;2019-01-27;"domingo";"16:00:00";"AM";174;937;"MANAUS";"Falta de Atenção à Condução";"Saída de leito carroçável";"Com Vítimas Feridas";"Pleno dia";"Decrescente";"Chuva";"Simples";"Não Informado";"Não";2;0;1;1;0;0;2;1;"-2.51155367";"-60.03678116";"SR-AM";"UOP01/AM";""
187787;2019-01-27;"domingo";"17:50:00";"MG";116;262,5;"TEOFILO OTONI";"Falta de Atenção à Condução";"Colisão traseira";"Com Vítimas Feridas";"Anoitecer";"Crescente";"Sol";"Simples";"Não Informado";"Não";2;0;1;0;1;0;1;2;"-17.742083";"-41.49992";"SR-MG";"DEL4/11";"UOP01/MG"
187789;2019-01-27;"domingo";"17:40:00";"PI";343;15,6;"PARNAIBA";"Ingestão de Álcool";"Colisão traseira";"Sem Vítimas";"Pleno dia";"Crescente";"Garoa/Chuvisco";"Simples";"Reta";"Sim";2;0;0;0;2;0;0;2;"-2.93659";"-41.754936";"SR-PI";"DEL17/5";"UOP01/PI"
187791;2019-01-27;"domingo";"17:30:00";"CE";222;6,5;"CAUCAIA";"Falta de Atenção à Condução";"Colisão transversal";"Com Vítimas Feridas";"Anoitecer";"Crescente";"Céu Claro";"Simples";"Reta";"Sim";2;0;1;1;0;0;2;2;"-3.736507";"-38.65337";"SR-CE";"DEL16/1";"UOP01/CE"
187792;2019-01-27;"domingo";"17:50:00";"RJ";116;206;"SEROPEDICA";"Falta de Atenção à Condução";"Colisão traseira";"Com Vítimas Feridas";"Pleno dia";"Decrescente";"Céu Claro";"Dupla";"Reta";"Sim";3;0;0;2;1;0;2;2;"-22.726013";"-43.651588";"SR-RJ";"DEL5/1";"UOP03/RJ"
187793;2019-01-27;"domingo";"18:40:00";"SP";116;129,2;"CACAPAVA";"Falta de Atenção à Condução";"Colisão traseira";"Com Vítimas Feridas";"Pleno dia";"Crescente";"Sol";"Dupla";"Reta";"Sim";3;0;2;0;1;0;2;2;"-23.118858";"-45.719486";"SR-SP";"DEL6";"UOP02/SP"
187794;2019-01-27;"domingo";"18:00:00";"BA";110;318;"ALAGOINHAS";"Desobediência às normas de trânsito pelo condutor";"Capotamento";"Com Vítimas Feridas";"Anoitecer";"Crescente";"Céu Claro";"Simples";"Reta";"Não";2;0;2;0;0;0;2;1;"-12.01312912";"-38.36322784";"SR-BA";"DEL10/1";"UOP04/BA"
187796;2019-01-27;"domingo";"17:30:00";"RJ";101;294;"ITABORAI";"Falta de Atenção à Condução";"Colisão lateral";"Com Vítimas Feridas";"Pleno dia";"Crescente";"Céu Claro";"Simples";"Reta";"Sim";3;0;1;0;1;1;1;2;"-22.758444";"-42.895023";"SR-RJ";"DEL5/2";"UOP02/RJ"
187797;2019-01-27;"domingo";"18:50:00";"SP";116;56,5;"LORENA";"Ingestão de álcool e/ou substâncias psicoativas pelo pedestre";"Tombamento";"Com Vítimas Feridas";"Pleno dia";"Decrescente";"Sol";"Dupla";"Reta";"Não";1;0;1;0;0;0;1;1;"-22.769072";"-45.130444";"SR-SP";"DEL6/8";"UOP02/SP"
187798;2019-01-27;"domingo";"19:20:00";"RS";116;231;"IVOTI";"Desobediência às normas de trânsito pelo condutor";"Colisão transversal";"Com Vítimas Feridas";"Pleno dia";"Crescente";"Céu Claro";"Simples";"Interseção de vias";"Sim";4;0;2;0;1;1;2;2;"-29.62473722";"-51.13570333";"SR-RS";"DEL9/1";"UOP02/RS"
187799;2019-01-27;"domingo";"18:50:00";"PR";277;168,3;"PALMEIRA";"Falta de Atenção à Condução";"Saída de leito carroçável";"Com Vítimas Feridas";"Pleno dia";"Crescente";"Chuva";"Dupla";"Reta";"Sim";2;0;1;0;1;0;1;1;"-25.43491426";"-49.98565793";"SR-PR";"DEL7/1";"UOP05/PR"
187800;2019-01-27;"domingo";"17:50:00";"SE";101;198;"CRISTINAPOLIS";"Falta de Atenção à Condução";"Queda de ocupante de veículo";"Com Vítimas Feridas";"Anoitecer";"Crescente";"Céu Claro";"Simples";"Reta";"Sim";1;0;1;0;0;0;1;1;"-11.46718176";"-37.74619639";"SR-SE";"DEL20/2";"UOP03/SE"