"id";"data_inversa";"dia_semana";"horario";"uf";"br";"km";"municipio";"causa_acidente";"tipo_acidente";"classificacao_acidente";"fase_dia";"sentido_via";"condicao_metereologica";"tipo_pista";"tracado_via";"uso_solo";"pessoas";"mortos";"feridos_leves";"feridos_graves";"ilesos";"ignorados";"feridos";"veiculos";"latitude";"longitude";"regional";"delegacia";"uop"
187976;2019-01-28;"segunda-feira";"12:50:00";"PE";104;71,9;"CARUARU";"Pista Escorregadia";"Colisão traseira";"Com Vítimas Feridas";"Pleno dia";"Decrescente";"Chuva";"Simples";"Desvio Temporário";"Não";5;0;1;0;4;0;1;3;"-8.3333";"-35.9814";"SR-PE";"DEL11/2";"UOP01/PE"
187979;2019-01-28;"segunda-feira";"09:10:00";"MG";262;362,7;"JUATUBA";"Falta de Atenção à Condução";"Saída de leito carroçável";"Com Vítimas Feridas";"Pleno dia";"Crescente";"Sol";"Dupla";"Reta";"Não";4;0;3;1;0;0;4;1;"-19.9723";"-44.2986";"SR-MG";"DEL4/1";"UOP03/MG"
187980;2019-01-28;"segunda-feira";"12:40:00";"SC";282;40,4;"AGUAS MORNAS";"Falta de Atenção à Condução";"Colisão transversal";"Com Vítimas Feridas";"Pleno dia";"Decrescente";"Sol";"Simples";"Interseção de vias";"Sim";2;0;2;0;0;0;2;2;"-27.71524623";"-48.87471378";"SR-SC";"DEL8/1";"UOP03/SC"
187981;2019-01-26;"sábado";"07:15:00";"SP";381;32;"ATIBAIA";"Falta de Atenção à Condução";"Colisão com objeto estático";"Com Vítimas Feridas";"Pleno dia";"Crescente";"Céu Claro";"Múltipla";"Reta";"Sim";2;0;2;0;0;0;2;1;"-23.064737";"-46.570454";"SR-SP";"DEL6/3";"UOP01/SP"
187982;2019-01-28;"segunda-feira";"11:30:00";"RS";116;652;"JAGUARAO";"Falta de Atenção à Condução";"Colisão lateral";"Com Vítimas Feridas";"Pleno dia";"Crescente";"Céu Claro";"Dupla";"Reta";"Não";2;0;1;0;1;0;1;2;"-32.50426061";"-53.32471848";"SR-RS";"DEL9/7";"UOP03/RS"
187983;2019-01-28;"segunda-feira";"15:00:00";"SP";116;81;"ROSEIRA";"Falta de Atenção à Condução";"Queda de ocupante de veículo";"Com Vítimas Feridas";"Pleno dia";"Crescente";"Céu Claro";"Dupla";"Reta";"Sim";2;0;1;0;1;0;1;1;"-22.904821";"-45.310307";"SR-SP";"DEL6";"UOP01/SP"
187984;2019-01-28;"segunda-feira";"16:00:00";"SC";101;136,5;"BALNEARIO CAMBORIU";"Falta de Atenção à Condução";"Colisão lateral";"Com Vítimas Feridas";"Pleno dia";"Crescente";"Céu Claro";"Simples";"Reta";"Sim";2;0;1;0;1;0;1;2;"-27.0158";"-48.6117";"SR-SC";"DEL8/4";"UOP03/SC"
187985;2019-01-27;"domingo";"03:10:00";"SC";101;189;"BIGUACU";"Velocidade Incompatível";"Colisão traseira";"Sem Vítimas";"Plena Noite";"Crescente";"Nublado";"Dupla";"Reta";"Sim";3;0;0;0;3;0;0;3;"-27.4683";"-48.6415";"SR-SC";"DEL8/1";"UOP01/SC"
187987;2019-01-27;"domingo";"04:37:00";"SC";101;187;"BIGUACU";"Falta de Atenção à Condução";"Saída de leito carroçável";"Com Vítimas Feridas";"Plena Noite";"Crescente";"Nublado";"Dupla";"Reta";"Não";1;0;1;0;0;0;1;1;"-27.4514";"-48.6336";"SR-SC";"DEL8/1";"UOP01/SC"
187988;2019-01-28;"segunda-feira";"14:50:00";"MT";70;517;"VARZEA GRANDE";"Desobediência às normas de trânsito pelo condutor";"Colisão transversal";"Com Vítimas Feridas";"Pleno dia";"Crescente";"Céu Claro";"Simples";"Curva";"Sim";2;0;0;1;1;0;1;2;"-15.698679";"-56.16512083";"SR-MT";"DEL2/4";"UOP02/MT"
187989;2019-01-28;"segunda-feira";"07:30:00";"MG";262;435,1;"NOVA SERRANA";"Velocidade Incompatível";"Derramamento de carga";"Sem Vítimas";"Pleno dia";"Decrescente";"Céu Claro";"Dupla";"Interseção de vias";"Não";1;0;0;0;1;0;0;1;"-19.8799";"-44.9153";"SR-MG";"DEL4/8";"UOP03/MG"
187990;2019-01-28;"segunda-feira";"16:15:00";"MG";40;624;"CONSELHEIRO LAFAIETE";"Falta de Atenção à Condução";"Colisão traseira";"Com Vítimas Feridas";"Pleno dia";"Decrescente";"Céu Claro";"Simples";"Curva";"Não";2;0;1;0;1;0;1;2;"-20.6227";"-43.8069";"SR-MG";"DEL5";"UOP02/MG"
187992;2019-01-28;"segunda-feira";"16:40:00";"SP";116;115,6;"TAUBATE";"Objeto estático sobre o leito carroçável";"Capotamento";"Com Vítimas Feridas";"Pleno dia";"Crescente";"Céu Claro";"Dupla";"Reta";"Sim";3;0;3;0;0;0;3;1;"-23.049601";"-45.599728";"SR-SP";"DEL6";"UOP02/SP"
187993;2019-01-28;"segunda-feira";"11:20:00";"PR";376;157,5;"MANDAGUACU";"Velocidade Incompatível";"Tombamento";"Com Vítimas Feridas";"Pleno dia";"Crescente";"Céu Claro";"Dupla";"Interseção de vias";"Não";1;0;1;0;0;0;1;1;"-23.352516";"-52.09127";"SR-PR";"DEL7/7";"UOP04/PR"
187994;2019-01-28;"segunda-feira";"16:50:00";"ES";101;0,5;"SERRA";"Falta de Atenção do Pedestre";"Atropelamento de Pedestre";"Com Vítimas Feridas";"Pleno dia";"Decrescente";"Sol";"Múltipla";"Reta";"Sim";2;0;1;0;1;0;1;1;"-20.23619272";"-40.27665323";"SR-ES";"DEL12/2";"UOP01/ES"
187995;2019-01-28;"segunda-feira";"15:00:00";"MG";365;90;"JEQUITAI";"Falta de Atenção à Condução";"Colisão lateral";"Com Vítimas Feridas";"Pleno dia";"Decrescente";"Sol";"Simples";"Reta";"Não";2;0;1;0;1;0;1;2;"-17.204691";"-44.440529";"SR-MG";"DEL4/12";"UOP01/MG"
187996;2019-01-28;"segunda-feira";"17:10:00";"RS";116;239;"NOVO HAMBURGO";"Defeito Mecânico no Veículo";"Tombamento";"Com Vítimas Feridas";"Pleno dia";"Crescente";"Céu Claro";"Dupla";"Não Informado";"Sim";2;0;1;1;0;0;2;1;"-29.696178";"-51.144566";"SR-RS";"DEL9/1";"UOP02/RS"
187998;2019-01-28;"segunda-feira";"17:15:00";"RJ";101;51,1;"CAMPOS DOS GOYTACAZES";"Defeito Mecânico no Veículo";"Tombamento";"Sem Vítimas";"Pleno dia";"Decrescente";"Céu Claro";"Simples";"Não Informado";"Não";1;0;0;0;1;0;0;1;"-21.642723";"-41.311703";"SR-RJ";"DEL5/8";"UOP01/RJ"
188000;2019-01-28;"segunda-feira";"17:20:00";"RJ";116;285;"BARRA MANSA";"Falta de Atenção à Condução";"Colisão lateral";"Com Vítimas Feridas";"Pleno dia";"Crescente";"Sol";"Dupla";"Curva";"Não";2;0;1;0;1;0;1;2;"-22.547443";"-44.183659";"SR-RJ";"DEL5/7";"UOP02/RJ"
188001;2019-01-28;"segunda-feira";"14:40:00";"RO";364;389;"OURO PRETO DO OESTE";"Falta de Atenção à Condução";"Atropelamento de Pedestre";"Com Vítimas Feridas";"Pleno dia";"Decrescente";"Chuva";"Simples";"Reta";"Não";2;0;1;1;0;0;2;1;"-10.680047";"-62.279797";"SR-RO";"DEL21/3";"UOP02/RO"
188002;2019-01-28;"segunda-feira";"17:10:00";"RJ";101;420;"MANGARATIBA";"Defeito Mecânico no Veículo";"Colisão traseira";"Com Vítimas Feridas";"Pleno dia";"Decrescente";"Céu Claro";"Dupla";"Não Informado";"Não";6;0;1;0;5;0;1;3;"-22.91855538";"-43.92887592";"SR-RJ";"DEL5/3";"UOP01/RJ"
188003;2019-01-28;"segunda-feira";"15:45:00";"RS";293;237,9;"DOM PEDRITO";"Falta de Atenção à Condução";"Colisão transversal";"Com Vítimas Fatais";"Pleno dia";"Decrescente";"Céu Claro";"Simples";"Reta";"Não";4;1;1;0;2;0;1;2;"-31.039129";"-54.552704";"SR-RS";"DEL9/11";"UOP03/RS"
188004;2019-01-28;"segunda-feira";"17:10:00";"MG";381;501;"BETIM";"Falta de Atenção à Condução";"Tombamento";"Com Vítimas Feridas";"Pleno dia";"Crescente";"Céu Claro";"Dupla";"Reta";"Sim";2;0;2;0;0;0;2;1;"-20.0173";"-44.2243";"SR-MG";"DEL4/1";"UOP03/MG"
188005;2019-01-28;"segunda-feira";"18:00:00";"SP";381;82;"SAO PAULO";"Defeito Mecânico no Veículo";"Colisão com objeto estático";"Sem Vítimas";"Pleno dia";"Crescente";"Céu Claro";"Múltipla";"Reta";"Sim";3;0;0;0;3;0;0;2;"-23.4261218";"-46.57329127";"SR-SP";"DEL6/3";"UOP02/SP"
188006;2019-01-28;"segunda-feira";"17:20:00";"MG";381;677,9;"PERDOES";"Falta de Atenção à Condução";"Tombamento";"Com Vítimas Feridas";"Pleno dia";"Decrescente";"Céu Claro";"Dupla";"Rotatória";"Não";1;0;1;0;0;0;1;1;"-21.1113";"-45.0928";"SR-MG";"DEL4/4";"UOP02/MG"
188007;2019-01-28;"segunda-feira";"16:30:00";"MG";116;540,2;"SANTA RITA DE MINAS";"Condutor Dormindo";"Colisão frontal";"Sem Vítimas";"Pleno dia";"Decrescente";"Sol";"Simples";"Curva";"Não";2;0;0;0;2;0;0;2;"-19.85714398";"-42.13806152";"SR-MG";"DEL4/6";"UOP02/MG"
188008;2019-01-28;"segunda-feira";"17:20:00";"AL";316;252;"PILAR";"Falta de Atenção à Condução";"Colisão transversal";"Com Vítimas Feridas";"Pleno dia";"Decrescente";"Nublado";"Simples";"Reta";"Não";3;0;2;0;1;0;2;2;"-9.5416097";"-35.9859851";"SR-AL";"DEL13/1";"UOP01/AL"
188010;2019-01-28;"segunda-feira";"18:30:00";"PR";277;4,5;"PARANAGUA";"Não guardar distância de segurança";"Colisão lateral";"Com Vítimas Feridas";"Pleno dia";"Crescente";"Sol";"Dupla";"Reta";"Sim";3;0;0;2;1;0;2;2;"-25.52604198";"-48.52727652";"SR-PR";"DEL7/1";"UOP07/PR"
188011;2019-01-28;"segunda-feira";"18:30:00";"RS";285;31,5;"SAO JOSE DOS AUSENTES";"Desobediência às normas de trânsito pelo condutor";"Colisão transversal";"Com Vítimas Feridas";"Pleno dia";"Crescente";"Céu Claro";"Simples";"Reta";"Não";7;0;4;0;2;1;4;2;"-28.709871";"-50.181519";"SR-RS";"DEL9/5";"UOP03/RS"
188012;2019-01-28;"segunda-feira";"18:20:00";"MG";365;621;"UBERLANDIA";"Falta de Atenção à Condução";"Colisão traseira";"Com Vítimas Feridas";"Pleno dia";"Crescente";"Céu Claro";"Dupla";"Reta";"Sim";2;0;1;0;1;0;1;1;"-18.8974";"-48.2715";"SR-MG";"DEL4/15";"UOP01/MG"
188013;2019-01-28;"segunda-feira";"17:10:00";"PI";343;348;"TERESINA";"Não guardar distância de segurança";"Colisão traseira";"Com Vítimas Feridas";"Pleno dia";"Crescente";"Sol";"Simples";"Reta";"Sim";2;0;1;0;1;0;1;2;"-5.11747289";"-42.78411984";"SR-PI";"DEL17/1";"UOP01/PI"
188014;2019-01-28;"segunda-feira";"18:40:00";"RS";290;10;"OSORIO";"Mal Súbito";"Saída de leito carroçável";"Com Vítimas Feridas";"Pleno dia";"Decrescente";"Céu Claro";"Múltipla";"Reta";"Não";4;0;0;4;0;0;4;1;"-29.891388";"-50.373714";"SR-RS";"DEL9/3";"UOP02/RS"
188015;2019-01-28;"segunda-feira";"15:30:00";"CE";222;312;"TIANGUA";"Falta de Atenção à Condução";"Colisão transversal";"Com Vítimas Feridas";"Pleno dia";"Crescente";"Céu Claro";"Simples";"Reta";"Sim";3;0;1;1;1;0;2;2;"-3.716993";"-40.991425";"SR-CE";"DEL16/4";"UOP02/CE"
188016;2019-01-28;"segunda-feira";"17:30:00";"BA";101;509,9;"ITABUNA";"Não guardar distância de segurança";"Colisão traseira";"Com Vítimas Feridas";"Pleno dia";"Decrescente";"Céu Claro";"Simples";"Reta";"Não";2;0;1;0;1;0;1;2;"-14.8428";"-39.2846";"SR-BA";"DEL10/5";"UOP01/BA"
188018;2019-01-28;"segunda-feira";"18:35:00";"SC";470;9,9;"NAVEGANTES";"Falta de Atenção à Condução";"Colisão transversal";"Sem Vítimas";"Pleno dia";"Crescente";"Sol";"Simples";"Não Informado";"Não";2;0;0;0;2;0;0;2;"-26.833143";"-48.727432";"SR-SC";"DEL8/4";"UOP04/SC"
188019;2019-01-28;"segunda-feira";"16:50:00";"SC";280;214,5;"TRES BARRAS";"Falta de Atenção à Condução";"Tombamento";"Com Vítimas Feridas";"Pleno dia";"Decrescente";"Céu Claro";"Simples";"Curva";"Não";1;0;1;0;0;0;1;1;"-26.183218";"-50.207058";"SR-SC";"DEL8/6";"UOP04/SC"
188020;2019-01-28;"segunda-feira";"19:10:00";"RJ";116;266,1;"BARRA MANSA";"Defeito Mecânico no Veículo";"Tombamento";"Com Vítimas Feridas";"Pleno dia";"Crescente";"Céu Claro";"Dupla";"Curva";"Não";2;0;1;1;0;0;2;2;"-22.560883";"-44.122238";"SR-RJ";"DEL5/7";"UOP02/RJ"
188021;2019-01-28;"segunda-feira";"18:25:00";"PR";476;136;"CURITIBA";"Desobediência às normas de trânsito pelo pedestre";"Colisão lateral";"Com Vítimas Feridas";"Pleno dia";"Crescente";"Céu Claro";"Dupla";"Reta";"Sim";5;0;2;0;3;0;2;3;"-25.491047";"-49.271679";"SR-PR";"DEL7/1";"UOP06/PR"
188022;2019-01-28;"segunda-feira";"19:33:00";"SC";470;239,6;"SAO CRISTOVAO DO SUL";"Ingestão de Álcool";"Colisão traseira";"Sem Vítimas";"Pleno dia";"Crescente";"Céu Claro";"Simples";"Reta";"Não";2;0;0;0;2;0;0;2;"-27.305603";"-50.47327";"SR-SC";"DEL8/5";"UOP03/SC"
188023;2019-01-28;"segunda-feira";"18:40:00";"MG";40;517;"RIBEIRAO DAS NEVES";"Falta de Atenção à Condução";"Colisão traseira";"Com Vítimas Feridas";"Anoitecer";"Decrescente";"Céu Claro";"Dupla";"Reta";"Sim";2;0;1;0;1;0;1;2;"-19.8351";"-44.08";"SR-MG";"DEL4/1";"UOP03/MG"
188024;2019-01-28;"segunda-feira";"15:00:00";"SP";116;414;"JUQUIA";"Ingestão de Álcool";"Colisão lateral";"Sem Vítimas";"Pleno dia";"Crescente";"Céu Claro";"Dupla";"Reta";"Não";2;0;0;0;2;0;0;2;"-24.3397146";"-47.6328277";"SR-SP";"DEL6/5";"UOP01/SP"
188025;2019-01-28;"segunda-feira";"16:25:00";"SC";280;97;"CORUPA";"Ultrapassagem Indevida";"Colisão frontal";"Com Vítimas Feridas";"Pleno dia";"Crescente";"Céu Claro";"Simples";"Não Informado";"Não";3;0;3;0;0;0;3;2;"-26.377871";"-49.317184";"SR-SC";"DEL8/6";"UOP03/SC"
188026;2019-01-28;"segunda-feira";"18:00:00";"GO";153;499,9;"GOIANIA";"Falta de Atenção à Condução";"Engavetamento";"Com Vítimas Feridas";"Anoitecer";"Crescente";"Nublado";"Dupla";"Reta";"Sim";4;0;1;0;2;1;1;3;"-16.7033";"-49.2311";"SR-GO";"DEL1/1";"UOP01/GO"
188027;2019-01-28;"segunda-feira";"19:35:00";"SP";116;226,2;"GUARULHOS";"Falta de Atenção à Condução";"Colisão lateral";"Com Vítimas Feridas";"Pleno dia";"Decrescente";"Céu Claro";"Múltipla";"Reta";"Sim";4;0;1;0;2;1;1;2;"-23.4916029";"-46.54995666";"SR-SP";"DEL6/1";"UOP01/SP"
188029;2019-01-28;"segunda-feira";"19:10:00";"SP";116;161;"JACAREI";"Ingestão de Álcool";"Derramamento de carga";"Sem Vítimas";"Anoitecer";"Decrescente";"Céu Claro";"Simples";"Reta";"Sim";1;0;0;0;1;0;0;1;"-23.27636834";"-45.9713745";"SR-SP";"DEL6/2";"UOP01/SP"
188030;2019-01-28;"segunda-feira";"19:30:00";"SC";101;227,9;"PALHOCA";"Falta de Atenção à Condução";"Tombamento";"Com Vítimas Feridas";"Anoitecer";"Decrescente";"Céu Claro";"Dupla";"Curva";"Não";1;0;1;0;0;0;1;1;"-27.7591";"-48.6308";"SR-SC";"DEL8/1";"UOP02/SC"
188031;2019-01-28;"segunda-feira";"17:50:00";"MG";116;765,1;"LEOPOLDINA";"Falta de Atenção à Condução";"Colisão traseira";"Com Vítimas Feridas";"Pleno dia";"Crescente";"Céu Claro";"Simples";"Reta";"Não";4;0;2;0;2;0;2;2;"-21.52079462";"-42.64068604";"SR-MG";"DEL4/7";"UOP01/MG"
188032;2019-01-28;"segunda-feira";"18:45:00";"PB";405;37;"SAO JOAO DO RIO DO PEIXE";"Falta de Atenção à Condução";"Colisão lateral";"Com Vítimas Feridas";"Plena Noite";"Crescente";"Nublado";"Simples";"Reta";"Não";2;0;0;1;0;1;1;2;"-6.760087";"-38.434673";"SR-PB";"DEL14/3";"UOP03/PB"
188033;2019-01-28;"segunda-feira";"19:10:00";"MG";40;141,7;"JOAO PINHEIRO";"Falta de Atenção à Condução";"Colisão transversal";"Com Vítimas Feridas";"Anoitecer";"Decrescente";"Céu Claro";"Simples";"Curva";"Sim";2;0;0;1;1;0;1;2;"-17.736185";"-46.193333";"SR-MG";"DEL4/14";"UOP01/MG"
188034;2019-01-28;"segunda-feira";"18:50:00";"RN";226;7,2;"NATAL";"Pista Escorregadia";"Tombamento";"Com Vítimas Feridas";"Plena Noite";"Decrescente";"Céu Claro";"Simples";"Reta";"Sim";1;0;1;0;0;0;1;1;"-5.827994";"-35.279991";"SR-RN";"DEL15/1";"UOP02/RN"
188035;2019-01-28;"segunda-feira";"18:40:00";"SC";282;377;"HERVAL DOESTE";"Velocidade Incompatível";"Colisão frontal";"Com Vítimas Feridas";"Pleno dia";"Crescente";"Céu Claro";"Simples";"Reta";"Não";5;0;4;0;1;0;4;3;"-27.216974";"-51.470055";"SR-SC";"DEL7";"UOP07/SC"
188036;2019-01-28;"segunda-feira";"18:50:00";"PB";230;39,9;"SANTA RITA";"Sinalização da via insuficiente ou inadequada";"Saída de leito carroçável";"Sem Vítimas";"Plena Noite";"Decrescente";"Céu Claro";"Dupla";"Não Informado";"Não";1;0;0;0;0;1;0;1;"-7.13822681";"-34.9707073";"SR-PB";"DEL14/1";"UOP01/PB"
188037;2019-01-28;"segunda-feira";"19:25:00";"GO";40;12;"LUZIANIA";"Desobediência às normas de trânsito pelo condutor";"Capotamento";"Com Vítimas Feridas";"Pleno dia";"Decrescente";"Sol";"Dupla";"Reta";"Sim";4;0;1;3;0;0;4;1;"-16.145123";"-47.945382";"SR-DF";"GO";"UOP01/DF"
188038;2019-01-28;"segunda-feira";"18:30:00";"PE";232;513,8;"SALGUEIRO";"Ingestão de Álcool";"Atropelamento de Pedestre";"Com Vítimas Feridas";"Plena Noite";"Crescente";"Céu Claro";"Simples";"Reta";"Sim";2;0;2;0;0;0;2;1;"-8.067472";"-39.138168";"SR-PE";"DEL11/5";"UOP01/PE"
188039;2019-01-28;"segunda-feira";"19:00:00";"PR";277;11;"PARANAGUA";"Falta de Atenção à Condução";"Colisão lateral";"Com Vítimas Feridas";"Anoitecer";"Crescente";"Céu Claro";"Dupla";"Reta";"Não";5;0;4;0;1;0;4;2;"-25.56350388";"-48.63647461";"SR-PR";"DEL7/1";"UOP07/PR"
188040;2019-01-16;"quarta-feira";"18:20:00";"MG";262;357;"BETIM";"Falta de Atenção à Condução";"Saída de leito carroçável";"Com Vítimas Feridas";"Pleno dia";"Decrescente";"Céu Claro";"Dupla";"Reta";"Não";2;0;1;0;1;0;1;1;"-19.9801";"-44.2508";"SR-MG";"DEL4/1";"UOP03/MG"
188041;2019-01-28;"segunda-feira";"18:00:00";"MT";70;601;"POCONE";"Falta de Atenção à Condução";"Saída de leito carroçável";"Com Vítimas Feridas";"Anoitecer";"Crescente";"Nublado";"Simples";"Desvio Temporário";"Não";4;0;3;0;1;0;3;2;"-15.822594";"-56.737137";"SR-MT";"DEL2/3";"UOP02/MT"
188042;2019-01-28;"segunda-feira";"17:40:00";"MG";262;87,3;"MATIPO";"Falta de Atenção à Condução";"Colisão transversal";"Com Vítimas Fatais";"Pleno dia";"Crescente";"Céu Claro";"Simples";"Curva";"Não";2;1;0;0;1;0;0;2;"-20.333214";"-42.437653";"SR-MG";"DEL4/3";"UOP03/MG"
188043;2019-01-28;"segunda-feira";"09:30:00";"PE";104;25;"TAQUARITINGA DO NORTE";"Pista Escorregadia";"Colisão frontal";"Sem Vítimas";"Pleno dia";"Crescente";"Garoa/Chuvisco";"Simples";"Reta";"Não";2;0;0;0;2;0;0;2;"-7.985154";"-36.099102";"SR-PE";"DEL11/2";"UOP01/PE"
188044;2019-01-28;"segunda-feira";"18:20:00";"RO";319;62;"PORTO VELHO";"Falta de Atenção à Condução";"Colisão transversal";"Com Vítimas Feridas";"Anoitecer";"Crescente";"Céu Claro";"Dupla";"Interseção de vias";"Sim";4;0;2;0;2;0;2;3;"-8.75144918";"-63.88767064";"SR-RO";"DEL21/1";"UOP01/RO"
188045;2019-01-28;"segunda-feira";"20:00:00";"AP";210;2,4;"MACAPA";"Falta de Atenção à Condução";"Colisão lateral";"Com Vítimas Feridas";"Plena Noite";"Decrescente";"Céu Claro";"Dupla";"Reta";"Sim";2;0;1;0;1;0;1;2;"0.082879";"-51.077854";"SR-AP";"UOP01/AP";""
188046;2019-01-28;"segunda-feira";"21:35:00";"SC";470;126,4;"LONTRAS";"Sinalização da via insuficiente ou inadequada";"Colisão transversal";"Com Vítimas Feridas";"Plena Noite";"Crescente";"Nublado";"Simples";"Curva";"Não";2;0;1;0;1;0;1;2;"-27.13228884";"-49.53864098";"SR-SC";"DEL8/4";"UOP02/SC"
188047;2019-01-28;"segunda-feira";"18:30:00";"MS";262;356,4;"CAMPO GRANDE";"Carga excessiva e/ou mal acondicionada";"Derramamento de carga";"Sem Vítimas";"Anoitecer";"Crescente";"Nublado";"Simples";"Retorno Regulamentado";"Não";1;0;0;0;1;0;0;1;"-20.54626";"-54.683661";"SR-MS";"DEL3/1";"UOP03/MS"
188048;2019-01-28;"segunda-feira";"16:30:00";"PR";116;122;"CURITIBA";"Falta de Atenção à Condução";"Colisão traseira";"Com Vítimas Feridas";"Pleno dia";"Crescente";"Céu Claro";"Dupla";"Desvio Temporário";"Sim";10;0;3;1;2;4;4;2;"-25.551222";"-49.305038";"SR-PR";"DEL7/1";"UOP03/PR"
188049;2019-01-28;"segunda-feira";"21:50:00";"PR";376;75,7;"GUAIRACA";"Falta de Atenção à Condução";"Colisão transversal";"Com Vítimas Feridas";"Plena Noite";"Decrescente";"Nublado";"Simples";"Rotatória";"Não";2;0;1;0;1;0;1;2;"-22.95365132";"-52.70107269";"SR-PR";"DEL7/7";"UOP05/PR"
188050;2019-01-28;"segunda-feira";"15:20:00";"RO";364;97;"VILHENA";"Avarias e/ou desgaste excessivo no pneu";"Saída de leito carroçável";"Sem Vítimas";"Pleno dia";"Decrescente";"Chuva";"Simples";"Reta";"Não";1;0;0;0;1;0;0;1;"-12.299137";"-60.638153";"SR-RO";"DEL21/4";"UOP03/RO"
188051;2019-01-28;"segunda-feira";"20:15:00";"PR";369;178;"ARAPONGAS";"Ingestão de Álcool";"Colisão lateral";"Sem Vítimas";"Plena Noite";"Crescente";"Céu Claro";"Dupla";"Reta";"Sim";2;0;0;0;2;0;0;2;"-23.356888";"-51.394505";"SR-PR";"DEL7/7";"UOP01/PR"
188052;2019-01-28;"segunda-feira";"17:50:00";"ES";101;260;"SERRA";"Desobediência às normas de trânsito pelo condutor";"Derramamento de carga";"Sem Vítimas";"Pleno dia";"Decrescente";"Sol";"Dupla";"Reta";"Sim";1;0;0;0;1;0;0;1;"-20.14693133";"-40.2814579";"SR-ES";"DEL12/2";"UOP01/ES"
188053;2019-01-28;"segunda-feira";"20:10:00";"RO";364;235;"CACOAL";"Falta de Atenção à Condução";"Colisão traseira";"Com Vítimas Feridas";"Plena Noite";"Decrescente";"Chuva";"Simples";"Reta";"Sim";3;0;0;1;1;1;1;3;"-11.450608";"-61.430256";"SR-RO";"DEL21/2";"UOP02/RO"
188054;2019-01-28;"segunda-feira";"22:00:00";"RS";116;152,3;"CAXIAS DO SUL";"Velocidade Incompatível";"Saída de leito carroçável";"Sem Vítimas";"Plena Noite";"Crescente";"Céu Claro";"Múltipla";"Curva";"Sim";2;0;0;0;2;0;0;1;"-29.182934";"-51.168015";"SR-RS";"DEL9/5";"UOP01/RS"
188055;2019-01-28;"segunda-feira";"22:25:00";"MG";116;275;"TEOFILO OTONI";"Defeito Mecânico no Veículo";"Incêndio";"Sem Vítimas";"Plena Noite";"Decrescente";"Nublado";"Simples";"Reta";"Sim";1;0;0;0;1;0;0;1;"-17.849558";"-41.5149433";"SR-MG";"DEL4/11";"UOP01/MG"
188056;2019-01-28;"segunda-feira";"23:30:00";"MG";365;708,9;"MONTE ALEGRE DE MINAS";"Falta de Atenção à Condução";"Colisão transversal";"Com Vítimas Feridas";"Plena Noite";"Crescente";"Céu Claro";"Dupla";"Interseção de vias";"Não";2;0;1;0;1;0;1;2;"-18.87862082";"-49.05605257";"SR-MG";"DEL4/15";"UOP03/MG"
188057;2019-01-28;"segunda-feira";"23:40:00";"SP";381;68;"MAIRIPORA";"Defeito Mecânico no Veículo";"Incêndio";"Sem Vítimas";"Plena Noite";"Crescente";"Céu Claro";"Dupla";"Reta";"Sim";1;0;0;0;1;0;0;1;"-23.35119641";"-46.55302439";"SR-SP";"DEL6/3";"UOP02/SP"
188058;2019-01-28;"segunda-feira";"22:30:00";"PR";280;282,1;"FLOR DA SERRA DO SUL";"Defeito Mecânico no Veículo";"Saída de leito carroçável";"Com Vítimas Feridas";"Plena Noite";"Decrescente";"Céu Claro";"Simples";"Curva";"Não";3;0;3;0;0;0;3;1;"-26.25721118";"-53.30178899";"SR-PR";"DEL7/2";"UOP01/PR"
188060;2019-01-29;"terça-feira";"00:35:00";"MG";40;287;"TRES MARIAS";"Condutor Dormindo";"Colisão frontal";"Com Vítimas Fatais";"Plena Noite";"Crescente";"Céu Claro";"Simples";"Reta";"Não";3;1;0;0;2;0;0;2;"-18.256193";"-45.159241";"SR-MG";"DEL4/14";"UOP03/MG"
188061;2019-01-29;"terça-feira";"01:30:00";"MG";40;457,9;"CAETANOPOLIS";"Condutor Dormindo";"Colisão traseira";"Com Vítimas Feridas";"Plena Noite";"Crescente";"Céu Claro";"Dupla";"Não Informado";"Não";2;0;0;1;0;1;1;2;"-19.37848";"-44.33803";"SR-MG";"DEL4/2";"UOP01/MG"
188062;2019-01-29;"terça-feira";"01:25:00";"SP";101;15,3;"UBATUBA";"Animais na Pista";"Saída de leito carroçável";"Com Vítimas Feridas";"Plena Noite";"Decrescente";"Céu Claro";"Simples";"Reta";"Sim";1;0;1;0;0;0;1;1;"-23.335026";"-44.880165";"SR-SP";"DEL6";"UOP03/SP"
188063;2019-01-29;"terça-feira";"02:15:00";"MG";262;384;"FLORESTAL";"Condutor Dormindo";"Tombamento";"Com Vítimas Feridas";"Plena Noite";"Crescente";"Céu Claro";"Dupla";"Reta";"Não";2;0;2;0;0;0;2;1;"-19.9212";"-44.4702";"SR-MG";"DEL4/1";"UOP03/MG"
188064;2019-01-29;"terça-feira";"02:30:00";"MG";381;754,2;"TRES CORACOES";"Defeito Mecânico no Veículo";"Saída de leito carroçável";"Com Vítimas Feridas";"Plena Noite";"Crescente";"Céu Claro";"Dupla";"Reta";"Sim";3;0;2;0;1;0;2;1;"-21.6688";"-45.3256";"SR-MG";"DEL09";"UOP02/MG"