"id";"data_inversa";"dia_semana";"horario";"uf";"br";"km";"municipio";"causa_acidente";"tipo_acidente";"classificacao_acidente";"fase_dia";"sentido_via";"condicao_metereologica";"tipo_pista";"tracado_via";"uso_solo";"pessoas";"mortos";"feridos_leves";"feridos_graves";"ilesos";"ignorados";"feridos";"veiculos";"latitude";"longitude";"regional";"delegacia";"uop"
188065;2019-01-29;"terça-feira";"03:30:00";"GO";364;364,7;"SANTA RITA DO ARAGUAIA";"Condutor Dormindo";"Colisão lateral";"Com Vítimas Feridas";"Plena Noite";"Crescente";"Céu Claro";"Simples";"Reta";"Não";3;0;2;0;1;0;2;2;"-17.385912";"-53.024128";"SR-GO";"DEL1/5";"UOP01/GO"
188066;2019-01-29;"terça-feira";"03:30:00";"PE";232;39,7;"VITORIA DE SANTO ANTAO";"Falta de Atenção à Condução";"Colisão com objeto estático";"Sem Vítimas";"Plena Noite";"Crescente";"Nublado";"Dupla";"Curva";"Não";1;0;0;0;1;0;0;1;"-8.117274";"-35.227139";"SR-PE";"DEL11/1";"UOP04/PE"
188067;2019-01-29;"terça-feira";"03:00:00";"TO";153;102,7;"WANDERLANDIA";"Carga excessiva e/ou mal acondicionada";"Tombamento";"Com Vítimas Feridas";"Plena Noite";"Decrescente";"Nublado";"Simples";"Não Informado";"Não";2;0;1;0;1;0;1;1;"-6.90549";"-48.034634";"SR-TO";"UOP04/TO";""
188068;2019-01-29;"terça-feira";"04:30:00";"PR";376;189;"MARIALVA";"Animais na Pista";"Atropelamento de Animal";"Com Vítimas Feridas";"Plena Noite";"Decrescente";"Céu Claro";"Dupla";"Reta";"Não";1;0;1;0;0;0;1;1;"-23.471231";"-51.819515";"SR-PR";"DEL7/7";"UOP04/PR"
188069;2019-01-29;"terça-feira";"05:20:00";"SC";470;59,9;"BLUMENAU";"Defeito Mecânico no Veículo";"Tombamento";"Com Vítimas Feridas";"Plena Noite";"Crescente";"Céu Claro";"Simples";"Reta";"Não";1;0;1;0;0;0;1;1;"-26.882812";"-49.1548";"SR-SC";"DEL8/4";"UOP01/SC"
188070;2019-01-29;"terça-feira";"06:15:00";"MG";40;462,5;"SETE LAGOAS";"Falta de Atenção à Condução";"Colisão traseira";"Com Vítimas Fatais";"Pleno dia";"Decrescente";"Céu Claro";"Dupla";"Não Informado";"Não";2;1;0;0;1;0;0;2;"-19.417402";"-44.339714";"SR-MG";"DEL4/2";"UOP01/MG"
188071;2019-01-29;"terça-feira";"06:30:00";"MG";40;531;"BELO HORIZONTE";"Velocidade Incompatível";"Queda de ocupante de veículo";"Com Vítimas Feridas";"Pleno dia";"Crescente";"Céu Claro";"Dupla";"Curva";"Sim";3;0;2;1;0;0;3;1;"-19.9243";"-44.0151";"SR-MG";"DEL4/1";"UOP03/MG"
188072;2019-01-29;"terça-feira";"06:00:00";"RJ";101;398;"ITAGUAI";"Desobediência às normas de trânsito pelo pedestre";"Atropelamento de Pedestre";"Com Vítimas Feridas";"Amanhecer";"Decrescente";"Céu Claro";"Dupla";"Reta";"Sim";2;0;0;1;1;0;1;1;"-22.86113706";"-43.7568185";"SR-RJ";"DEL5/3";"UOP01/RJ"
188074;2019-01-29;"terça-feira";"06:20:00";"MS";163;476,7;"CAMPO GRANDE";"Ingestão de Álcool";"Saída de leito carroçável";"Sem Vítimas";"Pleno dia";"Decrescente";"Céu Claro";"Simples";"Reta";"Sim";2;0;0;0;2;0;0;1;"-20.507837";"-54.556799";"SR-MS";"DEL3/1";"UOP01/MS"
188075;2019-01-29;"terça-feira";"06:30:00";"MG";50;75;"UBERLANDIA";"Falta de Atenção à Condução";"Colisão traseira";"Com Vítimas Feridas";"Amanhecer";"Decrescente";"Céu Claro";"Dupla";"Reta";"Não";2;0;1;0;1;0;1;2;"-18.88358";"-48.20293";"SR-MG";"DEL4/15";"UOP01/MG"
188076;2019-01-29;"terça-feira";"07:10:00";"SC";101;197,8;"BIGUACU";"Animais na Pista";"Atropelamento de Animal";"Com Vítimas Feridas";"Pleno dia";"Crescente";"Céu Claro";"Dupla";"Reta";"Sim";2;0;2;0;0;0;2;1;"-27.5267";"-48.6349";"SR-SC";"DEL8/1";"UOP01/SC"
188077;2019-01-29;"terça-feira";"07:05:00";"SC";101;197,8;"BIGUACU";"Animais na Pista";"Colisão lateral";"Com Vítimas Feridas";"Pleno dia";"Crescente";"Céu Claro";"Múltipla";"Reta";"Sim";2;0;1;0;1;0;1;2;"-27.5267";"-48.6349";"SR-SC";"DEL8/1";"UOP01/SC"
188078;2019-01-29;"terça-feira";"07:30:00";"ES";101;289,9;"CARIACICA";"Animais na Pista";"Atropelamento de Animal";"Com Vítimas Feridas";"Pleno dia";"Crescente";"Sol";"Dupla";"Reta";"Sim";1;0;1;0;0;0;1;1;"-20.28718904";"-40.39220723";"SR-ES";"DEL12/1";"UOP01/ES"
188079;2019-01-29;"terça-feira";"07:58:00";"PR";369;202,2;"APUCARANA";"Desobediência às normas de trânsito pelo pedestre";"Atropelamento de Pedestre";"Com Vítimas Feridas";"Pleno dia";"Crescente";"Céu Claro";"Simples";"Reta";"Sim";2;0;1;0;1;0;1;1;"-23.54660671";"-51.45213693";"SR-PR";"DEL7/7";"UOP03/PR"
188081;2019-01-29;"terça-feira";"07:40:00";"RJ";393;175;"TRES RIOS";"Falta de Atenção à Condução";"Tombamento";"Com Vítimas Feridas";"Pleno dia";"Crescente";"Céu Claro";"Simples";"Curva";"Não";1;0;1;0;0;0;1;1;"-22.130531";"-43.220409";"SR-RJ";"DEL5/6";"UOP02/RJ"
188082;2019-01-29;"terça-feira";"07:30:00";"RS";386;382,7;"TABAI";"Condutor Dormindo";"Saída de leito carroçável";"Com Vítimas Feridas";"Pleno dia";"Crescente";"Sol";"Dupla";"Reta";"Não";4;0;3;0;1;0;3;2;"-29.67742003";"-51.73034462";"SR-RS";"DEL9/4";"UOP02/RS"
188083;2019-01-29;"terça-feira";"08:30:00";"SC";101;211,9;"PALHOCA";"Avarias e/ou desgaste excessivo no pneu";"Tombamento";"Com Vítimas Feridas";"Pleno dia";"Decrescente";"Sol";"Dupla";"Reta";"Sim";2;0;1;0;1;0;1;1;"-27.6301";"-48.659";"SR-SC";"DEL8/1";"UOP02/SC"
188084;2019-01-29;"terça-feira";"06:50:00";"MT";163;960;"NOVA SANTA HELENA";"Velocidade Incompatível";"Tombamento";"Sem Vítimas";"Pleno dia";"Crescente";"Nublado";"Simples";"Reta";"Não";1;0;0;0;1;0;0;1;"-10.816514";"-55.174175";"SR-MT";"DEL2/6";"UOP02/MT"
188085;2019-01-29;"terça-feira";"07:45:00";"RN";101;106;"PARNAMIRIM";"Falta de Atenção do Pedestre";"Atropelamento de Pedestre";"Com Vítimas Feridas";"Pleno dia";"Crescente";"Sol";"Múltipla";"Não Informado";"Sim";3;0;3;0;0;0;3;1;"-5.910553";"-35.261307";"SR-RN";"DEL15/1";"UOP01/RN"
188086;2019-01-29;"terça-feira";"08:40:00";"RS";290;77,4;"GRAVATAI";"Desobediência às normas de trânsito pelo condutor";"Colisão com objeto estático";"Sem Vítimas";"Pleno dia";"Decrescente";"Céu Claro";"Simples";"Não Informado";"Sim";1;0;0;0;1;0;0;1;"-29.95520499";"-51.03160512";"SR-RS";"DEL9/1";"UOP01/RS"
188088;2019-01-29;"terça-feira";"08:15:00";"RN";101;107,8;"PARNAMIRIM";"Não guardar distância de segurança";"Colisão traseira";"Com Vítimas Feridas";"Pleno dia";"Crescente";"Céu Claro";"Dupla";"Reta";"Sim";2;0;1;0;1;0;1;2;"-5.919193";"-35.264118";"SR-RN";"DEL15/1";"UOP01/RN"
188089;2019-01-29;"terça-feira";"09:15:00";"RJ";101;306;"SAO GONCALO";"Animais na Pista";"Atropelamento de Animal";"Com Vítimas Feridas";"Pleno dia";"Decrescente";"Céu Claro";"Dupla";"Reta";"Sim";1;0;0;1;0;0;1;1;"-22.789141";"-43.005524";"SR-RJ";"DEL5/2";"UOP02/RJ"
188090;2019-01-29;"terça-feira";"08:00:00";"CE";222;312;"TIANGUA";"Desobediência às normas de trânsito pelo condutor";"Colisão transversal";"Com Vítimas Feridas";"Pleno dia";"Decrescente";"Nublado";"Simples";"Reta";"Sim";2;0;0;1;1;0;1;2;"-3.716993";"-40.991425";"SR-CE";"DEL16/4";"UOP02/CE"
188091;2019-01-29;"terça-feira";"09:10:00";"RJ";101;62;"CAMPOS DOS GOYTACAZES";"Falta de Atenção à Condução";"Colisão transversal";"Com Vítimas Feridas";"Pleno dia";"Decrescente";"Sol";"Simples";"Reta";"Sim";2;0;1;0;1;0;1;2;"-21.734707";"-41.325024";"SR-RJ";"DEL5/8";"UOP01/RJ"
188092;2019-01-29;"terça-feira";"09:20:00";"RJ";116;107;"GUAPIMIRIM";"Falta de Atenção do Pedestre";"Atropelamento de Pedestre";"Com Vítimas Feridas";"Pleno dia";"Crescente";"Céu Claro";"Dupla";"Reta";"Sim";2;0;0;1;1;0;1;1;"-22.528261";"-42.997375";"SR-RJ";"DEL5/4";"UOP02/RJ"
188093;2019-01-29;"terça-feira";"09:20:00";"PR";116;110,3;"CURITIBA";"Falta de Atenção à Condução";"Colisão traseira";"Com Vítimas Feridas";"Pleno dia";"Crescente";"Céu Claro";"Dupla";"Reta";"Sim";2;0;1;0;1;0;1;2;"-25.569897";"-49.187782";"SR-PR";"DEL7/1";"UOP01/PR"
188094;2019-01-29;"terça-feira";"09:10:00";"SC";101;99;"BALNEARIO PICARRAS";"Defeito Mecânico no Veículo";"Colisão traseira";"Com Vítimas Feridas";"Pleno dia";"Crescente";"Sol";"Múltipla";"Reta";"Não";2;0;1;0;1;0;1;2;"-26.7568";"-48.6889";"SR-SC";"DEL8/3";"UOP02/SC"
188095;2019-01-29;"terça-feira";"09:40:00";"RJ";493;2;"ITABORAI";"Falta de Atenção à Condução";"Colisão transversal";"Com Vítimas Feridas";"Pleno dia";"Crescente";"Céu Claro";"Simples";"Interseção de vias";"Sim";2;0;1;0;1;0;1;2;"-22.7625691";"-42.93148041";"SR-RJ";"DEL5/4";"UOP02/RJ"
188096;2019-01-29;"terça-feira";"07:20:00";"BA";101;109,2;"ALAGOINHAS";"Ultrapassagem Indevida";"Colisão frontal";"Com Vítimas Fatais";"Pleno dia";"Decrescente";"Sol";"Simples";"Reta";"Sim";2;1;0;0;1;0;0;2;"-12.1502";"-38.3981";"SR-BA";"DEL10/1";"UOP04/BA"
188097;2019-01-29;"terça-feira";"06:30:00";"RS";470;9;"BARRACAO";"Restrição de Visibilidade";"Colisão transversal";"Com Vítimas Fatais";"Amanhecer";"Decrescente";"Nevoeiro/Neblina";"Simples";"Reta";"Não";3;1;0;0;2;0;0;2;"-27.653986";"-51.460018";"SR-RS";"DEL08";"UOP05/RS"
188098;2019-01-01;"terça-feira";"06:50:00";"PB";230;141,9;"CAMPINA GRANDE";"Ingestão de Álcool";"Saída de leito carroçável";"Com Vítimas Fatais";"Pleno dia";"Crescente";"Céu Claro";"Dupla";"Reta";"Não";5;1;2;2;0;0;4;1;"-7.256278";"-35.818326";"SR-PB";"DEL14/2";"UOP01/PB"
188099;2019-01-29;"terça-feira";"08:15:00";"RO";364;703;"PORTO VELHO";"Falta de Atenção à Condução";"Colisão traseira";"Com Vítimas Feridas";"Pleno dia";"Crescente";"Chuva";"Dupla";"Reta";"Não";3;0;1;0;2;0;1;2;"-8.80030356";"-63.80335808";"SR-RO";"DEL21/1";"UOP01/RO"
188100;2019-01-29;"terça-feira";"09:00:00";"PR";376;521;"PONTA GROSSA";"Falta de Atenção à Condução";"Saída de leito carroçável";"Com Vítimas Feridas";"Pleno dia";"Crescente";"Céu Claro";"Dupla";"Curva";"Não";3;0;3;0;0;0;3;1;"-25.26562454";"-49.95473742";"SR-PR";"DEL7/3";"UOP03/PR"
188101;2019-01-29;"terça-feira";"07:02:00";"AC";364;123;"RIO BRANCO";"Falta de Atenção à Condução";"Atropelamento de Pedestre";"Com Vítimas Feridas";"Amanhecer";"Crescente";"Nublado";"Dupla";"Reta";"Sim";2;0;0;1;1;0;1;1;"-10.011705";"-67.782433";"SR-AC";"UOP01/AC";""
188102;2019-01-29;"terça-feira";"09:10:00";"PI";343;268;"CAMPO MAIOR";"Falta de Atenção à Condução";"Colisão transversal";"Com Vítimas Feridas";"Pleno dia";"Crescente";"Céu Claro";"Simples";"Reta";"Sim";2;0;1;0;1;0;1;2;"-4.842865";"-42.187584";"SR-PI";"DEL17/2";"UOP02/PI"
188103;2019-01-29;"terça-feira";"07:40:00";"RO";364;553,1;"ALTO PARAISO";"Condutor Dormindo";"Saída de leito carroçável";"Com Vítimas Feridas";"Pleno dia";"Crescente";"Garoa/Chuvisco";"Simples";"Não Informado";"Não";2;0;1;0;1;0;1;1;"-9.62390562";"-63.07271361";"SR-RO";"DEL21/3";"UOP01/RO"
188105;2019-01-29;"terça-feira";"06:00:00";"SP";116;558,7;"BARRA DO TURVO";"Condutor Dormindo";"Tombamento";"Sem Vítimas";"Amanhecer";"Crescente";"Céu Claro";"Dupla";"Reta";"Não";1;0;0;0;1;0;0;1;"-24.99570458";"-48.50841522";"SR-SP";"DEL6/5";"UOP03/SP"
188107;2019-01-29;"terça-feira";"09:00:00";"SE";101;204,8;"CRISTINAPOLIS";"Falta de Atenção à Condução";"Colisão transversal";"Sem Vítimas";"Pleno dia";"Decrescente";"Sol";"Simples";"Reta";"Não";2;0;0;0;2;0;0;2;"-11.50734118";"-37.78814077";"SR-SE";"DEL20/2";"UOP03/SE"
188109;2019-01-29;"terça-feira";"11:00:00";"RS";386;324,3;"MARQUES DE SOUZA";"Desobediência às normas de trânsito pelo condutor";"Colisão transversal";"Com Vítimas Feridas";"Pleno dia";"Decrescente";"Sol";"Simples";"Reta";"Não";2;0;1;0;1;0;1;2;"-29.32508964";"-52.10207641";"SR-RS";"DEL9/4";"UOP01/RS"
188110;2019-01-29;"terça-feira";"09:30:00";"BA";418;98;"NOVA VICOSA";"Velocidade Incompatível";"Colisão com objeto estático";"Com Vítimas Fatais";"Pleno dia";"Crescente";"Céu Claro";"Simples";"Reta";"Não";2;1;1;0;0;0;1;1;"-17.90313391";"-39.9844569";"SR-BA";"DEL10/9";"UOP03/BA"
188111;2019-01-29;"terça-feira";"10:00:00";"RN";427;98;"CAICO";"Falta de Atenção à Condução";"Colisão transversal";"Com Vítimas Feridas";"Pleno dia";"Decrescente";"Céu Claro";"Simples";"Interseção de vias";"Sim";2;0;1;0;1;0;1;2;"-6.46277807";"-37.09384561";"SR-RN";"DEL15/3";"UOP01/RN"
188112;2019-01-29;"terça-feira";"11:20:00";"RJ";116;122;"MAGE";"Pista Escorregadia";"Queda de ocupante de veículo";"Com Vítimas Feridas";"Pleno dia";"Crescente";"Céu Claro";"Simples";"Curva";"Sim";1;0;1;0;0;0;1;1;"-22.635124";"-43.055809";"SR-RJ";"DEL5/4";"UOP02/RJ"
188113;2019-01-29;"terça-feira";"11:00:00";"RJ";101;322;"NITEROI";"Falta de Atenção à Condução";"Colisão traseira";"Com Vítimas Feridas";"Pleno dia";"Crescente";"Céu Claro";"Dupla";"Reta";"Sim";3;0;1;0;2;0;1;2;"-22.878923";"-43.110676";"SR-RJ";"DEL5/2";"UOP01/RJ"
188114;2019-01-29;"terça-feira";"11:35:00";"RJ";101;417;"MANGARATIBA";"Desobediência às normas de trânsito pelo condutor";"Colisão transversal";"Com Vítimas Feridas";"Pleno dia";"Decrescente";"Céu Claro";"Simples";"Não Informado";"Não";2;0;1;0;1;0;1;2;"-22.912937";"-43.897324";"SR-RJ";"DEL5/3";"UOP01/RJ"
188115;2019-01-29;"terça-feira";"06:40:00";"RO";364;395;"OURO PRETO DO OESTE";"Falta de Atenção à Condução";"Colisão traseira";"Com Vítimas Feridas";"Amanhecer";"Crescente";"Chuva";"Simples";"Desvio Temporário";"Não";2;0;1;0;1;0;1;2;"-10.638373";"-62.31432";"SR-RO";"DEL21/3";"UOP02/RO"
188116;2019-01-29;"terça-feira";"11:40:00";"SP";381;75,9;"SAO PAULO";"Pista Escorregadia";"Engavetamento";"Com Vítimas Feridas";"Pleno dia";"Crescente";"Céu Claro";"Dupla";"Desvio Temporário";"Não";10;0;1;0;9;0;1;10;"-23.38659014";"-46.56689603";"SR-SP";"DEL6/3";"UOP02/SP"
188117;2019-01-28;"segunda-feira";"22:00:00";"RO";364;398;"OURO PRETO DO OESTE";"Condutor Dormindo";"Colisão lateral";"Com Vítimas Feridas";"Plena Noite";"Decrescente";"Chuva";"Simples";"Reta";"Não";2;0;1;0;1;0;1;2;"-10.617642";"-62.331509";"SR-RO";"DEL21/3";"UOP02/RO"
188118;2019-01-29;"terça-feira";"09:35:00";"RO";364;238,4;"CACOAL";"Falta de Atenção à Condução";"Colisão traseira";"Com Vítimas Feridas";"Pleno dia";"Decrescente";"Garoa/Chuvisco";"Simples";"Não Informado";"Sim";4;0;1;0;3;0;1;3;"-11.438849";"-61.454727";"SR-RO";"DEL21/2";"UOP02/RO"
188119;2019-01-29;"terça-feira";"10:30:00";"PA";308;195;"BRAGANCA";"Falta de Atenção à Condução";"Colisão frontal";"Com Vítimas Feridas";"Pleno dia";"Crescente";"Céu Claro";"Simples";"Reta";"Sim";4;0;3;1;0;0;4;2;"-1.06904502";"-46.83540344";"SR-PA";"DEL19/1";"UOP04/PA"
188122;2019-01-29;"terça-feira";"11:50:00";"PR";116;87,8;"PIRAQUARA";"Defeito na Via";"Danos eventuais";"Com Vítimas Feridas";"Pleno dia";"Decrescente";"Sol";"Dupla";"Reta";"Não";4;0;1;0;3;0;1;2;"-25.441029";"-49.092434";"SR-PR";"DEL7/1";"UOP01/PR"
188123;2019-01-29;"terça-feira";"11:17:00";"CE";222;235,9;"SOBRAL";"Falta de Atenção do Pedestre";"Atropelamento de Pedestre";"Com Vítimas Feridas";"Pleno dia";"Crescente";"Sol";"Simples";"Reta";"Não";2;0;1;0;1;0;1;1;"-3.713665";"-40.435513";"SR-CE";"DEL16/4";"UOP01/CE"
188124;2019-01-29;"terça-feira";"12:00:00";"PR";476;79,5;"BOCAIUVA DO SUL";"Ultrapassagem Indevida";"Colisão traseira";"Com Vítimas Fatais";"Pleno dia";"Crescente";"Sol";"Simples";"Curva";"Não";4;1;0;0;3;0;0;2;"-25.121136";"-49.095448";"SR-PR";"DEL7/1";"UOP01/PR"
188125;2019-01-29;"terça-feira";"12:15:00";"ES";101;293,9;"CARIACICA";"Desobediência às normas de trânsito pelo condutor";"Colisão lateral";"Com Vítimas Feridas";"Pleno dia";"Decrescente";"Céu Claro";"Múltipla";"Não Informado";"Sim";2;0;0;1;1;0;1;2;"-20.32428351";"-40.39518535";"SR-ES";"DEL12/1";"UOP01/ES"
188126;2019-01-29;"terça-feira";"11:20:00";"BA";101;725,8;"EUNAPOLIS";"Velocidade Incompatível";"Tombamento";"Com Vítimas Feridas";"Pleno dia";"Crescente";"Sol";"Simples";"Não Informado";"Não";3;0;3;0;0;0;3;1;"-16.4239";"-39.5818";"SR-BA";"DEL10/9";"UOP01/BA"
188127;2019-01-29;"terça-feira";"12:50:00";"PR";376;151,5;"PRESIDENTE CASTELO BRANCO";"Avarias e/ou desgaste excessivo no pneu";"Queda de ocupante de veículo";"Com Vítimas Feridas";"Pleno dia";"Crescente";"Sol";"Dupla";"Reta";"Não";2;0;1;1;0;0;2;1;"-23.30505428";"-52.11193085";"SR-PR";"DEL7/7";"UOP04/PR"
188128;2019-01-29;"terça-feira";"13:00:00";"SP";101;49,9;"UBATUBA";"Falta de Atenção à Condução";"Atropelamento de Pedestre";"Com Vítimas Feridas";"Pleno dia";"Crescente";"Sol";"Simples";"Reta";"Sim";2;0;0;1;1;0;1;1;"-23.45022";"-45.077404";"SR-SP";"DEL6";"UOP03/SP"
188129;2019-01-29;"terça-feira";"11:45:00";"SE";101;112;"SAO CRISTOVAO";"Não guardar distância de segurança";"Engavetamento";"Sem Vítimas";"Pleno dia";"Crescente";"Sol";"Dupla";"Não Informado";"Não";3;0;0;0;3;0;0;3;"-10.9935";"-37.2986";"SR-SE";"DEL20/2";"UOP01/SE"
188130;2019-01-29;"terça-feira";"11:30:00";"SE";101;112;"SAO CRISTOVAO";"Falta de Atenção à Condução";"Tombamento";"Com Vítimas Feridas";"Pleno dia";"Decrescente";"Céu Claro";"Dupla";"Não Informado";"Não";2;0;2;0;0;0;2;1;"-10.9935";"-37.2986";"SR-SE";"DEL20/2";"UOP01/SE"
188131;2019-01-29;"terça-feira";"09:35:00";"PR";153;49,2;"SANTO ANTONIO DA PLATINA";"Defeito Mecânico no Veículo";"Incêndio";"Sem Vítimas";"Pleno dia";"Crescente";"Céu Claro";"Simples";"Reta";"Não";1;0;0;0;1;0;0;1;"-23.380451";"-50.061455";"SR-PR";"DEL7/7";"UOP07/PR"
188132;2019-01-29;"terça-feira";"12:20:00";"BA";242;410;"SEABRA";"Desobediência às normas de trânsito pelo condutor";"Colisão transversal";"Com Vítimas Feridas";"Pleno dia";"Crescente";"Céu Claro";"Simples";"Reta";"Não";3;0;2;0;1;0;2;2;"-12.485007";"-41.73613";"SR-BA";"DEL 10/10";"UOP02/BA"
188133;2019-01-29;"terça-feira";"13:30:00";"GO";153;680,5;"PANAMA";"Falta de Atenção à Condução";"Saída de leito carroçável";"Com Vítimas Feridas";"Pleno dia";"Crescente";"Céu Claro";"Dupla";"Reta";"Não";3;0;2;1;0;0;3;1;"-18.2247";"-49.266";"SR-GO";"DEL1/3";"UOP02/GO"
188134;2019-01-29;"terça-feira";"13:25:00";"ES";101;292;"CARIACICA";"Falta de Atenção à Condução";"Queda de ocupante de veículo";"Com Vítimas Feridas";"Pleno dia";"Decrescente";"Sol";"Dupla";"Reta";"Sim";2;0;0;1;1;0;1;1;"-20.30819976";"-40.39470169";"SR-ES";"DEL12/1";"UOP01/ES"
188135;2019-01-29;"terça-feira";"10:10:00";"CE";116;268,4;"JAGUARIBARA";"Falta de Atenção à Condução";"Saída de leito carroçável";"Com Vítimas Feridas";"Pleno dia";"Decrescente";"Céu Claro";"Simples";"Não Informado";"Não";1;0;1;0;0;0;1;1;"-5.647902";"-38.454357";"SR-CE";"DEL16/5";"UOP02/CE"
188136;2019-01-29;"terça-feira";"13:20:00";"PR";376;322,2;"ORTIGUEIRA";"Velocidade Incompatível";"Derramamento de carga";"Sem Vítimas";"Pleno dia";"Decrescente";"Céu Claro";"Simples";"Curva";"Sim";2;0;0;0;2;0;0;2;"-24.04137979";"-51.07648015";"SR-PR";"DEL7/7";"UOP02/PR"
188138;2019-01-29;"terça-feira";"12:10:00";"SC";101;88;"BARRA VELHA";"Desobediência às normas de trânsito pelo condutor";"Colisão frontal";"Com Vítimas Feridas";"Pleno dia";"Decrescente";"Céu Claro";"Dupla";"Interseção de vias";"Sim";2;0;1;0;1;0;1;2;"-26.6597";"-48.6883";"SR-SC";"DEL8/3";"UOP02/SC"
188139;2019-01-29;"terça-feira";"09:00:00";"SC";280;305;"PORTO UNIAO";"Desobediência às normas de trânsito pelo condutor";"Colisão transversal";"Com Vítimas Feridas";"Pleno dia";"Decrescente";"Céu Claro";"Simples";"Interseção de vias";"Sim";2;0;0;1;1;0;1;2;"-26.296299";"-50.915482";"SR-SC";"DEL8/6";"UOP04/SC"
188141;2019-01-29;"terça-feira";"08:30:00";"SC";282;179,8;"BOCAINA DO SUL";"Condutor Dormindo";"Saída de leito carroçável";"Com Vítimas Feridas";"Pleno dia";"Crescente";"Céu Claro";"Simples";"Curva";"Não";5;0;4;0;1;0;4;1;"-27.740141";"-49.930519";"SR-SC";"DEL8/5";"UOP01/SC"
188142;2019-01-29;"terça-feira";"13:05:00";"GO";153;351,9;"JARAGUA";"Defeito na Via";"Saída de leito carroçável";"Com Vítimas Feridas";"Pleno dia";"Decrescente";"Sol";"Simples";"Reta";"Não";4;0;4;0;0;0;4;1;"-15.674459";"-49.346455";"SR-GO";"DEL1/2";"UOP02/GO"
188143;2019-01-29;"terça-feira";"13:10:00";"MG";365;613;"UBERLANDIA";"Falta de Atenção à Condução";"Colisão frontal";"Com Vítimas Feridas";"Pleno dia";"Crescente";"Céu Claro";"Simples";"Reta";"Sim";3;0;2;0;1;0;2;2;"-18.92331275";"-48.20125049";"SR-MG";"DEL4/15";"UOP01/MG"
188144;2019-01-29;"terça-feira";"12:00:00";"AL";316;181,9;"BELEM";"Defeito Mecânico no Veículo";"Capotamento";"Com Vítimas Feridas";"Pleno dia";"Decrescente";"Céu Claro";"Simples";"Não Informado";"Não";3;0;0;1;2;0;1;1;"-9.584367";"-36.4352";"SR-AL";"DEL13/3";"UOP01/AL"
188145;2019-01-29;"terça-feira";"14:30:00";"DF";60;0,5;"BRASILIA";"Falta de Atenção à Condução";"Colisão lateral";"Com Vítimas Feridas";"Pleno dia";"Crescente";"Céu Claro";"Dupla";"Reta";"Não";2;0;1;0;1;0;1;2;"-15.882499";"-48.060212";"SR-DF";"DF";"UOP03/DF"
188147;2019-01-29;"terça-feira";"13:35:00";"RJ";101;328;"RIO DE JANEIRO";"Defeito Mecânico no Veículo";"Colisão lateral";"Com Vítimas Feridas";"Pleno dia";"Decrescente";"Céu Claro";"Dupla";"Reta";"Não";3;0;1;0;2;0;1;3;"-22.870275";"-43.165936";"SR-RJ";"DEL5/2";"UOP01/RJ"
188148;2019-01-29;"terça-feira";"15:15:00";"SC";101;203;"SAO JOSE";"Ingestão de Álcool";"Colisão lateral";"Com Vítimas Feridas";"Pleno dia";"Decrescente";"Sol";"Múltipla";"Reta";"Sim";3;0;0;1;1;1;1;2;"-27.5742";"-48.6134";"SR-SC";"DEL8/1";"UOP01/SC"
188149;2019-01-29;"terça-feira";"14:30:00";"SC";470;133,5;"LONTRAS";"Defeito Mecânico no Veículo";"Tombamento";"Com Vítimas Feridas";"Pleno dia";"Decrescente";"Céu Claro";"Simples";"Reta";"Não";1;0;1;0;0;0;1;1;"-27.174187";"-49.588497";"SR-SC";"DEL8/4";"UOP02/SC"
188150;2019-01-01;"terça-feira";"16:30:00";"PB";101;100;"SANTA RITA";"Desobediência às normas de trânsito pelo condutor";"Colisão lateral";"Com Vítimas Feridas";"Pleno dia";"Crescente";"Céu Claro";"Dupla";"Reta";"Não";3;0;0;2;0;1;2;2;"-7.1219";"-34.9478";"SR-PB";"DEL14/1";"UOP02/PB"
188151;2019-01-29;"terça-feira";"13:00:00";"SP";381;74,5;"SAO PAULO";"Não guardar distância de segurança";"Colisão traseira";"Com Vítimas Feridas";"Pleno dia";"Crescente";"Céu Claro";"Múltipla";"Curva";"Não";3;0;1;0;1;1;1;3;"-23.36881611";"-46.55453599";"SR-SP";"DEL6/3";"UOP02/SP"
188152;2019-01-29;"terça-feira";"15:25:00";"RS";386;258;"FONTOURA XAVIER";"Desobediência às normas de trânsito pelo condutor";"Colisão transversal";"Com Vítimas Feridas";"Pleno dia";"Crescente";"Nublado";"Simples";"Curva";"Não";5;0;3;0;2;0;3;2;"-28.89033013";"-52.41392765";"SR-RS";"DEL9/4";"UOP04/RS"
188153;2019-01-29;"terça-feira";"14:00:00";"MT";163;1043;"MATUPA";"Falta de Atenção à Condução";"Colisão transversal";"Com Vítimas Feridas";"Pleno dia";"Crescente";"Céu Claro";"Simples";"Reta";"Não";2;0;1;0;1;0;1;2;"-10.131323";"-54.931508";"SR-MT";"DEL2/6";"UOP02/MT"
188154;2019-01-29;"terça-feira";"11:20:00";"RO";364;627;"ITAPUA DO OESTE";"Falta de Atenção à Condução";"Tombamento";"Sem Vítimas";"Pleno dia";"Crescente";"Nublado";"Simples";"Reta";"Não";1;0;0;0;1;0;0;1;"-9.074378";"-63.345749";"SR-RO";"DEL21/3";"UOP03/RO"