"id";"data_inversa";"dia_semana";"horario";"uf";"br";"km";"municipio";"causa_acidente";"tipo_acidente";"classificacao_acidente";"fase_dia";"sentido_via";"condicao_metereologica";"tipo_pista";"tracado_via";"uso_solo";"pessoas";"mortos";"feridos_leves";"feridos_graves";"ilesos";"ignorados";"feridos";"veiculos";"latitude";"longitude";"regional";"delegacia";"uop"
188155;2019-01-03;"quinta-feira";"08:00:00";"PB";405;1,8;"UIRAUNA";"Condutor Dormindo";"Saída de leito carroçável";"Com Vítimas Feridas";"Pleno dia";"Crescente";"Céu Claro";"Simples";"Reta";"Não";1;0;1;0;0;0;1;1;"-6.469172";"-38.381801";"SR-PB";"DEL14/3";"UOP03/PB"
188157;2019-01-29;"terça-feira";"14:35:00";"MT";158;570;"AGUA BOA";"Defeito Mecânico no Veículo";"Queda de ocupante de veículo";"Com Vítimas Feridas";"Pleno dia";"Decrescente";"Céu Claro";"Simples";"Curva";"Sim";2;0;2;0;0;0;2;1;"-14.0868611";"-52.1609142";"SR-MT";"DEL2/8";"UOP02/MT"
188158;2019-01-29;"terça-feira";"16:35:00";"SC";101;137,5;"BALNEARIO CAMBORIU";"Desobediência às normas de trânsito pelo condutor";"Colisão frontal";"Com Vítimas Feridas";"Pleno dia";"Crescente";"Nublado";"Simples";"Reta";"Sim";3;0;1;0;1;1;1;2;"-27.024";"-48.6074";"SR-SC";"DEL8/4";"UOP03/SC"
188160;2019-01-29;"terça-feira";"13:00:00";"AC";364;138,7;"RIO BRANCO";"Defeito Mecânico no Veículo";"Colisão com objeto estático";"Sem Vítimas";"Pleno dia";"Decrescente";"Céu Claro";"Dupla";"Curva";"Sim";1;0;0;0;1;0;0;1;"-9.961135";"-67.856461";"SR-AC";"UOP01/AC";""
188162;2019-01-03;"quinta-feira";"19:45:00";"PB";230;198,9;"POCINHOS";"Ultrapassagem Indevida";"Colisão frontal";"Com Vítimas Fatais";"Plena Noite";"Crescente";"Céu Claro";"Simples";"Reta";"Não";4;2;1;1;0;0;2;2;"-7.1106";"-36.22";"SR-PB";"DEL14/2";"UOP02/PB"
188163;2019-01-29;"terça-feira";"12:00:00";"ES";262;100;"VENDA NOVA DO IMIGRANTE";"Condutor Dormindo";"Tombamento";"Sem Vítimas";"Pleno dia";"Decrescente";"Céu Claro";"Simples";"Reta";"Não";1;0;0;0;1;0;0;1;"-20.3488";"-41.1028";"SR-ES";"DEL12/1";"UOP02/ES"
188165;2019-01-29;"terça-feira";"16:00:00";"GO";452;159;"ITUMBIARA";"Desobediência às normas de trânsito pelo condutor";"Colisão lateral";"Com Vítimas Feridas";"Pleno dia";"Crescente";"Sol";"Simples";"Curva";"Não";3;0;1;0;2;0;1;3;"-18.29651332";"-49.5356369";"SR-GO";"DEL1/3";"UOP02/GO"
188166;2019-01-29;"terça-feira";"16:40:00";"MG";116;417;"GOVERNADOR VALADARES";"Desobediência às normas de trânsito pelo condutor";"Colisão lateral";"Com Vítimas Feridas";"Pleno dia";"Crescente";"Sol";"Simples";"Reta";"Sim";3;0;0;2;1;0;2;2;"-18.89741007";"-41.94723845";"SR-MG";"DEL4/6";"UOP01/MG"
188167;2019-01-29;"terça-feira";"17:30:00";"PR";277;589;"CASCAVEL";"Falta de Atenção à Condução";"Colisão transversal";"Sem Vítimas";"Pleno dia";"Crescente";"Céu Claro";"Simples";"Interseção de vias";"Sim";2;0;0;0;2;0;0;2;"-25.02817";"-53.55983";"SR-PR";"DEL7/4";"UOP01/PR"
188168;2019-01-29;"terça-feira";"16:30:00";"SP";116;513;"CAJATI";"Defeito Mecânico no Veículo";"Colisão traseira";"Com Vítimas Feridas";"Pleno dia";"Decrescente";"Céu Claro";"Dupla";"Desvio Temporário";"Não";2;0;1;0;1;0;1;2;"-24.84611352";"-48.21361521";"SR-SP";"DEL6/5";"UOP02/SP"
188169;2019-01-29;"terça-feira";"17:45:00";"SC";101;135,3;"BALNEARIO CAMBORIU";"Defeito Mecânico no Veículo";"Tombamento";"Com Vítimas Feridas";"Pleno dia";"Crescente";"Sol";"Dupla";"Reta";"Sim";1;0;1;0;0;0;1;1;"-27.0081";"-48.617";"SR-SC";"DEL8/4";"UOP03/SC"
188170;2019-01-29;"terça-feira";"17:05:00";"RJ";116;179;"BELFORD ROXO";"Não guardar distância de segurança";"Colisão lateral";"Com Vítimas Feridas";"Pleno dia";"Crescente";"Céu Claro";"Dupla";"Reta";"Não";4;0;2;1;1;0;3;3;"-22.769873";"-43.408077";"SR-RJ";"DEL5/1";"UOP02/RJ"
188171;2019-01-29;"terça-feira";"17:40:00";"MG";381;493,5;"BETIM";"Pista Escorregadia";"Tombamento";"Com Vítimas Feridas";"Pleno dia";"Crescente";"Chuva";"Múltipla";"Reta";"Sim";2;0;1;0;1;0;1;2;"-19.966";"-44.1775";"SR-MG";"DEL4/1";"UOP03/MG"
188172;2019-01-29;"terça-feira";"15:50:00";"MT";364;523,9;"ROSARIO OESTE";"Falta de Atenção à Condução";"Colisão traseira";"Com Vítimas Feridas";"Pleno dia";"Crescente";"Céu Claro";"Simples";"Reta";"Não";2;0;1;0;1;0;1;2;"-15.067201";"-56.517517";"SR-MT";"DEL2/4";"UOP02/MT"
188173;2019-01-29;"terça-feira";"16:40:00";"RS";290;151;"ARROIO DOS RATOS";"Desobediência às normas de trânsito pelo condutor";"Colisão frontal";"Com Vítimas Feridas";"Pleno dia";"Crescente";"Sol";"Simples";"Reta";"Sim";4;0;2;0;2;0;2;2;"-30.105392";"-51.717197";"SR-RS";"DEL9/2";"UOP01/RS"
188174;2019-01-29;"terça-feira";"17:45:00";"MG";50;77;"UBERLANDIA";"Pista Escorregadia";"Colisão com objeto estático";"Com Vítimas Feridas";"Pleno dia";"Crescente";"Chuva";"Simples";"Curva";"Não";1;0;1;0;0;0;1;1;"-18.84813713";"-48.25195313";"SR-MG";"DEL4/15";"UOP01/MG"
188175;2019-01-29;"terça-feira";"17:00:00";"BA";110;244;"OLINDINA";"Desobediência às normas de trânsito pelo condutor";"Colisão lateral";"Com Vítimas Feridas";"Pleno dia";"Decrescente";"Céu Claro";"Simples";"Reta";"Sim";3;0;1;0;2;0;1;2;"-11.373";"-38.3178";"SR-BA";"DEL10/1";"UOP04/BA"
188176;2019-01-29;"terça-feira";"17:49:00";"SC";101;255;"PAULO LOPES";"Animais na Pista";"Tombamento";"Com Vítimas Feridas";"Pleno dia";"Crescente";"Céu Claro";"Simples";"Reta";"Sim";1;0;1;0;0;0;1;1;"-27.9949";"-48.6853";"SR-SC";"DEL8/2";"UOP03/SC"
188178;2019-01-29;"terça-feira";"17:10:00";"PE";101;46,5;"IGARASSU";"Falta de Atenção à Condução";"Colisão lateral";"Com Vítimas Feridas";"Anoitecer";"Crescente";"Céu Claro";"Múltipla";"Reta";"Sim";2;0;1;0;1;0;1;2;"-7.8802";"-34.905";"SR-PE";"DEL11/1";"UOP02/PE"
188179;2019-01-29;"terça-feira";"17:25:00";"PI";343;12,9;"PARNAIBA";"Ingestão de Álcool";"Colisão lateral";"Sem Vítimas";"Pleno dia";"Decrescente";"Sol";"Dupla";"Reta";"Sim";2;0;0;0;2;0;0;2;"-2.910035";"-41.753662";"SR-PI";"DEL17/5";"UOP01/PI"
188181;2019-01-29;"terça-feira";"18:10:00";"SP";381;61,2;"MAIRIPORA";"Pista Escorregadia";"Colisão com objeto estático";"Com Vítimas Feridas";"Pleno dia";"Crescente";"Nublado";"Dupla";"Curva";"Sim";2;0;1;0;1;0;1;1;"-23.29294066";"-46.5740774";"SR-SP";"DEL6/3";"UOP02/SP"
188182;2019-01-29;"terça-feira";"18:45:00";"PR";277;598;"CASCAVEL";"Falta de Atenção à Condução";"Colisão transversal";"Com Vítimas Feridas";"Pleno dia";"Crescente";"Céu Claro";"Simples";"Reta";"Sim";2;0;1;0;1;0;1;2;"-24.99290404";"-53.51277351";"SR-PR";"DEL7/4";"UOP01/PR"
188184;2019-01-29;"terça-feira";"16:50:00";"PI";343;337,7;"TERESINA";"Falta de Atenção à Condução";"Colisão frontal";"Com Vítimas Fatais";"Pleno dia";"Decrescente";"Céu Claro";"Dupla";"Reta";"Sim";2;1;0;0;1;0;0;2;"-5.061969";"-42.714039";"SR-PI";"DEL17/1";"UOP01/PI"
188185;2019-01-29;"terça-feira";"17:30:00";"PR";277;118;"CAMPO LARGO";"Falta de Atenção à Condução";"Colisão transversal";"Com Vítimas Feridas";"Pleno dia";"Decrescente";"Céu Claro";"Simples";"Interseção de vias";"Sim";2;0;1;0;1;0;1;2;"-25.46363458";"-49.58905242";"SR-PR";"DEL7/1";"UOP05/PR"
188186;2019-01-29;"terça-feira";"17:40:00";"SP";116;277,9;"EMBU DAS ARTES";"Não guardar distância de segurança";"Colisão traseira";"Com Vítimas Feridas";"Pleno dia";"Crescente";"Céu Claro";"Dupla";"Curva";"Sim";4;0;1;0;3;0;1;3;"-23.635601";"-46.826878";"SR-SP";"DEL6/4";"UOP01/SP"
188187;2019-01-29;"terça-feira";"18:30:00";"SP";488;4,9;"APARECIDA";"Defeito Mecânico no Veículo";"Colisão com objeto em movimento";"Com Vítimas Feridas";"Pleno dia";"Crescente";"Céu Claro";"Dupla";"Reta";"Sim";3;0;1;0;2;0;1;3;"-22.86401612";"-45.25556087";"SR-SP";"DEL6/8";"UOP02/SP"
188188;2019-01-29;"terça-feira";"18:31:00";"SP";116;58,1;"GUARATINGUETA";"Falta de Atenção à Condução";"Colisão lateral";"Com Vítimas Feridas";"Anoitecer";"Crescente";"Céu Claro";"Dupla";"Reta";"Não";3;0;1;0;2;0;1;3;"-22.780096";"-45.145782";"SR-SP";"DEL6/8";"UOP02/SP"
188189;2019-01-29;"terça-feira";"18:25:00";"MG";116;704,6;"MURIAE";"Não guardar distância de segurança";"Colisão traseira";"Com Vítimas Feridas";"Pleno dia";"Crescente";"Sol";"Simples";"Reta";"Sim";2;0;1;0;1;0;1;2;"-21.125323";"-42.382291";"SR-MG";"DEL4/7";"UOP02/MG"
188190;2019-01-29;"terça-feira";"18:50:00";"GO";70;6;"AGUAS LINDAS DE GOIAS";"Defeito Mecânico no Veículo";"Queda de ocupante de veículo";"Com Vítimas Feridas";"Anoitecer";"Crescente";"Céu Claro";"Dupla";"Reta";"Sim";2;0;2;0;0;0;2;1;"-15.7481";"-48.2635";"SR-DF";"GO";"UOP06/DF"
188191;2019-01-29;"terça-feira";"19:08:00";"ES";101;144,7;"LINHARES";"Falta de Atenção à Condução";"Colisão traseira";"Com Vítimas Feridas";"Anoitecer";"Crescente";"Nublado";"Simples";"Reta";"Sim";3;0;0;1;2;0;1;2;"-19.35951133";"-40.06475777";"SR-ES";"DEL12/4";"UOP01/ES"
188192;2019-01-29;"terça-feira";"18:10:00";"MG";40;43,3;"PARACATU";"Desobediência às normas de trânsito pelo condutor";"Colisão lateral";"Com Vítimas Feridas";"Pleno dia";"Crescente";"Céu Claro";"Simples";"Reta";"Sim";2;0;1;0;1;0;1;2;"-17.225937";"-46.861691";"SR-MG";"DEL4/14";"UOP01/MG"
188194;2019-01-29;"terça-feira";"18:30:00";"ES";262;100,5;"VENDA NOVA DO IMIGRANTE";"Defeito Mecânico no Veículo";"Colisão lateral";"Sem Vítimas";"Plena Noite";"Crescente";"Céu Claro";"Simples";"Curva";"Não";1;0;0;0;1;0;0;1;"-20.34398313";"-41.10895157";"SR-ES";"DEL12/1";"UOP02/ES"
188195;2019-01-29;"terça-feira";"09:50:00";"RS";285;195,1;"LAGOA VERMELHA";"Desobediência às normas de trânsito pelo condutor";"Colisão transversal";"Com Vítimas Feridas";"Pleno dia";"Decrescente";"Céu Claro";"Simples";"Não Informado";"Não";2;0;1;0;1;0;1;2;"-28.22592592";"-51.50709808";"SR-RS";"DEL08";"UOP05/RS"
188196;2019-01-29;"terça-feira";"15:40:00";"SC";101;374,9;"ICARA";"Objeto estático sobre o leito carroçável";"Colisão traseira";"Com Vítimas Feridas";"Pleno dia";"Crescente";"Nublado";"Dupla";"Reta";"Não";4;0;2;0;2;0;2;3;"-28.7179";"-49.2327";"SR-SC";"DEL8/2";"UOP01/SC"
188197;2019-01-29;"terça-feira";"19:30:00";"RS";116;293;"CAMAQUA";"Falta de Atenção à Condução";"Colisão lateral";"Com Vítimas Feridas";"Anoitecer";"Decrescente";"Céu Claro";"Simples";"Reta";"Sim";5;0;3;0;2;0;3;2;"-30.85434246";"-51.7786932";"SR-RS";"DEL9/2";"UOP01/RS"
188198;2019-01-29;"terça-feira";"18:00:00";"RJ";101;316;"SAO GONCALO";"Falta de Atenção à Condução";"Colisão traseira";"Com Vítimas Feridas";"Pleno dia";"Crescente";"Céu Claro";"Dupla";"Reta";"Sim";2;0;1;0;1;0;1;2;"-22.828388";"-43.092102";"SR-RJ";"DEL5/2";"UOP02/RJ"
188200;2019-01-29;"terça-feira";"19:50:00";"PR";277;669,5;"MEDIANEIRA";"Avarias e/ou desgaste excessivo no pneu";"Tombamento";"Com Vítimas Feridas";"Anoitecer";"Decrescente";"Céu Claro";"Dupla";"Reta";"Não";2;0;2;0;0;0;2;1;"-25.275639";"-54.071018";"SR-PR";"DEL7/5";"UOP02/PR"
188201;2019-01-29;"terça-feira";"18:20:00";"BA";101;125;"ARAMARI";"Ultrapassagem Indevida";"Colisão frontal";"Com Vítimas Feridas";"Plena Noite";"Decrescente";"Céu Claro";"Simples";"Não Informado";"Não";5;0;3;0;2;0;3;3;"-12.1589";"-38.5436";"SR-BA";"DEL10/1";"UOP04/BA"
188204;2019-01-28;"segunda-feira";"07:40:00";"BA";110;340;"ALAGOINHAS";"Ultrapassagem Indevida";"Colisão com objeto estático";"Sem Vítimas";"Pleno dia";"Decrescente";"Céu Claro";"Simples";"Reta";"Não";2;0;0;0;2;0;0;2;"-12.1631";"-38.415";"SR-BA";"DEL10/1";"UOP04/BA"
188205;2019-01-29;"terça-feira";"20:05:00";"ES";101;96,6;"JAGUARE";"Falta de Atenção à Condução";"Colisão traseira";"Com Vítimas Feridas";"Plena Noite";"Decrescente";"Céu Claro";"Simples";"Desvio Temporário";"Não";3;0;1;0;2;0;1;2;"-18.95270108";"-39.9823566";"SR-ES";"DEL12/4";"UOP02/ES"
188206;2019-01-29;"terça-feira";"16:35:00";"MA";402;21,4;"ROSARIO";"Defeito Mecânico no Veículo";"Incêndio";"Com Vítimas Feridas";"Pleno dia";"Decrescente";"Nublado";"Simples";"Reta";"Não";5;0;1;0;4;0;1;1;"-2.925632";"-44.159115";"SR-MA";"DEL18/1";"UOP01/MA"
188207;2019-01-29;"terça-feira";"19:00:00";"PE";232;440,5;"SERRA TALHADA";"Velocidade Incompatível";"Colisão traseira";"Com Vítimas Feridas";"Plena Noite";"Decrescente";"Céu Claro";"Simples";"Ponte";"Não";2;0;0;1;0;1;1;2;"-8.01280501";"-38.56537521";"SR-PE";"DEL11/4";"UOP01/PE"
188208;2019-01-29;"terça-feira";"18:30:00";"PR";369;403;"MAMBORE";"Defeito Mecânico no Veículo";"Incêndio";"Sem Vítimas";"Pleno dia";"Decrescente";"Céu Claro";"Simples";"Reta";"Não";1;0;0;0;1;0;0;1;"-24.3211";"-52.6431";"SR-PR";"DEL7/4";"UOP04/PR"
188209;2019-01-29;"terça-feira";"20:35:00";"DF";60;1,2;"BRASILIA";"Falta de Atenção do Pedestre";"Atropelamento de Pedestre";"Com Vítimas Fatais";"Plena Noite";"Crescente";"Céu Claro";"Dupla";"Reta";"Sim";3;1;1;1;0;0;2;1;"-15.885093";"-48.068954";"SR-DF";"DF";"UOP03/DF"
188210;2019-01-29;"terça-feira";"19:45:00";"SC";163;7,2;"DIONISIO CERQUEIRA";"Desobediência às normas de trânsito pelo condutor";"Colisão transversal";"Com Vítimas Feridas";"Anoitecer";"Crescente";"Nublado";"Simples";"Reta";"Sim";4;0;1;0;3;0;1;2;"-26.258162";"-53.616738";"SR-SC";"DEL7";"UOP03/SC"
188211;2019-01-29;"terça-feira";"19:40:00";"RJ";116;286,5;"BARRA MANSA";"Falta de Atenção à Condução";"Colisão lateral";"Sem Vítimas";"Anoitecer";"Crescente";"Céu Claro";"Dupla";"Reta";"Não";2;0;0;0;2;0;0;2;"-22.547443";"-44.183659";"SR-RJ";"DEL5/7";"UOP02/RJ"
188212;2019-01-29;"terça-feira";"19:20:00";"TO";153;133,2;"ARAGUAINA";"Falta de Atenção à Condução";"Saída de leito carroçável";"Com Vítimas Feridas";"Plena Noite";"Crescente";"Nublado";"Simples";"Retorno Regulamentado";"Não";1;0;1;0;0;0;1;1;"-7.114655";"-48.187469";"SR-TO";"UOP04/TO";""
188213;2019-01-29;"terça-feira";"13:30:00";"SC";282;71,9;"RANCHO QUEIMADO";"Velocidade Incompatível";"Colisão lateral";"Sem Vítimas";"Pleno dia";"Crescente";"Sol";"Simples";"Não Informado";"Não";2;0;0;0;2;0;0;2;"-27.689093";"-49.097748";"SR-SC";"DEL8/1";"UOP03/SC"
188214;2019-01-29;"terça-feira";"19:00:00";"MG";381;412;"NOVA UNIAO";"Desobediência às normas de trânsito pelo condutor";"Colisão frontal";"Com Vítimas Feridas";"Anoitecer";"Decrescente";"Sol";"Simples";"Curva";"Não";2;0;1;0;1;0;1;2;"-19.74161136";"-43.55483651";"SR-MG";"DEL4/1";"UOP01/MG"
188215;2019-01-29;"terça-feira";"16:00:00";"BA";242;314;"IBIQUERA";"Pista Escorregadia";"Capotamento";"Com Vítimas Feridas";"Pleno dia";"Crescente";"Garoa/Chuvisco";"Simples";"Curva";"Não";4;0;3;0;1;0;3;1;"-12.464809";"-40.932865";"SR-BA";"DEL10/6";"UOP01/BA"
188216;2019-01-29;"terça-feira";"20:20:00";"PB";230;24,5;"JOAO PESSOA";"Avarias e/ou desgaste excessivo no pneu";"Tombamento";"Com Vítimas Feridas";"Plena Noite";"Crescente";"Céu Claro";"Dupla";"Curva";"Sim";2;0;1;0;1;0;1;1;"-7.1637";"-34.8618";"SR-PB";"DEL14/1";"UOP01/PB"
188218;2019-01-29;"terça-feira";"20:05:00";"PI";316;43;"LAGOA DO PIAUI";"Animais na Pista";"Atropelamento de Animal";"Com Vítimas Feridas";"Plena Noite";"Decrescente";"Céu Claro";"Simples";"Reta";"Não";1;0;1;0;0;0;1;1;"-5.41966093";"-42.64042854";"SR-PI";"DEL17/1";"UOP02/PI"
188219;2019-01-29;"terça-feira";"20:30:00";"CE";222;148,9;"IRAUCUBA";"Falta de Atenção à Condução";"Colisão transversal";"Com Vítimas Feridas";"Plena Noite";"Crescente";"Céu Claro";"Simples";"Curva";"Sim";3;0;1;0;2;0;1;2;"-3.750017";"-39.77301";"SR-CE";"DEL16/4";"UOP03/CE"
188220;2019-01-29;"terça-feira";"21:30:00";"RJ";393;281;"VOLTA REDONDA";"Desobediência às normas de trânsito pelo condutor";"Colisão lateral";"Com Vítimas Feridas";"Plena Noite";"Decrescente";"Céu Claro";"Simples";"Reta";"Sim";2;0;1;0;0;1;1;2;"-22.473669";"-44.058193";"SR-RJ";"DEL5/5";"UOP02/RJ"
188221;2019-01-29;"terça-feira";"21:40:00";"DF";60;4,3;"BRASILIA";"Desobediência às normas de trânsito pelo condutor";"Colisão transversal";"Sem Vítimas";"Plena Noite";"Crescente";"Céu Claro";"Dupla";"Retorno Regulamentado";"Não";2;0;0;0;2;0;0;2;"-15.892721";"-48.095741";"SR-DF";"DF";"UOP03/DF"
188222;2019-01-29;"terça-feira";"21:00:00";"MG";381;920,1;"CAMANDUCAIA";"Falta de Atenção à Condução";"Colisão traseira";"Com Vítimas Feridas";"Plena Noite";"Crescente";"Céu Claro";"Dupla";"Reta";"Não";6;0;4;0;1;1;4;3;"-22.761";"-46.1686";"SR-MG";"DEL09";"UOP03/MG"
188223;2019-01-29;"terça-feira";"13:50:00";"PR";476;333,1;"PAULA FREITAS";"Falta de Atenção à Condução";"Atropelamento de Pedestre";"Com Vítimas Feridas";"Pleno dia";"Crescente";"Céu Claro";"Simples";"Curva";"Não";2;0;0;1;1;0;1;1;"-26.157049";"-50.883564";"SR-PR";"DEL7/2";"UOP02/PR"
188224;2019-01-29;"terça-feira";"19:30:00";"MG";356;266,3;"MURIAE";"Falta de Atenção do Pedestre";"Atropelamento de Pedestre";"Com Vítimas Feridas";"Anoitecer";"Crescente";"Céu Claro";"Simples";"Rotatória";"Não";2;0;1;0;1;0;1;1;"-21.125526";"-42.375477";"SR-MG";"DEL4/7";"UOP02/MG"
188225;2019-01-29;"terça-feira";"21:20:00";"MG";116;278;"TEOFILO OTONI";"Falta de Atenção à Condução";"Colisão transversal";"Com Vítimas Feridas";"Plena Noite";"Crescente";"Céu Claro";"Simples";"Reta";"Sim";2;0;1;0;1;0;1;2;"-17.86720483";"-41.51686051";"SR-MG";"DEL4/11";"UOP01/MG"
188227;2019-01-29;"terça-feira";"21:00:00";"RJ";116;174;"BELFORD ROXO";"Desobediência às normas de trânsito pelo condutor";"Colisão lateral";"Com Vítimas Feridas";"Plena Noite";"Crescente";"Céu Claro";"Múltipla";"Desvio Temporário";"Não";2;0;1;0;1;0;1;2;"-22.794237";"-43.364037";"SR-RJ";"DEL5/1";"UOP02/RJ"
188228;2019-01-29;"terça-feira";"18:15:00";"BA";324;619;"SALVADOR";"Defeito Mecânico no Veículo";"Queda de ocupante de veículo";"Com Vítimas Feridas";"Plena Noite";"Decrescente";"Céu Claro";"Múltipla";"Reta";"Sim";2;0;2;0;0;0;2;1;"-12.91163731";"-38.45897675";"SR-BA";"DEL10/1";"UOP01/BA"
188229;2019-01-29;"terça-feira";"21:00:00";"PA";222;241;"MARABA";"Ingestão de Álcool";"Colisão frontal";"Com Vítimas Feridas";"Plena Noite";"Crescente";"Céu Claro";"Simples";"Reta";"Sim";2;0;0;1;1;0;1;2;"-5.323977";"-49.085155";"SR-PA";"DEL19/3";"UOP01/PA"
188230;2019-01-29;"terça-feira";"22:00:00";"RS";116;313;"GUAIBA";"Defeito Mecânico no Veículo";"Saída de leito carroçável";"Com Vítimas Feridas";"Plena Noite";"Decrescente";"Céu Claro";"Simples";"Não Informado";"Não";1;0;1;0;0;0;1;1;"-30.227467";"-51.405811";"SR-RS";"DEL9/2";"UOP01/RS"
188231;2019-01-29;"terça-feira";"22:50:00";"PR";277;77,3;"SAO JOSE DOS PINHAIS";"Ingestão de Álcool";"Colisão lateral";"Com Vítimas Feridas";"Plena Noite";"Crescente";"Céu Claro";"Dupla";"Reta";"Sim";2;0;1;0;1;0;1;2;"-25.48512061";"-49.18613434";"SR-PR";"DEL7/1";"UOP01/PR"
188232;2019-01-29;"terça-feira";"14:45:00";"MG";262;37,1;"MANHUACU";"Falta de Atenção à Condução";"Tombamento";"Com Vítimas Feridas";"Pleno dia";"Decrescente";"Céu Claro";"Simples";"Reta";"Não";1;0;0;1;0;0;1;1;"-20.25749";"-42.030487";"SR-MG";"DEL4/6";"UOP04/MG"
188233;2019-01-29;"terça-feira";"22:00:00";"GO";60;391;"RIO VERDE";"Defeito Mecânico no Veículo";"Queda de ocupante de veículo";"Com Vítimas Feridas";"Plena Noite";"Crescente";"Céu Claro";"Dupla";"Reta";"Não";2;0;2;0;0;0;2;1;"-17.8252";"-50.9624";"SR-GO";"DEL1/4";"UOP01/GO"
188234;2019-01-29;"terça-feira";"20:00:00";"RS";386;204,2;"VICTOR GRAEFF";"Condutor Dormindo";"Colisão frontal";"Com Vítimas Feridas";"Anoitecer";"Decrescente";"Céu Claro";"Simples";"Curva";"Não";3;0;1;0;2;0;1;2;"-28.50813444";"-52.64236756";"SR-RS";"DEL9/4";"UOP04/RS"
188235;2019-01-29;"terça-feira";"22:45:00";"PR";373;229,5;"IMBITUVA";"Falta de Atenção à Condução";"Colisão lateral";"Com Vítimas Feridas";"Plena Noite";"Decrescente";"Nublado";"Simples";"Reta";"Sim";41;0;1;3;36;1;4;2;"-25.17861198";"-50.65280914";"SR-PR";"DEL7/3";"UOP01/PR"
188236;2019-01-29;"terça-feira";"21:40:00";"CE";20;410;"CAUCAIA";"Falta de Atenção à Condução";"Colisão lateral";"Com Vítimas Feridas";"Plena Noite";"Decrescente";"Ignorado";"Dupla";"Reta";"Não";2;0;1;0;1;0;1;2;"-3.76999";"-38.670063";"SR-CE";"DEL16/1";"UOP01/CE"
188237;2019-01-29;"terça-feira";"16:00:00";"SP";116;420,8;"JUQUIA";"Avarias e/ou desgaste excessivo no pneu";"Tombamento";"Sem Vítimas";"Pleno dia";"Crescente";"Céu Claro";"Dupla";"Reta";"Não";1;0;0;0;1;0;0;1;"-24.35171019";"-47.65628815";"SR-SP";"DEL6/5";"UOP01/SP"
188238;2019-01-29;"terça-feira";"23:30:00";"MG";251;518,9;"MONTES CLAROS";"Falta de Atenção à Condução";"Colisão lateral";"Com Vítimas Feridas";"Plena Noite";"Crescente";"Céu Claro";"Simples";"Reta";"Não";2;0;0;1;1;0;1;2;"-16.6622";"-43.7657";"SR-MG";"DEL4/12";"UOP01/MG"
188239;2019-01-29;"terça-feira";"21:30:00";"PI";343;569;"FLORIANO";"Defeito Mecânico no Veículo";"Queda de ocupante de veículo";"Com Vítimas Feridas";"Plena Noite";"Crescente";"Céu Claro";"Simples";"Curva";"Não";2;0;2;0;0;0;2;1;"-6.72439";"-42.924717";"SR-PI";"DEL17/3";"UOP01/PI"
188240;2019-01-29;"terça-feira";"21:50:00";"RS";293;105,7;"PINHEIRO MACHADO";"Falta de Atenção à Condução";"Colisão traseira";"Com Vítimas Fatais";"Plena Noite";"Crescente";"Céu Claro";"Simples";"Reta";"Sim";2;1;0;0;1;0;0;2;"-31.582973";"-53.35569";"SR-RS";"DEL9/11";"UOP03/RS"
188241;2019-01-30;"quarta-feira";"00:25:00";"SC";101;81;"BARRA VELHA";"Falta de Atenção à Condução";"Colisão com objeto estático";"Sem Vítimas";"Plena Noite";"Crescente";"Céu Claro";"Múltipla";"Reta";"Não";2;0;0;0;2;0;0;2;"-26.6138";"-48.7205";"SR-SC";"DEL8/3";"UOP02/SC"
188242;2019-01-30;"quarta-feira";"00:40:00";"GO";60;116;"TEREZOPOLIS DE GOIAS";"Desobediência às normas de trânsito pelo pedestre";"Atropelamento de Pedestre";"Com Vítimas Feridas";"Plena Noite";"Decrescente";"Céu Claro";"Dupla";"Reta";"Não";2;0;0;1;1;0;1;1;"-16.4732";"-49.0789";"SR-GO";"DEL1/1";"UOP01/GO"
188243;2019-01-29;"terça-feira";"23:40:00";"PR";277;536,1;"IBEMA";"Carga excessiva e/ou mal acondicionada";"Derramamento de carga";"Sem Vítimas";"Plena Noite";"Crescente";"Céu Claro";"Simples";"Curva";"Sim";1;0;0;0;1;0;0;1;"-25.11477176";"-53.01235061";"SR-PR";"DEL7/4";"UOP02/PR"
188244;2019-01-30;"quarta-feira";"01:00:00";"GO";20;0,3;"FORMOSA";"Falta de Atenção do Pedestre";"Atropelamento de Pedestre";"Com Vítimas Fatais";"Plena Noite";"Decrescente";"Céu Claro";"Simples";"Reta";"Sim";2;1;0;0;0;1;0;1;"-15.581744";"-47.343241";"SR-DF";"GO";"UOP04/DF"
188245;2019-01-30;"quarta-feira";"02:15:00";"RS";290;45,1;"GLORINHA";"Condutor Dormindo";"Saída de leito carroçável";"Com Vítimas Feridas";"Plena Noite";"Decrescente";"Nublado";"Dupla";"Reta";"Não";2;0;1;0;0;1;1;1;"-29.890198";"-50.709991";"SR-RS";"DEL9/3";"UOP02/RS"
188246;2019-01-30;"quarta-feira";"00:05:00";"PI";316;41,1;"LAGOA DO PIAUI";"Animais na Pista";"Atropelamento de Animal";"Com Vítimas Feridas";"Plena Noite";"Decrescente";"Nublado";"Simples";"Reta";"Não";1;0;1;0;0;0;1;1;"-5.420629";"-42.639999";"SR-PI";"DEL17/1";"UOP02/PI"