"id";"data_inversa";"dia_semana";"horario";"uf";"br";"km";"municipio";"causa_acidente";"tipo_acidente";"classificacao_acidente";"fase_dia";"sentido_via";"condicao_metereologica";"tipo_pista";"tracado_via";"uso_solo";"pessoas";"mortos";"feridos_leves";"feridos_graves";"ilesos";"ignorados";"feridos";"veiculos";"latitude";"longitude";"regional";"delegacia";"uop"
188247;2019-01-30;"quarta-feira";"00:10:00";"PI";316;41,1;"LAGOA DO PIAUI";"Restrição de Visibilidade";"Colisão com objeto estático";"Sem Vítimas";"Plena Noite";"Decrescente";"Nublado";"Simples";"Reta";"Não";1;0;0;0;1;0;0;1;"-5.420629";"-42.639999";"SR-PI";"DEL17/1";"UOP02/PI"
188248;2019-01-30;"quarta-feira";"01:20:00";"RJ";101;288;"ITABORAI";"Falta de Atenção à Condução";"Colisão traseira";"Com Vítimas Feridas";"Plena Noite";"Decrescente";"Céu Claro";"Dupla";"Reta";"Não";2;0;1;0;1;0;1;2;"-22.759331";"-42.843201";"SR-RJ";"DEL5/2";"UOP03/RJ"
188250;2019-01-30;"quarta-feira";"05:45:00";"GO";50;265,1;"CATALAO";"Falta de Atenção à Condução";"Saída de leito carroçável";"Com Vítimas Feridas";"Amanhecer";"Decrescente";"Céu Claro";"Dupla";"Túnel";"Não";1;0;1;0;0;0;1;1;"-18.0702";"-47.8644";"SR-GO";"DEL1/6";"UOP01/GO"
188251;2019-01-30;"quarta-feira";"04:00:00";"MT";70;5;"BARRA DO GARCAS";"Ingestão de Álcool";"Colisão com objeto estático";"Sem Vítimas";"Plena Noite";"Crescente";"Céu Claro";"Dupla";"Reta";"Sim";1;0;0;0;1;0;0;1;"-15.878146";"-52.296227";"SR-MT";"DEL2/8";"UOP01/MT"
188252;2019-01-30;"quarta-feira";"06:35:00";"SC";470;55,6;"BLUMENAU";"Desobediência às normas de trânsito pelo condutor";"Colisão transversal";"Com Vítimas Feridas";"Amanhecer";"Crescente";"Nublado";"Simples";"Reta";"Não";2;0;0;1;1;0;1;2;"-26.875601";"-49.117992";"SR-SC";"DEL8/4";"UOP01/SC"
188253;2019-01-30;"quarta-feira";"06:15:00";"MG";381;882,9;"ESTIVA";"Falta de Atenção à Condução";"Colisão traseira";"Com Vítimas Feridas";"Pleno dia";"Crescente";"Céu Claro";"Dupla";"Reta";"Não";4;0;1;0;3;0;1;2;"-22.4837";"-46.0108";"SR-MG";"DEL09";"UOP01/MG"
188254;2019-01-30;"quarta-feira";"06:30:00";"PR";153;342,5;"REBOUCAS";"Ultrapassagem Indevida";"Saída de leito carroçável";"Com Vítimas Feridas";"Amanhecer";"Decrescente";"Céu Claro";"Simples";"Desvio Temporário";"Não";5;0;2;0;1;2;2;2;"-25.532618";"-50.65493";"SR-PR";"DEL7/3";"UOP04/PR"
188255;2019-01-30;"quarta-feira";"07:00:00";"ES";101;304,8;"VIANA";"Falta de Atenção à Condução";"Colisão lateral";"Com Vítimas Feridas";"Pleno dia";"Crescente";"Céu Claro";"Dupla";"Reta";"Sim";2;0;1;0;1;0;1;2;"-20.38473468";"-40.46280926";"SR-ES";"DEL12/1";"UOP01/ES"
188256;2019-01-26;"sábado";"22:50:00";"SP";116;226;"GUARULHOS";"Defeito na Via";"Tombamento";"Com Vítimas Feridas";"Plena Noite";"Crescente";"Céu Claro";"Múltipla";"Desvio Temporário";"Sim";1;0;1;0;0;0;1;1;"-23.4239639";"-46.3980037";"SR-SP";"DEL6/1";"UOP01/SP"
188257;2019-01-30;"quarta-feira";"02:50:00";"ES";262;32,3;"DOMINGOS MARTINS";"Defeito Mecânico no Veículo";"Tombamento";"Com Vítimas Feridas";"Plena Noite";"Decrescente";"Céu Claro";"Simples";"Não Informado";"Não";2;0;2;0;0;0;2;1;"-20.3789";"-40.5772";"SR-ES";"DEL12/1";"UOP01/ES"
188258;2019-01-29;"terça-feira";"21:25:00";"MG";116;395;"GOVERNADOR VALADARES";"Não guardar distância de segurança";"Tombamento";"Com Vítimas Feridas";"Plena Noite";"Decrescente";"Céu Claro";"Simples";"Reta";"Não";1;0;1;0;0;0;1;1;"-18.73151031";"-41.98676501";"SR-MG";"DEL4/6";"UOP01/MG"
188259;2019-01-30;"quarta-feira";"06:25:00";"CE";20;418,6;"MARACANAU";"Falta de Atenção à Condução";"Colisão frontal";"Com Vítimas Feridas";"Pleno dia";"Decrescente";"Céu Claro";"Simples";"Reta";"Sim";2;0;1;0;1;0;1;2;"-3.76999";"-38.670063";"SR-CE";"DEL16/1";"UOP02/CE"
188260;2019-01-30;"quarta-feira";"07:00:00";"MG";50;76;"UBERLANDIA";"Falta de Atenção à Condução";"Colisão lateral";"Com Vítimas Feridas";"Pleno dia";"Decrescente";"Sol";"Dupla";"Reta";"Não";3;0;1;0;1;1;1;2;"-18.9364";"-48.2198";"SR-MG";"DEL4/15";"UOP01/MG"
188261;2019-01-30;"quarta-feira";"06:50:00";"RJ";116;77,8;"TERESOPOLIS";"Falta de Atenção à Condução";"Saída de leito carroçável";"Com Vítimas Fatais";"Pleno dia";"Crescente";"Céu Claro";"Simples";"Não Informado";"Sim";4;2;0;0;2;0;0;2;"-22.37325864";"-42.95402706";"SR-RJ";"DEL5/4";"UOP01/RJ"
188262;2019-01-30;"quarta-feira";"07:45:00";"PR";376;178,8;"MARINGA";"Falta de Atenção à Condução";"Colisão lateral";"Com Vítimas Feridas";"Pleno dia";"Decrescente";"Sol";"Dupla";"Reta";"Sim";2;0;1;0;1;0;1;2;"-23.41895112";"-51.91443443";"SR-PR";"DEL7/7";"UOP04/PR"
188263;2019-01-30;"quarta-feira";"06:40:00";"MG";262;446,7;"NOVA SERRANA";"Falta de Atenção à Condução";"Colisão transversal";"Com Vítimas Feridas";"Pleno dia";"Crescente";"Sol";"Simples";"Não Informado";"Sim";2;0;1;0;1;0;1;2;"-19.880623";"-44.912323";"SR-MG";"DEL4/8";"UOP03/MG"
188264;2019-01-30;"quarta-feira";"08:10:00";"MG";262;87;"ABRE CAMPO";"Desobediência às normas de trânsito pelo condutor";"Colisão frontal";"Com Vítimas Feridas";"Pleno dia";"Crescente";"Céu Claro";"Simples";"Reta";"Não";5;0;2;1;2;0;3;2;"-20.333214";"-42.437653";"SR-MG";"DEL4/3";"UOP03/MG"
188266;2019-01-30;"quarta-feira";"07:10:00";"PE";232;9,2;"JABOATAO DOS GUARARAPES";"Falta de Atenção à Condução";"Colisão traseira";"Com Vítimas Feridas";"Pleno dia";"Crescente";"Sol";"Dupla";"Reta";"Sim";3;0;2;0;1;0;2;2;"-8.077656";"-34.978714";"SR-PE";"DEL11/1";"UOP01/PE"
188267;2019-01-30;"quarta-feira";"07:50:00";"SC";470;60,3;"BLUMENAU";"Desobediência às normas de trânsito pelo condutor";"Colisão transversal";"Com Vítimas Feridas";"Pleno dia";"Crescente";"Céu Claro";"Simples";"Retorno Regulamentado";"Não";2;0;1;0;1;0;1;2;"-26.88138";"-49.164543";"SR-SC";"DEL8/4";"UOP01/SC"
188268;2019-01-30;"quarta-feira";"08:10:00";"PR";476;147,2;"ARAUCARIA";"Não guardar distância de segurança";"Colisão traseira";"Com Vítimas Feridas";"Pleno dia";"Crescente";"Céu Claro";"Dupla";"Reta";"Não";2;0;1;0;1;0;1;2;"-25.554628";"-49.339268";"SR-PR";"DEL7/1";"UOP04/PR"
188269;2019-01-30;"quarta-feira";"07:50:00";"RN";101;82,5;"SAO GONCALO DO AMARANTE";"Falta de Atenção à Condução";"Colisão lateral";"Com Vítimas Feridas";"Pleno dia";"Crescente";"Céu Claro";"Dupla";"Reta";"Sim";2;0;1;0;1;0;1;2;"-5.767915";"-35.274563";"SR-RN";"DEL15/2";"UOP01/RN"
188270;2019-01-30;"quarta-feira";"09:00:00";"GO";60;169,5;"GOIANIA";"Defeito Mecânico no Veículo";"Queda de ocupante de veículo";"Com Vítimas Feridas";"Pleno dia";"Decrescente";"Sol";"Dupla";"Reta";"Sim";2;0;2;0;0;0;2;1;"-16.7269";"-49.3822";"SR-GO";"DEL1/1";"UOP02/GO"
188271;2019-01-30;"quarta-feira";"09:00:00";"SP";381;21,7;"BRAGANCA PAULISTA";"Falta de Atenção à Condução";"Colisão traseira";"Com Vítimas Feridas";"Pleno dia";"Crescente";"Céu Claro";"Dupla";"Não Informado";"Não";2;0;0;1;1;0;1;2;"-22.991409";"-46.508789";"SR-SP";"DEL6/3";"UOP01/SP"
188272;2019-01-30;"quarta-feira";"07:10:00";"MG";116;511,3;"UBAPORANGA";"Falta de Atenção à Condução";"Queda de ocupante de veículo";"Com Vítimas Feridas";"Pleno dia";"Decrescente";"Nublado";"Simples";"Reta";"Não";1;0;1;0;0;0;1;1;"-19.643652";"-42.107353";"SR-MG";"DEL4/6";"UOP02/MG"
188273;2019-01-30;"quarta-feira";"08:00:00";"PE";428;187;"PETROLINA";"Velocidade Incompatível";"Colisão transversal";"Com Vítimas Feridas";"Pleno dia";"Crescente";"Céu Claro";"Simples";"Reta";"Sim";3;0;2;0;1;0;2;2;"-9.356131";"-40.478588";"SR-PE";"DEL11/6";"UOP01/PE"
188274;2019-01-30;"quarta-feira";"06:40:00";"MG";40;282,9;"TRES MARIAS";"Animais na Pista";"Atropelamento de Animal";"Sem Vítimas";"Amanhecer";"Crescente";"Céu Claro";"Simples";"Reta";"Não";1;0;0;0;1;0;0;1;"-18.249315";"-45.202118";"SR-MG";"DEL4/14";"UOP03/MG"
188275;2019-01-26;"sábado";"23:55:00";"GO";60;10;"ALEXANIA";"Falta de Atenção à Condução";"Capotamento";"Com Vítimas Feridas";"Plena Noite";"Decrescente";"Nublado";"Dupla";"Reta";"Não";1;0;1;0;0;0;1;1;"-16.094168";"-48.517212";"SR-DF";"GO";"UOP03/DF"
188276;2019-01-26;"sábado";"22:30:00";"PB";230;104,2;"GURINHEM";"Condutor Dormindo";"Saída de leito carroçável";"Sem Vítimas";"Plena Noite";"Decrescente";"Chuva";"Dupla";"Reta";"Não";1;0;0;0;1;0;0;1;"-7.1777";"-35.4181";"SR-PB";"DEL14/1";"UOP03/PB"
188277;2019-01-30;"quarta-feira";"08:30:00";"ES";101;299;"VIANA";"Falta de Atenção à Condução";"Colisão traseira";"Sem Vítimas";"Pleno dia";"Decrescente";"Céu Claro";"Dupla";"Reta";"Sim";2;0;0;0;2;0;0;2;"-20.35851228";"-40.42463824";"SR-ES";"DEL12/1";"UOP01/ES"
188278;2019-01-26;"sábado";"21:15:00";"BA";367;66;"PORTO SEGURO";"Agressão Externa";"Colisão lateral";"Com Vítimas Feridas";"Plena Noite";"Decrescente";"Chuva";"Simples";"Curva";"Não";3;0;1;1;1;0;2;2;"-16.38586";"-39.433823";"SR-BA";"DEL10/9";"UOP01/BA"
188280;2019-01-30;"quarta-feira";"09:30:00";"GO";40;7,9;"VALPARAISO DE GOIAS";"Desobediência às normas de trânsito pelo condutor";"Colisão traseira";"Com Vítimas Feridas";"Pleno dia";"Crescente";"Céu Claro";"Dupla";"Reta";"Sim";2;0;1;0;1;0;1;2;"-16.108482";"-47.972524";"SR-DF";"GO";"UOP01/DF"
188282;2019-01-30;"quarta-feira";"09:00:00";"PI";316;311;"PICOS";"Falta de Atenção à Condução";"Colisão transversal";"Sem Vítimas";"Pleno dia";"Crescente";"Céu Claro";"Simples";"Reta";"Não";3;0;0;0;3;0;0;2;"-7.08102579";"-41.45796061";"SR-PI";"DEL17/4";"UOP01/PI"
188284;2019-01-30;"quarta-feira";"07:05:00";"AC";364;102,9;"RIO BRANCO";"Desobediência às normas de trânsito pelo condutor";"Queda de ocupante de veículo";"Com Vítimas Feridas";"Amanhecer";"Crescente";"Nublado";"Simples";"Reta";"Não";1;0;1;0;0;0;1;1;"-10.052638";"-67.605324";"SR-AC";"UOP01/AC";""
188285;2019-01-30;"quarta-feira";"09:10:00";"BA";116;12,9;"VITORIA DA CONQUISTA";"Animais na Pista";"Colisão traseira";"Com Vítimas Feridas";"Pleno dia";"Decrescente";"Sol";"Simples";"Reta";"Sim";6;0;1;0;4;1;1;2;"-14.88474739";"-40.87068558";"SR-BA";"DEL10/8";"UOP01/BA"
188287;2019-01-22;"terça-feira";"13:40:00";"MT";174;359,6;"CONQUISTA DOESTE";"Defeito Mecânico no Veículo";"Saída de leito carroçável";"Com Vítimas Fatais";"Pleno dia";"Crescente";"Céu Claro";"Simples";"Reta";"Não";3;1;1;0;0;1;1;1;"-14.671495";"-59.420269";"SR-MT";"DEL2/7";"UOP01/MT"
188288;2019-01-27;"domingo";"04:30:00";"ES";101;17,5;"PEDRO CANARIO";"Falta de Atenção à Condução";"Colisão com objeto estático";"Sem Vítimas";"Plena Noite";"Decrescente";"Céu Claro";"Simples";"Reta";"Não";1;0;0;0;1;0;0;1;"-18.307058";"-39.957275";"SR-ES";"DEL12/4";"UOP02/ES"
188289;2019-01-30;"quarta-feira";"08:35:00";"SC";280;275,6;"IRINEOPOLIS";"Falta de Atenção à Condução";"Colisão lateral";"Com Vítimas Feridas";"Pleno dia";"Crescente";"Sol";"Simples";"Não Informado";"Não";4;0;3;0;1;0;3;2;"-26.286766";"-50.781891";"SR-SC";"DEL8/6";"UOP04/SC"
188290;2019-01-30;"quarta-feira";"08:50:00";"CE";116;1;"FORTALEZA";"Falta de Atenção à Condução";"Colisão traseira";"Com Vítimas Feridas";"Pleno dia";"Crescente";"Sol";"Simples";"Não Informado";"Sim";2;0;1;0;1;0;1;2;"-3.7704";"-38.5169";"SR-CE";"DEL16/1";"UOP02/CE"
188292;2019-01-26;"sábado";"05:00:00";"MS";158;15,3;"CASSILANDIA";"Animais na Pista";"Atropelamento de Animal";"Com Vítimas Feridas";"Amanhecer";"Crescente";"Céu Claro";"Simples";"Reta";"Não";4;0;1;0;3;0;1;1;"-19.167746";"-51.625725";"SR-MS";"DEL3/8";"UOP01/MS"
188293;2019-01-30;"quarta-feira";"11:10:00";"RS";386;276,3;"SAO JOSE DO HERVAL";"Falta de Atenção à Condução";"Colisão lateral";"Com Vítimas Feridas";"Pleno dia";"Crescente";"Céu Claro";"Simples";"Reta";"Não";5;0;3;0;2;0;3;3;"-29.007221";"-52.338665";"SR-RS";"DEL9/4";"UOP04/RS"
188294;2019-01-30;"quarta-feira";"11:20:00";"SC";282;21;"PALHOCA";"Desobediência às normas de trânsito pelo condutor";"Colisão frontal";"Com Vítimas Feridas";"Pleno dia";"Crescente";"Céu Claro";"Simples";"Reta";"Sim";2;0;1;0;1;0;1;2;"-27.68907";"-48.717541";"SR-SC";"DEL8/1";"UOP02/SC"
188295;2019-01-30;"quarta-feira";"11:30:00";"PR";373;387;"CANDOI";"Avarias e/ou desgaste excessivo no pneu";"Tombamento";"Com Vítimas Feridas";"Pleno dia";"Crescente";"Céu Claro";"Simples";"Reta";"Não";2;0;1;0;1;0;1;1;"-25.5153";"-51.9619";"SR-PR";"DEL7/3";"UOP02/PR"
188296;2019-01-30;"quarta-feira";"10:00:00";"BA";101;266;"SANTO ANTONIO DE JESUS";"Falta de Atenção à Condução";"Colisão lateral";"Com Vítimas Feridas";"Pleno dia";"Crescente";"Céu Claro";"Simples";"Reta";"Não";4;0;2;0;2;0;2;2;"-12.9961";"-39.2868";"SR-BA";"DEL10/1";"UOP02/BA"
188297;2019-01-30;"quarta-feira";"02:20:00";"PI";316;81,5;"LAGOINHA DO PIAUI";"Velocidade Incompatível";"Derramamento de carga";"Com Vítimas Fatais";"Plena Noite";"Decrescente";"Nublado";"Simples";"Curva";"Não";5;2;1;1;1;0;2;2;"-5.75093163";"-42.6190567";"SR-PI";"DEL17/1";"UOP02/PI"
188298;2019-01-30;"quarta-feira";"11:09:00";"ES";262;37;"DOMINGOS MARTINS";"Falta de Atenção à Condução";"Engavetamento";"Sem Vítimas";"Pleno dia";"Crescente";"Céu Claro";"Simples";"Reta";"Não";7;0;0;0;7;0;0;3;"-20.382";"-40.6078";"SR-ES";"DEL12/1";"UOP01/ES"
188299;2019-01-30;"quarta-feira";"12:25:00";"ES";262;58;"MARECHAL FLORIANO";"Falta de Atenção à Condução";"Colisão transversal";"Com Vítimas Feridas";"Pleno dia";"Decrescente";"Céu Claro";"Simples";"Interseção de vias";"Não";2;0;1;0;1;0;1;2;"-20.4208";"-40.7682";"SR-ES";"DEL12/1";"UOP01/ES"
188300;2019-01-30;"quarta-feira";"11:30:00";"MG";40;768,1;"JUIZ DE FORA";"Falta de Atenção à Condução";"Queda de ocupante de veículo";"Com Vítimas Feridas";"Pleno dia";"Crescente";"Céu Claro";"Simples";"Reta";"Não";1;0;1;0;0;0;1;1;"-21.6108";"-43.4574";"SR-MG";"DEL5";"UOP01/MG"
188301;2019-01-04;"sexta-feira";"19:55:00";"PB";230;15,7;"JOAO PESSOA";"Agressão Externa";"Colisão lateral";"Com Vítimas Feridas";"Plena Noite";"Crescente";"Céu Claro";"Dupla";"Não Informado";"Sim";3;0;1;0;1;1;1;3;"-7.093";"-34.8482";"SR-PB";"DEL14/1";"UOP01/PB"
188302;2019-01-30;"quarta-feira";"12:10:00";"SP";116;133;"CACAPAVA";"Não guardar distância de segurança";"Colisão traseira";"Sem Vítimas";"Pleno dia";"Decrescente";"Céu Claro";"Dupla";"Reta";"Não";3;0;0;0;3;0;0;3;"-23.135967";"-45.753292";"SR-SP";"DEL6";"UOP02/SP"
188303;2019-01-30;"quarta-feira";"11:20:00";"PI";407;530;"JACOBINA DO PIAUI";"Defeito na Via";"Saída de leito carroçável";"Com Vítimas Feridas";"Pleno dia";"Crescente";"Céu Claro";"Simples";"Reta";"Não";1;0;1;0;0;0;1;1;"-7.767051";"-41.261444";"SR-PI";"DEL17/4";"UOP01/PI"
188305;2019-01-30;"quarta-feira";"06:00:00";"MS";267;180,8;"NOVA ALVORADA DO SUL";"Ultrapassagem Indevida";"Saída de leito carroçável";"Com Vítimas Feridas";"Amanhecer";"Decrescente";"Céu Claro";"Simples";"Reta";"Não";3;0;1;0;1;1;1;2;"-21.5995595";"-53.86636766";"SR-MS";"DEL2";"UOP03/MS"
188306;2019-01-27;"domingo";"04:30:00";"RN";406;125;"TAIPU";"Animais na Pista";"Atropelamento de Animal";"Com Vítimas Feridas";"Amanhecer";"Decrescente";"Céu Claro";"Simples";"Reta";"Não";1;0;0;1;0;0;1;1;"-5.59821846";"-35.62213898";"SR-RN";"DEL15/2";"UOP01/RN"
188307;2019-01-29;"terça-feira";"22:30:00";"PA";10;286,6;"MAE DO RIO";"Agressão Externa";"Incêndio";"Sem Vítimas";"Plena Noite";"Crescente";"Céu Claro";"Simples";"Reta";"Não";1;0;0;0;1;0;0;1;"-1.92487";"-47.52256";"SR-PA";"DEL19/2";"UOP02/PA"
188308;2019-01-30;"quarta-feira";"11:20:00";"SC";101;39;"JOINVILLE";"Desobediência às normas de trânsito pelo condutor";"Colisão transversal";"Com Vítimas Feridas";"Pleno dia";"Decrescente";"Sol";"Simples";"Rotatória";"Sim";2;0;1;0;1;0;1;2;"-26.3096";"-48.878";"SR-SC";"DEL8/3";"UOP01/SC"
188309;2019-01-26;"sábado";"22:45:00";"GO";153;587;"PROFESSOR JAMIL";"Ingestão de Álcool";"Saída de leito carroçável";"Sem Vítimas";"Plena Noite";"Decrescente";"Chuva";"Dupla";"Reta";"Não";1;0;0;0;1;0;0;1;"-17.443";"-49.2317";"SR-GO";"DEL1/3";"UOP01/GO"
188310;2019-01-30;"quarta-feira";"13:03:00";"PI";316;309;"PICOS";"Não guardar distância de segurança";"Colisão traseira";"Com Vítimas Feridas";"Pleno dia";"Decrescente";"Céu Claro";"Simples";"Reta";"Sim";3;0;2;0;1;0;2;2;"-7.07586778";"-41.47157734";"SR-PI";"DEL17/4";"UOP01/PI"
188311;2019-01-30;"quarta-feira";"11:10:00";"RJ";493;70;"NOVA IGUACU";"Falta de Atenção à Condução";"Colisão traseira";"Com Vítimas Fatais";"Pleno dia";"Decrescente";"Sol";"Simples";"Reta";"Sim";6;1;1;1;3;0;2;2;"-22.6853207";"-43.47968102";"SR-RJ";"DEL5/1";"UOP03/RJ"
188312;2019-01-30;"quarta-feira";"14:00:00";"PR";277;226,6;"FERNANDES PINHEIRO";"Avarias e/ou desgaste excessivo no pneu";"Colisão frontal";"Com Vítimas Fatais";"Pleno dia";"Crescente";"Céu Claro";"Simples";"Reta";"Não";3;1;1;1;0;0;2;2;"-25.47055365";"-50.50003052";"SR-PR";"DEL7/3";"UOP04/PR"
188313;2019-01-30;"quarta-feira";"14:00:00";"DF";20;2,9;"BRASILIA";"Desobediência às normas de trânsito pelo condutor";"Colisão lateral";"Com Vítimas Feridas";"Pleno dia";"Decrescente";"Céu Claro";"Dupla";"Não Informado";"Sim";2;0;1;0;1;0;1;2;"-15.682896";"-47.840729";"SR-DF";"DF";"UOP04/DF"
188315;2019-01-30;"quarta-feira";"13:30:00";"SC";282;499;"XANXERE";"Defeito Mecânico no Veículo";"Saída de leito carroçável";"Com Vítimas Feridas";"Pleno dia";"Decrescente";"Sol";"Dupla";"Reta";"Não";1;0;1;0;0;0;1;1;"-26.88062205";"-52.35809326";"SR-SC";"DEL7";"UOP01/SC"
188316;2019-01-30;"quarta-feira";"10:11:00";"SC";101;264,2;"GAROPABA";"Velocidade Incompatível";"Saída de leito carroçável";"Sem Vítimas";"Pleno dia";"Decrescente";"Céu Claro";"Dupla";"Curva";"Não";1;0;0;0;1;0;0;1;"-28.0663";"-48.7151";"SR-SC";"DEL8/2";"UOP03/SC"
188318;2019-01-30;"quarta-feira";"13:40:00";"MT";163;982;"TERRA NOVA DO NORTE";"Desobediência às normas de trânsito pelo condutor";"Colisão lateral";"Com Vítimas Feridas";"Pleno dia";"Decrescente";"Sol";"Simples";"Rotatória";"Sim";2;0;1;0;1;0;1;2;"-10.60477516";"-55.10759722";"SR-MT";"DEL2/6";"UOP02/MT"
188319;2019-01-30;"quarta-feira";"12:35:00";"RN";101;95;"NATAL";"Falta de Atenção à Condução";"Colisão lateral";"Sem Vítimas";"Pleno dia";"Crescente";"Céu Claro";"Simples";"Curva";"Sim";2;0;0;0;2;0;0;2;"-5.840768";"-35.210358";"SR-RN";"DEL15/1";"UOP01/RN"
188320;2019-01-30;"quarta-feira";"10:15:00";"SC";280;157,2;"MAFRA";"Agressão Externa";"Saída de leito carroçável";"Com Vítimas Feridas";"Pleno dia";"Decrescente";"Sol";"Simples";"Reta";"Não";1;0;1;0;0;0;1;1;"-26.20026";"-49.742428";"SR-SC";"DEL8/6";"UOP03/SC"
188321;2019-01-30;"quarta-feira";"11:45:00";"AC";364;124,8;"RIO BRANCO";"Falta de Atenção à Condução";"Colisão lateral";"Com Vítimas Feridas";"Pleno dia";"Decrescente";"Céu Claro";"Dupla";"Rotatória";"Não";2;0;1;0;1;0;1;2;"-10.01170694";"-67.79851913";"SR-AC";"UOP01/AC";""
188322;2019-01-30;"quarta-feira";"11:30:00";"CE";116;5;"FORTALEZA";"Falta de Atenção à Condução";"Colisão lateral";"Com Vítimas Feridas";"Pleno dia";"Crescente";"Céu Claro";"Múltipla";"Reta";"Sim";2;0;1;0;0;1;1;2;"-3.8038";"-38.5032";"SR-CE";"DEL16/1";"UOP02/CE"
188323;2019-01-30;"quarta-feira";"14:45:00";"MG";381;483;"BETIM";"Desobediência às normas de trânsito pelo condutor";"Colisão lateral";"Com Vítimas Feridas";"Pleno dia";"Decrescente";"Céu Claro";"Múltipla";"Interseção de vias";"Sim";3;0;2;0;1;0;2;2;"-19.95827321";"-44.07699823";"SR-MG";"DEL4/1";"UOP03/MG"
188324;2019-01-30;"quarta-feira";"13:40:00";"RN";101;99;"NATAL";"Desobediência às normas de trânsito pelo condutor";"Colisão transversal";"Com Vítimas Feridas";"Pleno dia";"Decrescente";"Céu Claro";"Múltipla";"Reta";"Sim";2;0;1;0;1;0;1;2;"-5.87365";"-35.220673";"SR-RN";"DEL15/1";"UOP01/RN"
188325;2019-01-30;"quarta-feira";"15:20:00";"RJ";116;237;"PIRAI";"Ultrapassagem Indevida";"Colisão lateral";"Sem Vítimas";"Pleno dia";"Crescente";"Sol";"Simples";"Reta";"Sim";2;0;0;0;2;0;0;2;"-22.664669";"-43.883373";"SR-RJ";"DEL5/7";"UOP01/RJ"
188326;2019-01-30;"quarta-feira";"14:55:00";"SP";116;213;"GUARULHOS";"Avarias e/ou desgaste excessivo no pneu";"Queda de ocupante de veículo";"Com Vítimas Feridas";"Pleno dia";"Decrescente";"Céu Claro";"Múltipla";"Reta";"Sim";1;0;1;0;0;0;1;1;"-23.4239639";"-46.3980037";"SR-SP";"DEL6/1";"UOP01/SP"
188328;2019-01-30;"quarta-feira";"14:10:00";"RN";101;97;"NATAL";"Falta de Atenção à Condução";"Engavetamento";"Com Vítimas Feridas";"Pleno dia";"Decrescente";"Céu Claro";"Dupla";"Reta";"Sim";6;0;3;0;3;0;3;4;"-5.857612";"-35.212723";"SR-RN";"DEL15/1";"UOP01/RN"
188329;2019-01-30;"quarta-feira";"14:41:00";"RN";101;130;"SAO JOSE DE MIPIBU";"Velocidade Incompatível";"Colisão com objeto estático";"Com Vítimas Fatais";"Pleno dia";"Decrescente";"Céu Claro";"Dupla";"Desvio Temporário";"Não";2;1;0;0;0;1;0;1;"-6.119429";"-35.229355";"SR-RN";"DEL15/1";"UOP01/RN"
188330;2019-01-30;"quarta-feira";"13:30:00";"RO";364;237,5;"CACOAL";"Falta de Atenção à Condução";"Colisão traseira";"Com Vítimas Feridas";"Pleno dia";"Decrescente";"Nublado";"Simples";"Retorno Regulamentado";"Sim";2;0;1;0;1;0;1;2;"-11.44085655";"-61.45125389";"SR-RO";"DEL21/2";"UOP02/RO"
188331;2019-01-30;"quarta-feira";"10:10:00";"CE";20;420,5;"MARACANAU";"Não guardar distância de segurança";"Colisão traseira";"Com Vítimas Feridas";"Pleno dia";"Crescente";"Céu Claro";"Dupla";"Reta";"Sim";2;0;0;1;0;1;1;2;"-3.84824062";"-38.5717535";"SR-CE";"DEL16/1";"UOP02/CE"
188333;2019-01-30;"quarta-feira";"15:35:00";"GO";40;1,8;"VALPARAISO DE GOIAS";"Desobediência às normas de trânsito pelo condutor";"Colisão transversal";"Com Vítimas Feridas";"Pleno dia";"Crescente";"Céu Claro";"Dupla";"Reta";"Sim";2;0;1;0;1;0;1;2;"-16.058245";"-47.982825";"SR-DF";"GO";"UOP01/DF"
188334;2019-01-30;"quarta-feira";"16:15:00";"MG";40;503,4;"ESMERALDAS";"Animais na Pista";"Colisão traseira";"Com Vítimas Feridas";"Pleno dia";"Crescente";"Céu Claro";"Dupla";"Desvio Temporário";"Sim";2;0;1;0;1;0;1;2;"-19.7353";"-44.1505";"SR-MG";"DEL4/2";"UOP01/MG"
188335;2019-01-30;"quarta-feira";"15:35:00";"PR";277;417,1;"CANTAGALO";"Velocidade Incompatível";"Tombamento";"Com Vítimas Feridas";"Pleno dia";"Decrescente";"Céu Claro";"Simples";"Não Informado";"Não";1;0;1;0;0;0;1;1;"-25.4049242";"-52.10421346";"SR-PR";"DEL7/4";"UOP03/PR"
188336;2019-01-30;"quarta-feira";"16:00:00";"MG";40;532;"BELO HORIZONTE";"Não guardar distância de segurança";"Colisão traseira";"Com Vítimas Feridas";"Pleno dia";"Crescente";"Céu Claro";"Dupla";"Não Informado";"Sim";2;0;1;0;1;0;1;2;"-19.9256";"-44.0053";"SR-MG";"DEL4/1";"UOP03/MG"
188337;2019-01-30;"quarta-feira";"16:35:00";"MG";381;739;"TRES CORACOES";"Velocidade Incompatível";"Saída de leito carroçável";"Com Vítimas Feridas";"Pleno dia";"Crescente";"Céu Claro";"Dupla";"Reta";"Não";2;0;2;0;0;0;2;1;"-21.5826";"-45.2396";"SR-MG";"DEL09";"UOP02/MG"