"id";"data_inversa";"dia_semana";"horario";"uf";"br";"km";"municipio";"causa_acidente";"tipo_acidente";"classificacao_acidente";"fase_dia";"sentido_via";"condicao_metereologica";"tipo_pista";"tracado_via";"uso_solo";"pessoas";"mortos";"feridos_leves";"feridos_graves";"ilesos";"ignorados";"feridos";"veiculos";"latitude";"longitude";"regional";"delegacia";"uop"
188423;2019-01-31;"quinta-feira";"05:00:00";"PE";232;42;"VITORIA DE SANTO ANTAO";"Desobediência às normas de trânsito pelo condutor";"Colisão traseira";"Sem Vítimas";"Amanhecer";"Decrescente";"Nublado";"Dupla";"Reta";"Não";2;0;0;0;1;1;0;2;"-8.115282";"-35.252045";"SR-PE";"DEL11/1";"UOP04/PE"
188425;2019-01-31;"quinta-feira";"07:45:00";"DF";70;10;"BRASILIA";"Falta de Atenção à Condução";"Colisão traseira";"Com Vítimas Feridas";"Pleno dia";"Decrescente";"Céu Claro";"Dupla";"Reta";"Não";4;0;1;0;3;0;1;2;"-15.787066";"-48.140709";"SR-DF";"DF";"UOP06/DF"
188426;2019-01-31;"quinta-feira";"06:25:00";"PR";369;93,9;"CORNELIO PROCOPIO";"Falta de Atenção à Condução";"Queda de ocupante de veículo";"Com Vítimas Feridas";"Amanhecer";"Crescente";"Céu Claro";"Simples";"Interseção de vias";"Não";1;0;1;0;0;0;1;1;"-23.2183585";"-50.67053318";"SR-PR";"DEL7/7";"UOP06/PR"
188427;2019-01-31;"quinta-feira";"07:20:00";"PR";116;119,6;"CURITIBA";"Falta de Atenção à Condução";"Colisão traseira";"Com Vítimas Feridas";"Pleno dia";"Decrescente";"Céu Claro";"Dupla";"Desvio Temporário";"Sim";3;0;1;1;1;0;2;2;"-25.58113692";"-49.31312084";"SR-PR";"DEL7/1";"UOP03/PR"
188429;2019-01-31;"quinta-feira";"05:20:00";"MG";381;720,8;"CARMO DA CACHOEIRA";"Velocidade Incompatível";"Tombamento";"Sem Vítimas";"Pleno dia";"Decrescente";"Céu Claro";"Dupla";"Curva";"Não";1;0;0;0;1;0;0;1;"-21.4336";"-45.2101";"SR-MG";"DEL4/4";"UOP02/MG"
188430;2019-01-31;"quinta-feira";"07:30:00";"BA";420;89;"SALVADOR";"Falta de Atenção à Condução";"Colisão lateral";"Com Vítimas Feridas";"Pleno dia";"Crescente";"Céu Claro";"Dupla";"Reta";"Sim";3;0;2;0;1;0;2;2;"-12.944265";"-38.470371";"SR-BA";"DEL10/1";"UOP01/BA"
188431;2019-01-31;"quinta-feira";"06:20:00";"RO";364;709;"PORTO VELHO";"Velocidade Incompatível";"Colisão transversal";"Com Vítimas Feridas";"Pleno dia";"Crescente";"Céu Claro";"Múltipla";"Reta";"Sim";4;0;0;2;0;2;2;2;"-8.78966907";"-63.85146081";"SR-RO";"DEL21/1";"UOP01/RO"
188432;2019-01-31;"quinta-feira";"07:45:00";"RS";290;106,9;"ELDORADO DO SUL";"Não guardar distância de segurança";"Engavetamento";"Com Vítimas Feridas";"Pleno dia";"Decrescente";"Sol";"Dupla";"Viaduto";"Sim";4;0;1;0;3;0;1;3;"-30.00281426";"-51.30761147";"SR-RS";"DEL9/2";"UOP01/RS"
188433;2019-01-31;"quinta-feira";"07:50:00";"ES";101;259,9;"SERRA";"Desobediência às normas de trânsito pelo condutor";"Colisão transversal";"Com Vítimas Feridas";"Pleno dia";"Crescente";"Céu Claro";"Simples";"Não Informado";"Sim";7;0;3;2;1;1;5;4;"-20.1465193";"-40.28757703";"SR-ES";"DEL12/2";"UOP01/ES"
188434;2019-01-31;"quinta-feira";"07:15:00";"PE";101;83,2;"JABOATAO DOS GUARARAPES";"Não guardar distância de segurança";"Colisão traseira";"Com Vítimas Feridas";"Pleno dia";"Decrescente";"Céu Claro";"Múltipla";"Interseção de vias";"Não";3;0;2;0;1;0;2;2;"-8.178499";"-34.94595";"SR-PE";"DEL11/1";"UOP03/PE"
188437;2019-01-31;"quinta-feira";"08:30:00";"PR";376;497;"PONTA GROSSA";"Falta de Atenção à Condução";"Colisão traseira";"Com Vítimas Feridas";"Pleno dia";"Crescente";"Céu Claro";"Dupla";"Reta";"Sim";2;0;0;1;1;0;1;2;"-25.14440748";"-50.15398264";"SR-PR";"DEL7/3";"UOP03/PR"
188439;2019-01-31;"quinta-feira";"08:35:00";"RJ";116;169;"SAO JOAO DE MERITI";"Defeito na Via";"Colisão traseira";"Sem Vítimas";"Pleno dia";"Decrescente";"Céu Claro";"Simples";"Reta";"Não";2;0;0;0;2;0;0;2;"-22.8111";"-43.333729";"SR-RJ";"DEL5/1";"UOP02/RJ"
188440;2019-01-31;"quinta-feira";"07:50:00";"PI";343;229,6;"TERESINA";"Falta de Atenção à Condução";"Tombamento";"Com Vítimas Feridas";"Pleno dia";"Crescente";"Nublado";"Simples";"Reta";"Não";1;0;0;1;0;0;1;1;"-5.06144388";"-42.65104121";"SR-PI";"DEL17/2";"UOP02/PI"
188441;2019-01-31;"quinta-feira";"09:10:00";"GO";60;121,5;"TEREZOPOLIS DE GOIAS";"Falta de Atenção à Condução";"Colisão transversal";"Com Vítimas Feridas";"Pleno dia";"Crescente";"Céu Claro";"Dupla";"Reta";"Não";2;0;1;0;1;0;1;2;"-16.5044";"-49.1128";"SR-GO";"DEL1/1";"UOP01/GO"
188442;2019-01-31;"quinta-feira";"07:30:00";"PR";376;594;"CURITIBA";"Não guardar distância de segurança";"Engavetamento";"Com Vítimas Feridas";"Pleno dia";"Decrescente";"Céu Claro";"Dupla";"Não Informado";"Sim";4;0;2;0;2;0;2;3;"-25.48481599";"-49.34732622";"SR-PR";"DEL7/1";"UOP04/PR"
188443;2019-01-31;"quinta-feira";"04:10:00";"PE";232;114;"BEZERROS";"Velocidade Incompatível";"Saída de leito carroçável";"Com Vítimas Feridas";"Amanhecer";"Decrescente";"Céu Claro";"Dupla";"Reta";"Sim";2;0;0;2;0;0;2;1;"-8.25219";"-35.76585";"SR-PE";"DEL11/2";"UOP02/PE"
188445;2019-01-31;"quinta-feira";"09:50:00";"PR";376;260;"CALIFORNIA";"Falta de Atenção à Condução";"Colisão traseira";"Com Vítimas Feridas";"Pleno dia";"Crescente";"Sol";"Simples";"Reta";"Não";2;0;1;0;1;0;1;2;"-23.68534402";"-51.34991527";"SR-PR";"DEL7/7";"UOP03/PR"
188447;2019-01-31;"quinta-feira";"09:05:00";"AL";316;251,6;"PILAR";"Pista Escorregadia";"Tombamento";"Com Vítimas Feridas";"Pleno dia";"Decrescente";"Céu Claro";"Simples";"Interseção de vias";"Não";1;0;1;0;0;0;1;1;"-9.563696";"-35.971119";"SR-AL";"DEL13/1";"UOP01/AL"
188448;2019-01-31;"quinta-feira";"09:20:00";"PR";376;444,7;"TIBAGI";"Falta de Atenção à Condução";"Colisão lateral";"Com Vítimas Feridas";"Pleno dia";"Crescente";"Sol";"Dupla";"Não Informado";"Não";2;0;1;0;1;0;1;2;"-24.84102118";"-50.47550624";"SR-PR";"DEL7/3";"UOP05/PR"
188449;2019-01-31;"quinta-feira";"08:05:00";"PR";376;599;"CURITIBA";"Não guardar distância de segurança";"Engavetamento";"Sem Vítimas";"Pleno dia";"Decrescente";"Céu Claro";"Dupla";"Reta";"Sim";7;0;0;0;7;0;0;6;"-25.42312135";"-49.36569214";"SR-PR";"DEL7/1";"UOP04/PR"
188450;2019-01-31;"quinta-feira";"07:20:00";"MG";40;622;"CONSELHEIRO LAFAIETE";"Falta de Atenção à Condução";"Colisão frontal";"Com Vítimas Fatais";"Pleno dia";"Crescente";"Céu Claro";"Simples";"Reta";"Não";5;1;0;0;2;2;0;3;"-20.6034";"-43.8076";"SR-MG";"DEL5";"UOP02/MG"
188452;2019-01-31;"quinta-feira";"08:00:00";"SP";459;28;"LORENA";"Falta de Atenção à Condução";"Colisão transversal";"Com Vítimas Feridas";"Pleno dia";"Crescente";"Céu Claro";"Dupla";"Interseção de vias";"Não";2;0;1;0;1;0;1;2;"-22.709425";"-45.113232";"SR-SP";"DEL6/8";"UOP03/SP"
188453;2019-01-11;"sexta-feira";"07:40:00";"BA";101;398,7;"IBIRAPITANGA";"Velocidade Incompatível";"Tombamento";"Com Vítimas Fatais";"Pleno dia";"Decrescente";"Céu Claro";"Simples";"Reta";"Não";5;1;1;1;2;0;2;2;"-13.9907";"-39.4633";"SR-BA";"DEL10/5";"UOP03/BA"
188454;2019-01-31;"quinta-feira";"08:40:00";"MT";163;970;"TERRA NOVA DO NORTE";"Falta de Atenção à Condução";"Colisão lateral";"Sem Vítimas";"Pleno dia";"Crescente";"Céu Claro";"Simples";"Curva";"Não";3;0;0;0;3;0;0;3;"-10.70379171";"-55.12115479";"SR-MT";"DEL2/6";"UOP02/MT"
188456;2019-01-31;"quinta-feira";"11:00:00";"PR";376;5;"APUCARANA";"Desobediência às normas de trânsito pelo condutor";"Colisão transversal";"Com Vítimas Feridas";"Pleno dia";"Crescente";"Céu Claro";"Simples";"Interseção de vias";"Não";2;0;1;0;1;0;1;2;"-23.5513";"-51.461266";"SR-PR";"DEL7/7";"UOP03/PR"
188457;2019-01-31;"quinta-feira";"10:20:00";"MG";381;489;"BETIM";"Defeito Mecânico no Veículo";"Colisão traseira";"Com Vítimas Feridas";"Pleno dia";"Crescente";"Céu Claro";"Dupla";"Reta";"Sim";6;0;1;0;5;0;1;5;"-19.9563";"-44.1428";"SR-MG";"DEL4/1";"UOP03/MG"
188458;2019-01-31;"quinta-feira";"10:45:00";"PR";116;102;"SAO JOSE DOS PINHAIS";"Não guardar distância de segurança";"Colisão traseira";"Com Vítimas Feridas";"Pleno dia";"Crescente";"Céu Claro";"Dupla";"Reta";"Sim";2;0;1;0;1;0;1;2;"-25.550711";"-49.150246";"SR-PR";"DEL7/1";"UOP01/PR"
188459;2019-01-31;"quinta-feira";"09:35:00";"PE";316;91;"OURICURI";"Falta de Atenção à Condução";"Colisão transversal";"Com Vítimas Feridas";"Pleno dia";"Decrescente";"Céu Claro";"Simples";"Reta";"Sim";2;0;1;0;1;0;1;2;"-7.906827";"-40.021515";"SR-PE";"DEL11/5";"UOP02/PE"
188461;2019-01-31;"quinta-feira";"11:45:00";"PR";277;620,7;"CEU AZUL";"Falta de Atenção à Condução";"Colisão lateral";"Sem Vítimas";"Pleno dia";"Decrescente";"Céu Claro";"Simples";"Reta";"Não";2;0;0;0;2;0;0;2;"-25.083078";"-53.71064";"SR-PR";"DEL7/5";"UOP02/PR"
188462;2019-01-06;"domingo";"18:00:00";"MT";163;1042;"MATUPA";"Falta de Atenção à Condução";"Colisão traseira";"Com Vítimas Feridas";"Anoitecer";"Decrescente";"Céu Claro";"Simples";"Reta";"Não";5;0;3;1;1;0;4;2;"-10.14293148";"-54.9298504";"SR-MT";"DEL2/6";"UOP02/MT"
188463;2019-01-31;"quinta-feira";"11:50:00";"SC";101;134;"BALNEARIO CAMBORIU";"Falta de Atenção à Condução";"Colisão transversal";"Com Vítimas Feridas";"Pleno dia";"Decrescente";"Céu Claro";"Múltipla";"Reta";"Sim";3;0;1;0;2;0;1;2;"-27.0049";"-48.6266";"SR-SC";"DEL8/4";"UOP03/SC"
188465;2019-01-31;"quinta-feira";"11:00:00";"MS";163;106;"ITAQUIRAI";"Falta de Atenção à Condução";"Colisão lateral";"Com Vítimas Feridas";"Pleno dia";"Crescente";"Céu Claro";"Dupla";"Reta";"Não";3;0;1;0;2;0;1;3;"-23.22826";"-54.219696";"SR-MS";"DEL3/09";"UOP01/MS"
188466;2019-01-31;"quinta-feira";"12:15:00";"PR";116;119,4;"CURITIBA";"Falta de Atenção à Condução";"Colisão com objeto estático";"Com Vítimas Feridas";"Pleno dia";"Crescente";"Céu Claro";"Dupla";"Interseção de vias";"Sim";3;0;0;2;1;0;2;2;"-25.58031436";"-49.31308866";"SR-PR";"DEL7/1";"UOP03/PR"
188467;2019-01-31;"quinta-feira";"11:00:00";"PR";116;102;"SAO JOSE DOS PINHAIS";"Não guardar distância de segurança";"Colisão traseira";"Sem Vítimas";"Pleno dia";"Crescente";"Céu Claro";"Dupla";"Reta";"Sim";3;0;0;0;3;0;0;3;"-25.550711";"-49.150246";"SR-PR";"DEL7/1";"UOP01/PR"
188468;2019-01-31;"quinta-feira";"11:15:00";"PI";343;0;"TERESINA";"Defeito Mecânico no Veículo";"Colisão traseira";"Com Vítimas Feridas";"Pleno dia";"Decrescente";"Céu Claro";"Dupla";"Rotatória";"Sim";6;0;2;0;4;0;2;3;"-5.089569";"-42.802288";"SR-PI";"DEL17/1";"UOP01/PI"
188470;2019-01-31;"quinta-feira";"12:45:00";"ES";101;43;"SAO MATEUS";"Defeito Mecânico no Veículo";"Saída de leito carroçável";"Com Vítimas Feridas";"Pleno dia";"Crescente";"Céu Claro";"Simples";"Reta";"Não";1;0;1;0;0;0;1;1;"-18.525623";"-39.910694";"SR-ES";"DEL12/4";"UOP02/ES"
188471;2019-01-31;"quinta-feira";"12:30:00";"GO";153;640,3;"MORRINHOS";"Falta de Atenção à Condução";"Colisão traseira";"Com Vítimas Feridas";"Pleno dia";"Decrescente";"Céu Claro";"Dupla";"Não Informado";"Não";3;0;2;0;0;1;2;2;"-17.8799";"-49.2301";"SR-GO";"DEL1/3";"UOP01/GO"
188472;2019-01-31;"quinta-feira";"11:40:00";"PR";116;31;"CAMPINA GRANDE DO SUL";"Falta de Atenção à Condução";"Tombamento";"Sem Vítimas";"Pleno dia";"Decrescente";"Nublado";"Dupla";"Reta";"Não";1;0;0;0;1;0;0;1;"-25.101589";"-48.830654";"SR-PR";"DEL7/1";"UOP02/PR"
188473;2019-01-31;"quinta-feira";"11:35:00";"MG";40;51,9;"PARACATU";"Falta de Atenção à Condução";"Colisão lateral";"Com Vítimas Feridas";"Pleno dia";"Crescente";"Sol";"Simples";"Reta";"Não";2;0;1;0;1;0;1;2;"-17.243937";"-46.792484";"SR-MG";"DEL4/14";"UOP01/MG"
188474;2019-01-31;"quinta-feira";"12:00:00";"PA";316;21,5;"BENEVIDES";"Desobediência às normas de trânsito pelo condutor";"Colisão transversal";"Sem Vítimas";"Pleno dia";"Decrescente";"Nublado";"Dupla";"Retorno Regulamentado";"Sim";2;0;0;0;2;0;0;2;"-1.360972";"-48.262413";"SR-PA";"DEL19/1";"UOP01/PA"
188475;2019-01-31;"quinta-feira";"13:31:00";"ES";101;305;"VIANA";"Falta de Atenção à Condução";"Colisão transversal";"Com Vítimas Feridas";"Pleno dia";"Decrescente";"Céu Claro";"Simples";"Não Informado";"Não";2;0;1;0;1;0;1;2;"-20.38445898";"-40.46248198";"SR-ES";"DEL12/3";"UOP01/ES"
188476;2019-01-31;"quinta-feira";"10:30:00";"PB";230;277,8;"SANTA LUZIA";"Não guardar distância de segurança";"Colisão traseira";"Sem Vítimas";"Pleno dia";"Crescente";"Céu Claro";"Simples";"Desvio Temporário";"Não";2;0;0;0;2;0;0;2;"-6.9579";"-36.8398";"SR-PB";"DEL14/3";"UOP01/PB"
188477;2019-01-31;"quinta-feira";"11:45:00";"PR";369;147;"LONDRINA";"Desobediência às normas de trânsito pelo condutor";"Colisão transversal";"Com Vítimas Feridas";"Pleno dia";"Crescente";"Céu Claro";"Dupla";"Interseção de vias";"Sim";3;0;0;2;1;0;2;3;"-23.29309161";"-51.13461435";"SR-PR";"DEL7/7";"UOP01/PR"
188478;2019-01-31;"quinta-feira";"13:50:00";"SP";116;354,8;"MIRACATU";"Defeito Mecânico no Veículo";"Incêndio";"Sem Vítimas";"Pleno dia";"Decrescente";"Céu Claro";"Dupla";"Reta";"Não";1;0;0;0;1;0;0;1;"-24.0527344";"-47.20241547";"SR-SP";"DEL6/4";"UOP02/SP"
188479;2019-01-31;"quinta-feira";"13:40:00";"SP";488;0,1;"APARECIDA";"Velocidade Incompatível";"Colisão transversal";"Com Vítimas Feridas";"Pleno dia";"Decrescente";"Céu Claro";"Dupla";"Reta";"Sim";3;0;1;1;1;0;2;2;"-22.85856";"-45.233116";"SR-SP";"DEL6/8";"UOP02/SP"
188480;2019-01-31;"quinta-feira";"08:40:00";"PR";116;157;"MANDIRITUBA";"Falta de Atenção à Condução";"Capotamento";"Com Vítimas Feridas";"Pleno dia";"Crescente";"Céu Claro";"Simples";"Reta";"Sim";1;0;1;0;0;0;1;1;"-25.86566296";"-49.4114399";"SR-PR";"DEL7/1";"UOP03/PR"
188481;2019-01-31;"quinta-feira";"14:25:00";"RJ";356;49;"ITAPERUNA";"Falta de Atenção à Condução";"Colisão frontal";"Com Vítimas Fatais";"Pleno dia";"Crescente";"Céu Claro";"Simples";"Curva";"Não";2;1;0;1;0;0;1;2;"-21.257353";"-41.775131";"SR-RJ";"DEL5/8";"UOP03/RJ"
188482;2019-01-31;"quinta-feira";"12:00:00";"RO";435;84,2;"COLORADO DO OESTE";"Desobediência às normas de trânsito pelo condutor";"Colisão transversal";"Com Vítimas Feridas";"Pleno dia";"Crescente";"Céu Claro";"Dupla";"Interseção de vias";"Sim";3;0;1;1;1;0;2;2;"-13.117354";"-60.52301";"SR-RO";"DEL21/4";"UOP02/RO"
188483;2019-01-31;"quinta-feira";"14:10:00";"RJ";393;171;"TRES RIOS";"Falta de Atenção à Condução";"Colisão transversal";"Com Vítimas Feridas";"Pleno dia";"Crescente";"Céu Claro";"Simples";"Reta";"Não";3;0;0;1;1;1;1;2;"-22.119568";"-43.160095";"SR-RJ";"DEL5/6";"UOP02/RJ"
188484;2019-01-31;"quinta-feira";"14:10:00";"GO";60;396;"RIO VERDE";"Condutor Dormindo";"Colisão traseira";"Com Vítimas Feridas";"Pleno dia";"Decrescente";"Céu Claro";"Dupla";"Reta";"Não";3;0;0;2;1;0;2;2;"-17.8244";"-51.0172";"SR-GO";"DEL1/4";"UOP01/GO"
188485;2019-01-31;"quinta-feira";"14:40:00";"RJ";116;268,8;"BARRA MANSA";"Falta de Atenção do Pedestre";"Atropelamento de Pedestre";"Com Vítimas Fatais";"Pleno dia";"Decrescente";"Céu Claro";"Dupla";"Curva";"Não";2;1;0;0;1;0;0;1;"-22.560883";"-44.122238";"SR-RJ";"DEL5/7";"UOP02/RJ"
188487;2019-01-31;"quinta-feira";"14:50:00";"RS";158;202,3;"CRUZ ALTA";"Desobediência às normas de trânsito pelo condutor";"Colisão lateral";"Com Vítimas Feridas";"Pleno dia";"Crescente";"Céu Claro";"Simples";"Reta";"Não";4;0;1;0;2;1;1;2;"-28.70383835";"-53.60092163";"SR-RS";"DEL9/10";"UOP02/RS"
188489;2019-01-31;"quinta-feira";"14:50:00";"SC";101;359;"SANGAO";"Carga excessiva e/ou mal acondicionada";"Saída de leito carroçável";"Com Vítimas Feridas";"Pleno dia";"Decrescente";"Céu Claro";"Múltipla";"Interseção de vias";"Não";1;0;1;0;0;0;1;1;"-28.6532";"-49.1067";"SR-SC";"DEL8/2";"UOP01/SC"
188490;2019-01-31;"quinta-feira";"14:15:00";"RJ";116;54;"TERESOPOLIS";"Falta de Atenção à Condução";"Saída de leito carroçável";"Com Vítimas Feridas";"Pleno dia";"Decrescente";"Céu Claro";"Simples";"Curva";"Não";1;0;0;1;0;0;1;1;"-22.206223";"-42.879627";"SR-RJ";"DEL5/4";"UOP01/RJ"
188491;2019-01-31;"quinta-feira";"14:35:00";"PR";277;345,3;"GUARAPUAVA";"Desobediência às normas de trânsito pelo condutor";"Colisão lateral";"Sem Vítimas";"Pleno dia";"Crescente";"Céu Claro";"Simples";"Curva";"Sim";2;0;0;0;2;0;0;2;"-25.3659";"-51.4883";"SR-PR";"DEL7/3";"UOP02/PR"
188492;2019-01-31;"quinta-feira";"13:10:00";"RN";304;45,7;"MOSSORO";"Falta de Atenção à Condução";"Colisão lateral";"Com Vítimas Feridas";"Pleno dia";"Crescente";"Nublado";"Dupla";"Reta";"Não";2;0;1;0;1;0;1;2;"-5.225794";"-37.340046";"SR-RN";"DEL15/4";"UOP01/RN"
188493;2019-01-31;"quinta-feira";"09:40:00";"SP";116;174;"JACAREI";"Falta de Atenção à Condução";"Colisão traseira";"Com Vítimas Feridas";"Pleno dia";"Decrescente";"Sol";"Dupla";"Não Informado";"Não";5;0;4;0;1;0;4;2;"-23.3206492";"-46.09120754";"SR-SP";"DEL6/2";"UOP01/SP"
188496;2019-01-31;"quinta-feira";"11:30:00";"PR";369;178,8;"ARAPONGAS";"Não guardar distância de segurança";"Colisão traseira";"Com Vítimas Feridas";"Pleno dia";"Decrescente";"Sol";"Múltipla";"Não Informado";"Não";3;0;1;0;2;0;1;2;"-23.36112356";"-51.39921427";"SR-PR";"DEL7/7";"UOP01/PR"
188497;2019-01-31;"quinta-feira";"16:20:00";"MG";40;358;"FELIXLANDIA";"Ultrapassagem Indevida";"Saída de leito carroçável";"Com Vítimas Feridas";"Pleno dia";"Decrescente";"Céu Claro";"Simples";"Reta";"Não";1;0;0;1;0;0;1;1;"-18.736111";"-44.864979";"SR-MG";"DEL4/2";"UOP01/MG"
188498;2019-01-31;"quinta-feira";"14:10:00";"PR";277;96;"CURITIBA";"Mal Súbito";"Saída de leito carroçável";"Com Vítimas Feridas";"Pleno dia";"Decrescente";"Nublado";"Dupla";"Reta";"Sim";3;0;2;0;1;0;2;1;"-25.43040792";"-49.34384823";"SR-PR";"DEL7/1";"UOP04/PR"
188499;2019-01-31;"quinta-feira";"14:00:00";"ES";262;16,1;"VIANA";"Agressão Externa";"Colisão traseira";"Com Vítimas Feridas";"Pleno dia";"Decrescente";"Sol";"Simples";"Curva";"Sim";1;0;1;0;0;0;1;1;"-20.3836";"-40.4608";"SR-ES";"DEL12/1";"UOP01/ES"
188501;2019-01-31;"quinta-feira";"15:15:00";"AL";316;257;"PILAR";"Falta de Atenção à Condução";"Colisão transversal";"Com Vítimas Feridas";"Pleno dia";"Crescente";"Céu Claro";"Simples";"Reta";"Não";3;0;2;0;1;0;2;3;"-9.590915";"-35.9394";"SR-AL";"DEL13/2";"UOP01/AL"
188503;2019-01-31;"quinta-feira";"14:45:00";"BA";324;1,5;"FEIRA DE SANTANA";"Desobediência às normas de trânsito pelo condutor";"Colisão frontal";"Com Vítimas Feridas";"Pleno dia";"Crescente";"Sol";"Simples";"Reta";"Sim";2;0;0;1;1;0;1;2;"-12.28194135";"-38.94580364";"SR-BA";"DEL10/2";"UOP01/BA"
188504;2019-01-31;"quinta-feira";"15:50:00";"MS";163;288,1;"DOURADOS";"Desobediência às normas de trânsito pelo condutor";"Colisão transversal";"Com Vítimas Feridas";"Pleno dia";"Crescente";"Céu Claro";"Simples";"Reta";"Sim";2;0;2;0;0;0;2;2;"-22.08126436";"-54.56882499";"SR-MS";"DEL3/4";"UOP01/MS"
188505;2019-01-31;"quinta-feira";"16:20:00";"MG";381;485;"BETIM";"Carga excessiva e/ou mal acondicionada";"Colisão com objeto em movimento";"Com Vítimas Feridas";"Pleno dia";"Crescente";"Céu Claro";"Dupla";"Reta";"Sim";3;0;1;0;2;0;1;2;"-19.9561";"-44.1064";"SR-MG";"DEL4/1";"UOP03/MG"
188506;2019-01-31;"quinta-feira";"17:00:00";"DF";20;2,8;"BRASILIA";"Desobediência às normas de trânsito pelo condutor";"Tombamento";"Com Vítimas Feridas";"Pleno dia";"Decrescente";"Sol";"Dupla";"Reta";"Sim";1;0;0;1;0;0;1;1;"-15.682896";"-47.840729";"SR-DF";"DF";"UOP04/DF"
188508;2019-01-31;"quinta-feira";"16:40:00";"MG";262;130;"RIO CASCA";"Ultrapassagem Indevida";"Tombamento";"Sem Vítimas";"Pleno dia";"Decrescente";"Sol";"Simples";"Curva";"Não";1;0;0;0;1;0;0;1;"-20.155416";"-42.694904";"SR-MG";"DEL4/3";"UOP03/MG"
188509;2019-01-07;"segunda-feira";"20:40:00";"SP";116;282;"EMBU DAS ARTES";"Falta de Atenção à Condução";"Colisão com objeto estático";"Com Vítimas Feridas";"Plena Noite";"Crescente";"Céu Claro";"Dupla";"Curva";"Sim";2;0;1;0;1;0;1;1;"-23.66148428";"-46.85255977";"SR-SP";"DEL6/4";"UOP01/SP"
188511;2019-01-31;"quinta-feira";"16:30:00";"RS";386;401,7;"TRIUNFO";"Pista Escorregadia";"Colisão frontal";"Com Vítimas Feridas";"Pleno dia";"Decrescente";"Chuva";"Simples";"Reta";"Não";7;0;3;2;2;0;5;2;"-29.762325";"-51.585972";"SR-RS";"DEL9/4";"UOP02/RS"
188512;2019-01-31;"quinta-feira";"16:40:00";"MG";153;58;"MONTE ALEGRE DE MINAS";"Defeito Mecânico no Veículo";"Saída de leito carroçável";"Com Vítimas Feridas";"Pleno dia";"Crescente";"Céu Claro";"Dupla";"Rotatória";"Não";1;0;1;0;0;0;1;1;"-18.87832933";"-49.05694306";"SR-MG";"DEL4/15";"UOP03/MG"
188514;2019-01-31;"quinta-feira";"17:26:00";"MG";50;100;"UBERLANDIA";"Mal Súbito";"Colisão traseira";"Com Vítimas Feridas";"Pleno dia";"Decrescente";"Céu Claro";"Dupla";"Reta";"Não";2;0;0;1;1;0;1;2;"-19.08063344";"-48.1876874";"SR-MG";"DEL4/15";"UOP01/MG"
188515;2019-01-31;"quinta-feira";"17:50:00";"MG";365;621;"UBERLANDIA";"Não guardar distância de segurança";"Colisão traseira";"Com Vítimas Feridas";"Pleno dia";"Decrescente";"Céu Claro";"Dupla";"Reta";"Sim";2;0;1;0;1;0;1;2;"-18.8974";"-48.2715";"SR-MG";"DEL4/15";"UOP01/MG"
188516;2019-01-31;"quinta-feira";"17:00:00";"SC";101;232,8;"PALHOCA";"Ultrapassagem Indevida";"Tombamento";"Sem Vítimas";"Pleno dia";"Crescente";"Nublado";"Dupla";"Reta";"Não";2;0;0;0;1;1;0;2;"-27.8032";"-48.6381";"SR-SC";"DEL8/1";"UOP02/SC"
188517;2019-01-31;"quinta-feira";"17:00:00";"RJ";493;89;"SEROPEDICA";"Falta de Atenção à Condução";"Capotamento";"Com Vítimas Feridas";"Pleno dia";"Crescente";"Céu Claro";"Simples";"Reta";"Não";2;0;2;0;0;0;2;1;"-22.7164097";"-43.7158091";"SR-RJ";"DEL5/1";"UOP03/RJ"
188518;2019-01-07;"segunda-feira";"10:45:00";"ES";101;298,5;"VIANA";"Falta de Atenção à Condução";"Colisão lateral";"Com Vítimas Feridas";"Pleno dia";"Decrescente";"Céu Claro";"Múltipla";"Reta";"Não";2;0;0;1;1;0;1;2;"-20.35742217";"-40.41904449";"SR-ES";"DEL12/1";"UOP01/ES"
188519;2019-01-31;"quinta-feira";"18:40:00";"PR";277;144,3;"PALMEIRA";"Pista Escorregadia";"Saída de leito carroçável";"Com Vítimas Feridas";"Pleno dia";"Crescente";"Chuva";"Simples";"Curva";"Não";1;0;1;0;0;0;1;1;"-25.46727488";"-49.77482021";"SR-PR";"DEL7/1";"UOP05/PR"
188520;2019-01-31;"quinta-feira";"18:00:00";"RS";285;300,5;"PASSO FUNDO";"Defeito Mecânico no Veículo";"Saída de leito carroçável";"Com Vítimas Feridas";"Pleno dia";"Decrescente";"Céu Claro";"Simples";"Reta";"Não";8;0;5;2;1;0;7;1;"-28.22777653";"-52.48263512";"SR-RS";"DEL08";"UOP03/RS"
188521;2019-01-31;"quinta-feira";"17:40:00";"RS";116;324,7;"BARRA DO RIBEIRO";"Desobediência às normas de trânsito pelo condutor";"Colisão frontal";"Com Vítimas Fatais";"Pleno dia";"Crescente";"Céu Claro";"Simples";"Reta";"Não";2;1;0;0;1;0;0;2;"-30.326962";"-51.421684";"SR-RS";"DEL9/2";"UOP01/RS"
188522;2019-01-31;"quinta-feira";"18:50:00";"SC";470;6,1;"NAVEGANTES";"Desobediência às normas de trânsito pelo condutor";"Colisão transversal";"Com Vítimas Feridas";"Pleno dia";"Decrescente";"Céu Claro";"Simples";"Reta";"Sim";2;0;1;0;1;0;1;2;"-26.852238";"-48.709545";"SR-SC";"DEL8/4";"UOP04/SC"