"id";"data_inversa";"dia_semana";"horario";"uf";"br";"km";"municipio";"causa_acidente";"tipo_acidente";"classificacao_acidente";"fase_dia";"sentido_via";"condicao_metereologica";"tipo_pista";"tracado_via";"uso_solo";"pessoas";"mortos";"feridos_leves";"feridos_graves";"ilesos";"ignorados";"feridos";"veiculos";"latitude";"longitude";"regional";"delegacia";"uop"
188524;2019-01-31;"quinta-feira";"14:30:00";"SC";282;488,1;"FAXINAL DOS GUEDES";"Velocidade Incompatível";"Tombamento";"Com Vítimas Feridas";"Pleno dia";"Decrescente";"Sol";"Simples";"Rotatória";"Sim";1;0;1;0;0;0;1;1;"-26.85757613";"-52.26200581";"SR-SC";"DEL7";"UOP01/SC"
188525;2019-01-31;"quinta-feira";"19:30:00";"ES";101;137;"LINHARES";"Falta de Atenção à Condução";"Colisão transversal";"Com Vítimas Fatais";"Plena Noite";"Crescente";"Céu Claro";"Simples";"Retorno Regulamentado";"Não";2;1;0;0;1;0;0;2;"-19.30714546";"-40.08175494";"SR-ES";"DEL12/4";"UOP01/ES"
188526;2019-01-31;"quinta-feira";"19:40:00";"SP";101;48,9;"UBATUBA";"Falta de Atenção à Condução";"Colisão transversal";"Com Vítimas Feridas";"Anoitecer";"Crescente";"Céu Claro";"Simples";"Reta";"Sim";2;0;1;0;0;1;1;2;"-23.44344329";"-45.0844574";"SR-SP";"DEL6";"UOP03/SP"
188527;2019-01-31;"quinta-feira";"18:42:00";"PR";116;105;"SAO JOSE DOS PINHAIS";"Não guardar distância de segurança";"Saída de leito carroçável";"Sem Vítimas";"Pleno dia";"Decrescente";"Céu Claro";"Dupla";"Reta";"Sim";3;0;0;0;3;0;0;3;"-25.566381";"-49.168457";"SR-PR";"DEL7/1";"UOP01/PR"
188528;2019-01-31;"quinta-feira";"19:40:00";"GO";20;22;"FORMOSA";"Falta de Atenção à Condução";"Colisão lateral";"Com Vítimas Feridas";"Plena Noite";"Crescente";"Nublado";"Simples";"Interseção de vias";"Não";2;0;1;0;0;1;1;2;"-15.54697589";"-47.16499329";"SR-DF";"GO";"UOP04/DF"
188529;2019-01-31;"quinta-feira";"18:30:00";"RN";110;49,8;"MOSSORO";"Falta de Atenção à Condução";"Atropelamento de Pedestre";"Com Vítimas Feridas";"Plena Noite";"Crescente";"Nublado";"Dupla";"Reta";"Sim";2;0;0;1;1;0;1;1;"-5.21646";"-37.329269";"SR-RN";"DEL15/4";"UOP01/RN"
188530;2019-01-31;"quinta-feira";"16:50:00";"MG";365;752,1;"ITUIUTABA";"Defeito na Via";"Saída de leito carroçável";"Com Vítimas Feridas";"Pleno dia";"Decrescente";"Céu Claro";"Simples";"Ponte";"Não";1;0;1;0;0;0;1;1;"-18.94245723";"-49.44957018";"SR-MG";"DEL4/15";"UOP03/MG"
188532;2019-01-31;"quinta-feira";"17:40:00";"SP";116;222,6;"GUARULHOS";"Ingestão de Álcool";"Atropelamento de Pedestre";"Sem Vítimas";"Anoitecer";"Decrescente";"Céu Claro";"Múltipla";"Reta";"Sim";2;0;0;0;1;1;0;1;"-23.47380149";"-46.52077675";"SR-SP";"DEL6/1";"UOP01/SP"
188534;2019-01-31;"quinta-feira";"20:00:00";"SC";282;3;"FLORIANOPOLIS";"Defeito Mecânico no Veículo";"Tombamento";"Com Vítimas Feridas";"Plena Noite";"Crescente";"Céu Claro";"Dupla";"Reta";"Não";2;0;1;1;0;0;2;1;"-27.600384";"-48.599705";"SR-SC";"DEL8/1";"UOP01/SC"
188535;2019-01-31;"quinta-feira";"19:15:00";"SC";470;50,4;"BLUMENAU";"Falta de Atenção à Condução";"Tombamento";"Com Vítimas Feridas";"Pleno dia";"Crescente";"Céu Claro";"Simples";"Reta";"Não";1;0;1;0;0;0;1;1;"-26.859768";"-49.074493";"SR-SC";"DEL8/4";"UOP01/SC"
188536;2019-01-31;"quinta-feira";"19:30:00";"DF";60;0,5;"BRASILIA";"Falta de Atenção à Condução";"Colisão transversal";"Sem Vítimas";"Anoitecer";"Crescente";"Vento";"Dupla";"Reta";"Sim";2;0;0;0;2;0;0;2;"-15.882499";"-48.060212";"SR-DF";"DF";"UOP03/DF"
188537;2019-01-31;"quinta-feira";"16:30:00";"PR";163;119;"CAPANEMA";"Falta de Atenção à Condução";"Colisão com objeto estático";"Sem Vítimas";"Pleno dia";"Crescente";"Sol";"Múltipla";"Reta";"Não";2;0;0;0;2;0;0;1;"-25.59550177";"-53.62935305";"SR-PR";"DEL7/2";"UOP04/PR"
188538;2019-01-31;"quinta-feira";"18:40:00";"PE";232;502,7;"VERDEJANTE";"Falta de Atenção do Pedestre";"Atropelamento de Pedestre";"Com Vítimas Feridas";"Plena Noite";"Crescente";"Céu Claro";"Simples";"Reta";"Não";2;0;1;0;1;0;1;1;"-8.064491";"-39.129845";"SR-PE";"DEL11/5";"UOP01/PE"
188539;2019-01-31;"quinta-feira";"20:45:00";"GO";153;78;"PORANGATU";"Defeito na Via";"Queda de ocupante de veículo";"Com Vítimas Feridas";"Plena Noite";"Decrescente";"Céu Claro";"Simples";"Desvio Temporário";"Não";1;0;1;0;0;0;1;1;"-13.513705";"-49.121609";"SR-GO";"DEL1/7";"UOP01/GO"
188540;2019-01-31;"quinta-feira";"19:10:00";"RJ";393;279;"BARRA DO PIRAI";"Desobediência às normas de trânsito pelo condutor";"Colisão frontal";"Com Vítimas Feridas";"Pleno dia";"Decrescente";"Sol";"Simples";"Reta";"Sim";2;0;0;1;1;0;1;2;"-22.478477";"-43.951252";"SR-RJ";"DEL5/5";"UOP02/RJ"
188541;2019-01-31;"quinta-feira";"19:30:00";"AL";101;136;"SAO MIGUEL DOS CAMPOS";"Carga excessiva e/ou mal acondicionada";"Tombamento";"Sem Vítimas";"Plena Noite";"Crescente";"Garoa/Chuvisco";"Simples";"Reta";"Não";1;0;0;0;1;0;0;1;"-9.802605";"-36.11277";"SR-AL";"DEL13/2";"UOP01/AL"
188542;2019-01-31;"quinta-feira";"16:25:00";"RS";386;423,2;"MONTENEGRO";"Falta de Atenção à Condução";"Colisão frontal";"Sem Vítimas";"Pleno dia";"Decrescente";"Chuva";"Simples";"Reta";"Não";5;0;0;0;5;0;0;2;"-29.8148548";"-51.39011741";"SR-RS";"DEL9/4";"UOP02/RS"
188543;2019-01-31;"quinta-feira";"20:00:00";"PE";104;118,6;"PANELAS";"Velocidade Incompatível";"Tombamento";"Com Vítimas Feridas";"Plena Noite";"Decrescente";"Céu Claro";"Simples";"Curva";"Não";1;0;0;1;0;0;1;1;"-8.687511";"-36.017384";"SR-PE";"DEL11/2";"UOP01/PE"
188544;2019-01-31;"quinta-feira";"21:00:00";"SP";116;224,6;"GUARULHOS";"Defeito na Via";"Colisão com objeto em movimento";"Com Vítimas Feridas";"Plena Noite";"Crescente";"Céu Claro";"Múltipla";"Reta";"Não";1;0;1;0;0;0;1;1;"-23.48572293";"-46.5410471";"SR-SP";"DEL6/1";"UOP01/SP"
188545;2019-01-31;"quinta-feira";"21:00:00";"RJ";116;189,9;"QUEIMADOS";"Defeito Mecânico no Veículo";"Colisão com objeto estático";"Com Vítimas Feridas";"Plena Noite";"Crescente";"Céu Claro";"Dupla";"Reta";"Não";2;0;2;0;0;0;2;1;"-22.73570014";"-43.55316684";"SR-RJ";"DEL5/1";"UOP03/RJ"
188546;2019-01-31;"quinta-feira";"16:00:00";"SC";282;37,4;"AGUAS MORNAS";"Velocidade Incompatível";"Saída de leito carroçável";"Com Vítimas Feridas";"Pleno dia";"Decrescente";"Chuva";"Simples";"Reta";"Não";2;0;2;0;0;0;2;1;"-27.70492151";"-48.83431435";"SR-SC";"DEL8/1";"UOP03/SC"
188547;2019-01-31;"quinta-feira";"21:10:00";"PR";469;1;"FOZ DO IGUACU";"Falta de Atenção à Condução";"Colisão transversal";"Com Vítimas Feridas";"Plena Noite";"Decrescente";"Céu Claro";"Simples";"Rotatória";"Sim";2;0;0;1;1;0;1;2;"-25.57686923";"-54.55443621";"SR-PR";"DEL7/5";"UOP04/PR"
188548;2019-01-31;"quinta-feira";"21:40:00";"SP";153;53;"SAO JOSE DO RIO PRETO";"Avarias e/ou desgaste excessivo no pneu";"Tombamento";"Com Vítimas Feridas";"Plena Noite";"Crescente";"Céu Claro";"Dupla";"Reta";"Sim";1;0;1;0;0;0;1;1;"-20.735983";"-49.338039";"SR-SP";"DEL6/9";"UOP01/SP"
188549;2019-01-31;"quinta-feira";"19:50:00";"PR";277;350;"GUARAPUAVA";"Desobediência às normas de trânsito pelo condutor";"Colisão lateral";"Com Vítimas Feridas";"Anoitecer";"Crescente";"Céu Claro";"Simples";"Reta";"Sim";2;0;1;0;0;1;1;2;"-25.39123744";"-51.5226388";"SR-PR";"DEL7/3";"UOP02/PR"
188550;2019-01-31;"quinta-feira";"21:40:00";"MG";40;518;"CONTAGEM";"Mal Súbito";"Colisão lateral";"Com Vítimas Feridas";"Plena Noite";"Crescente";"Céu Claro";"Dupla";"Reta";"Não";1;0;1;0;0;0;1;1;"-19.843";"-44.0749";"SR-MG";"DEL4/1";"UOP03/MG"
188551;2019-01-31;"quinta-feira";"22:40:00";"SP";116;222;"GUARULHOS";"Não guardar distância de segurança";"Colisão lateral";"Com Vítimas Feridas";"Plena Noite";"Decrescente";"Céu Claro";"Múltipla";"Reta";"Sim";3;0;1;0;2;0;1;3;"-23.47422924";"-46.52226811";"SR-SP";"DEL6/1";"UOP01/SP"
188553;2019-01-31;"quinta-feira";"23:00:00";"SC";101;178;"BIGUACU";"Pista Escorregadia";"Tombamento";"Com Vítimas Feridas";"Plena Noite";"Crescente";"Chuva";"Dupla";"Curva";"Não";1;0;1;0;0;0;1;1;"-27.3737";"-48.6328";"SR-SC";"DEL8/1";"UOP01/SC"
188554;2019-01-31;"quinta-feira";"23:10:00";"MG";381;750,1;"TRES CORACOES";"Velocidade Incompatível";"Saída de leito carroçável";"Com Vítimas Feridas";"Plena Noite";"Crescente";"Nublado";"Dupla";"Curva";"Não";1;0;1;0;0;0;1;1;"-21.6469";"-45.2967";"SR-MG";"DEL09";"UOP02/MG"
188555;2019-01-31;"quinta-feira";"21:40:00";"TO";153;442,2;"MIRACEMA DO TOCANTINS";"Falta de Atenção do Pedestre";"Atropelamento de Pedestre";"Com Vítimas Fatais";"Plena Noite";"Crescente";"Céu Claro";"Simples";"Reta";"Não";4;1;0;0;1;2;0;1;"-9.757113";"-48.702053";"SR-TO";"UOP02/TO";""
188556;2019-01-31;"quinta-feira";"22:35:00";"MG";116;701;"MURIAE";"Não guardar distância de segurança";"Queda de ocupante de veículo";"Com Vítimas Feridas";"Plena Noite";"Decrescente";"Céu Claro";"Simples";"Reta";"Sim";1;0;1;0;0;0;1;1;"-21.09443022";"-42.3734951";"SR-MG";"DEL4/7";"UOP02/MG"
188557;2019-01-31;"quinta-feira";"12:00:00";"PR";277;432;"VIRMOND";"Velocidade Incompatível";"Capotamento";"Sem Vítimas";"Pleno dia";"Decrescente";"Céu Claro";"Simples";"Curva";"Não";1;0;0;0;1;0;0;1;"-25.37894195";"-52.20606029";"SR-PR";"DEL7/4";"UOP03/PR"
188558;2019-01-31;"quinta-feira";"23:50:00";"GO";40;9;"LUZIANIA";"Falta de Atenção à Condução";"Colisão traseira";"Com Vítimas Feridas";"Plena Noite";"Crescente";"Céu Claro";"Dupla";"Reta";"Sim";1;0;1;0;0;0;1;1;"-16.131158";"-47.957739";"SR-DF";"GO";"UOP01/DF"
188559;2019-01-31;"quinta-feira";"22:25:00";"RJ";493;114;"ITAGUAI";"Ingestão de Álcool";"Saída de leito carroçável";"Com Vítimas Feridas";"Plena Noite";"Crescente";"Céu Claro";"Dupla";"Reta";"Não";8;0;1;0;7;0;1;2;"-22.83087017";"-43.80858773";"SR-RJ";"DEL5/3";"UOP01/RJ"
188560;2019-01-31;"quinta-feira";"22:45:00";"PI";316;32;"DEMERVAL LOBAO";"Animais na Pista";"Atropelamento de Animal";"Sem Vítimas";"Plena Noite";"Decrescente";"Chuva";"Simples";"Reta";"Sim";1;0;0;0;1;0;0;1;"-5.34218";"-42.686275";"SR-PI";"DEL17/1";"UOP02/PI"
188565;2019-01-31;"quinta-feira";"22:30:00";"RS";158;310;"ITAARA";"Ultrapassagem Indevida";"Colisão lateral";"Sem Vítimas";"Plena Noite";"Crescente";"Garoa/Chuvisco";"Simples";"Reta";"Sim";2;0;0;0;2;0;0;2;"-29.612303";"-53.766605";"SR-RS";"DEL9/9";"UOP01/RS"
188569;2019-01-31;"quinta-feira";"23:40:00";"PI";407;423;"PICOS";"Desobediência às normas de trânsito pelo condutor";"Colisão frontal";"Com Vítimas Feridas";"Plena Noite";"Decrescente";"Vento";"Simples";"Reta";"Sim";3;0;2;0;1;0;2;2;"-7.079333";"-41.433254";"SR-PI";"DEL17/4";"UOP01/PI"
188571;2019-01-31;"quinta-feira";"17:30:00";"MG";381;313;"ANTONIO DIAS";"Defeito Mecânico no Veículo";"Saída de leito carroçável";"Sem Vítimas";"Pleno dia";"Crescente";"Céu Claro";"Simples";"Reta";"Não";3;0;0;0;3;0;0;1;"-19.65616512";"-42.95838925";"SR-MG";"DEL4/3";"UOP02/MG"
188576;2019-01-31;"quinta-feira";"23:00:00";"MT";70;695;"CACERES";"Velocidade Incompatível";"Tombamento";"Sem Vítimas";"Plena Noite";"Decrescente";"Céu Claro";"Simples";"Curva";"Não";1;0;0;0;1;0;0;1;"-16.205067";"-57.405003";"SR-MT";"DEL2/3";"UOP01/MT"
188590;2019-01-20;"domingo";"17:30:00";"MG";381;946,5;"EXTREMA";"Falta de Atenção à Condução";"Colisão com objeto estático";"Com Vítimas Feridas";"Pleno dia";"Crescente";"Chuva";"Dupla";"Não Informado";"Não";15;0;4;3;8;0;7;6;"-22.86070431";"-46.34358287";"SR-MG";"DEL09";"UOP03/MG"
188598;2019-01-08;"terça-feira";"22:50:00";"PR";277;342,9;"GUARAPUAVA";"Desobediência às normas de trânsito pelo condutor";"Colisão com objeto estático";"Sem Vítimas";"Plena Noite";"Decrescente";"Ignorado";"Dupla";"Retorno Regulamentado";"Sim";1;0;0;0;1;0;0;1;"-25.35967473";"-51.46700978";"SR-PR";"DEL7/3";"UOP02/PR"
188600;2019-01-31;"quinta-feira";"23:15:00";"BA";116;656,8;"JEQUIE";"Falta de Atenção à Condução";"Colisão frontal";"Com Vítimas Fatais";"Plena Noite";"Crescente";"Céu Claro";"Simples";"Não Informado";"Não";5;1;1;0;3;0;1;3;"-13.72277";"-40.09648";"SR-BA";"DEL10/3";"UOP01/BA"
188603;2019-01-25;"sexta-feira";"00:10:00";"MS";267;223,3;"NOVA ALVORADA DO SUL";"Condutor Dormindo";"Tombamento";"Com Vítimas Feridas";"Plena Noite";"Crescente";"Céu Claro";"Simples";"Reta";"Sim";1;0;1;0;0;0;1;1;"-21.54106196";"-54.15958796";"SR-MS";"DEL2";"UOP01/MS"
188604;2019-01-12;"sábado";"11:50:00";"RO";364;709;"PORTO VELHO";"Desobediência às normas de trânsito pelo condutor";"Colisão lateral";"Com Vítimas Feridas";"Pleno dia";"Crescente";"Nublado";"Múltipla";"Reta";"Sim";3;0;0;1;1;1;1;3;"-8.7882965";"-63.85332411";"SR-RO";"DEL21/1";"UOP01/RO"
188631;2019-01-06;"domingo";"22:30:00";"PB";230;29,6;"JOAO PESSOA";"Não guardar distância de segurança";"Colisão traseira";"Com Vítimas Feridas";"Plena Noite";"Decrescente";"Céu Claro";"Dupla";"Reta";"Sim";2;0;0;1;0;1;1;2;"-7.1622";"-34.9031";"SR-PB";"DEL14/1";"UOP01/PB"
188644;2019-01-07;"segunda-feira";"14:30:00";"PB";230;17;"JOAO PESSOA";"Falta de Atenção à Condução";"Colisão traseira";"Com Vítimas Feridas";"Pleno dia";"Decrescente";"Céu Claro";"Dupla";"Reta";"Não";2;0;0;1;1;0;1;2;"-7.1121";"-34.8426";"SR-PB";"DEL14/1";"UOP01/PB"
188666;2019-01-31;"quinta-feira";"15:50:00";"MT";70;176,4;"GENERAL CARNEIRO";"Defeito na Via";"Saída de leito carroçável";"Sem Vítimas";"Pleno dia";"Crescente";"Céu Claro";"Simples";"Curva";"Não";1;0;0;0;1;0;0;1;"-15.64155175";"-53.57517242";"SR-MT";"DEL2/5";"UOP01/MT"
188690;2019-01-17;"quinta-feira";"06:00:00";"RJ";116;174;"BELFORD ROXO";"Falta de Atenção à Condução";"Colisão traseira";"Com Vítimas Fatais";"Pleno dia";"Crescente";"Céu Claro";"Dupla";"Reta";"Sim";2;1;0;0;1;0;0;2;"-22.794237";"-43.364037";"SR-RJ";"DEL5/1";"UOP02/RJ"
188728;2019-01-26;"sábado";"01:20:00";"MS";163;63;"ELDORADO";"Falta de Atenção à Condução";"Saída de leito carroçável";"Com Vítimas Feridas";"Plena Noite";"Decrescente";"Céu Claro";"Simples";"Reta";"Não";1;0;1;0;0;0;1;1;"-23.599466";"-54.219357";"SR-MS";"DEL3/09";"UOP02/MS"
188734;2019-01-02;"quarta-feira";"12:00:00";"PE";428;161,3;"PETROLINA";"Avarias e/ou desgaste excessivo no pneu";"Capotamento";"Com Vítimas Fatais";"Pleno dia";"Crescente";"Céu Claro";"Simples";"Reta";"Não";13;1;12;0;0;0;12;1;"-9.154992";"-40.361595";"SR-PE";"DEL11/6";"UOP01/PE"
188829;2019-01-01;"terça-feira";"09:00:00";"PB";412;117,8;"SUME";"Falta de Atenção à Condução";"Saída de leito carroçável";"Sem Vítimas";"Pleno dia";"Crescente";"Céu Claro";"Simples";"Reta";"Não";1;0;0;0;1;0;0;1;"-7.720066";"-36.940685";"SR-PB";"DEL14/2";"UOP02/PB"
188844;2019-01-31;"quinta-feira";"23:00:00";"PA";10;107;"PARAGOMINAS";"Animais na Pista";"Atropelamento de Animal";"Com Vítimas Feridas";"Plena Noite";"Crescente";"Nublado";"Simples";"Reta";"Não";4;0;1;0;3;0;1;1;"-3.30367934";"-47.46368408";"SR-PA";"DEL19/2";"UOP03/PA"
188863;2019-01-17;"quinta-feira";"14:40:00";"RJ";40;120;"DUQUE DE CAXIAS";"Falta de Atenção à Condução";"Colisão traseira";"Com Vítimas Feridas";"Pleno dia";"Crescente";"Céu Claro";"Múltipla";"Reta";"Sim";2;0;1;0;1;0;1;2;"-22.7807";"-43.2856";"SR-RJ";"DEL5/1";"UOP01/RJ"
189016;2019-01-31;"quinta-feira";"04:30:00";"MG";50;53,2;"ARAGUARI";"Falta de Atenção à Condução";"Saída de leito carroçável";"Sem Vítimas";"Plena Noite";"Decrescente";"Céu Claro";"Dupla";"Reta";"Não";1;0;0;0;1;0;0;1;"-18.7703";"-48.2455";"SR-MG";"DEL4/15";"UOP02/MG"
189021;2019-01-22;"terça-feira";"07:55:00";"PR";373;176,4;"PONTA GROSSA";"Falta de Atenção à Condução";"Atropelamento de Pedestre";"Com Vítimas Fatais";"Pleno dia";"Crescente";"Sol";"Dupla";"Reta";"Sim";5;1;0;0;3;1;0;1;"-25.05893298";"-50.22171915";"SR-PR";"DEL7/3";"UOP01/PR"
189055;2019-01-15;"terça-feira";"05:20:00";"GO";50;295,4;"CATALAO";"Condutor Dormindo";"Colisão frontal";"Com Vítimas Fatais";"Plena Noite";"Crescente";"Céu Claro";"Simples";"Curva";"Não";7;3;0;3;0;1;3;3;"-18.2894";"-48.0093";"SR-GO";"DEL1/6";"UOP01/GO"
189059;2019-01-31;"quinta-feira";"07:30:00";"RJ";101;79,6;"CAMPOS DOS GOYTACAZES";"Falta de Atenção à Condução";"Colisão traseira";"Com Vítimas Feridas";"Pleno dia";"Crescente";"Céu Claro";"Simples";"Reta";"Sim";5;0;1;0;4;0;1;2;"-21.836857";"-41.428661";"SR-RJ";"DEL5/8";"UOP02/RJ"
189075;2019-01-05;"sábado";"03:00:00";"BA";101;924;"NOVA VICOSA";"Ingestão de Álcool";"Colisão com objeto em movimento";"Com Vítimas Feridas";"Plena Noite";"Crescente";"Céu Claro";"Simples";"Curva";"Não";1;0;0;1;0;0;1;1;"-17.9423987";"-39.8586197";"SR-BA";"DEL10/9";"UOP03/BA"
189127;2019-01-06;"domingo";"22:40:00";"RJ";40;60;"PETROPOLIS";"Falta de Atenção à Condução";"Colisão transversal";"Com Vítimas Feridas";"Plena Noite";"Crescente";"Céu Claro";"Dupla";"Reta";"Não";5;0;3;1;1;0;4;2;"-22.4032";"-43.1389";"SR-RJ";"DEL5/6";"UOP03/RJ"
189180;2019-01-14;"segunda-feira";"16:58:00";"BA";101;265;"SANTO ANTONIO DE JESUS";"Falta de Atenção à Condução";"Colisão lateral";"Com Vítimas Feridas";"Pleno dia";"Decrescente";"Céu Claro";"Simples";"Reta";"Sim";2;0;0;1;0;1;1;2;"-12.96760652";"-39.27274883";"SR-BA";"DEL10/1";"UOP02/BA"
189258;2019-01-31;"quinta-feira";"19:45:00";"SC";116;308;"CAPAO ALTO";"Velocidade Incompatível";"Tombamento";"Com Vítimas Feridas";"Anoitecer";"Decrescente";"Nublado";"Simples";"Curva";"Não";1;0;0;1;0;0;1;1;"-28.1973214";"-50.75906754";"SR-SC";"DEL8/5";"UOP02/SC"
189269;2019-01-31;"quinta-feira";"22:20:00";"SC";470;261,5;"CURITIBANOS";"Velocidade Incompatível";"Tombamento";"Com Vítimas Fatais";"Plena Noite";"Decrescente";"Nublado";"Simples";"Curva";"Não";1;1;0;0;0;0;0;1;"-27.299816";"-50.68129";"SR-SC";"DEL8/5";"UOP03/SC"
189271;2019-01-22;"terça-feira";"06:30:00";"RO";364;282;"PRESIDENTE MEDICI";"Condutor Dormindo";"Saída de leito carroçável";"Com Vítimas Fatais";"Amanhecer";"Decrescente";"Céu Claro";"Simples";"Reta";"Não";1;1;0;0;0;0;0;1;"-11.37476";"-61.821705";"SR-RO";"DEL21/2";"UOP01/RO"
189283;2019-01-07;"segunda-feira";"16:50:00";"PB";230;41,5;"SANTA RITA";"Desobediência às normas de trânsito pelo condutor";"Colisão traseira";"Com Vítimas Feridas";"Pleno dia";"Crescente";"Sol";"Dupla";"Curva";"Não";2;0;0;1;0;1;1;2;"-7.14314509";"-34.99635994";"SR-PB";"DEL14/1";"UOP01/PB"
189292;2019-01-11;"sexta-feira";"11:30:00";"RO";364;505;"ARIQUEMES";"Falta de Atenção à Condução";"Colisão transversal";"Sem Vítimas";"Pleno dia";"Decrescente";"Céu Claro";"Simples";"Reta";"Não";3;0;0;0;3;0;0;2;"-9.997529";"-63.012451";"SR-RO";"DEL21/3";"UOP01/RO"
189307;2019-01-03;"quinta-feira";"10:45:00";"ES";101;379,7;"ICONHA";"Velocidade Incompatível";"Tombamento";"Com Vítimas Feridas";"Pleno dia";"Crescente";"Sol";"Simples";"Curva";"Não";2;0;1;1;0;0;2;1;"-20.80348543";"-40.8286733";"SR-ES";"DEL12/3";"UOP01/ES"
189321;2019-01-07;"segunda-feira";"23:30:00";"PB";230;107,3;"INGA";"Condutor Dormindo";"Saída de leito carroçável";"Com Vítimas Feridas";"Plena Noite";"Crescente";"Céu Claro";"Dupla";"Reta";"Não";4;0;4;0;0;0;4;1;"-7.2039";"-35.5389";"SR-PB";"DEL14/1";"UOP03/PB"
189352;2019-01-11;"sexta-feira";"16:00:00";"CE";20;420;"MARACANAU";"Falta de Atenção à Condução";"Engavetamento";"Com Vítimas Feridas";"Pleno dia";"Crescente";"Céu Claro";"Simples";"Reta";"Não";2;0;1;0;1;0;1;2;"-3.84402883";"-38.58283823";"SR-CE";"DEL16/1";"UOP02/CE"
189396;2019-01-04;"sexta-feira";"00:05:00";"MG";40;505;"RIBEIRAO DAS NEVES";"Falta de Atenção à Condução";"Colisão traseira";"Com Vítimas Feridas";"Plena Noite";"Decrescente";"Céu Claro";"Dupla";"Reta";"Não";2;0;1;0;1;0;1;2;"-19.7504";"-44.1449";"SR-MG";"DEL4/2";"UOP01/MG"
189413;2019-01-15;"terça-feira";"05:00:00";"RJ";116;288,8;"BARRA MANSA";"Restrição de Visibilidade";"Colisão traseira";"Com Vítimas Feridas";"Plena Noite";"Decrescente";"Céu Claro";"Dupla";"Curva";"Não";2;0;0;1;1;0;1;2;"-22.449371";"-44.321712";"SR-RJ";"DEL5/7";"UOP02/RJ"
189430;2019-01-28;"segunda-feira";"22:40:00";"RN";101;96,3;"NATAL";"Falta de Atenção à Condução";"Colisão traseira";"Com Vítimas Feridas";"Plena Noite";"Crescente";"Céu Claro";"Dupla";"Reta";"Sim";4;0;1;0;3;0;1;4;"-5.849496";"-35.208908";"SR-RN";"DEL15/1";"UOP01/RN"
189433;2019-01-19;"sábado";"21:30:00";"BA";415;52,2;"ITABUNA";"Velocidade Incompatível";"Saída de leito carroçável";"Com Vítimas Feridas";"Plena Noite";"Crescente";"Céu Claro";"Simples";"Reta";"Não";4;0;2;0;2;0;2;1;"-14.814651";"-39.296741";"SR-BA";"DEL10/5";"UOP01/BA"
189435;2019-01-26;"sábado";"02:25:00";"ES";101;334,1;"GUARAPARI";"Sinalização da via insuficiente ou inadequada";"Colisão com objeto estático";"Sem Vítimas";"Plena Noite";"Decrescente";"Céu Claro";"Simples";"Reta";"Não";3;0;0;0;3;0;0;2;"-20.62333114";"-40.52295512";"SR-ES";"DEL12/3";"UOP01/ES"
189443;2019-01-05;"sábado";"02:30:00";"MG";381;379;"SAO GONCALO DO RIO ABAIXO";"Falta de Atenção à Condução";"Colisão frontal";"Com Vítimas Feridas";"Plena Noite";"Crescente";"Céu Claro";"Simples";"Curva";"Não";10;0;7;1;2;0;8;2;"-19.86345573";"-43.22611034";"SR-MG";"DEL4/1";"UOP01/MG"
189446;2019-01-06;"domingo";"18:30:00";"PB";230;27;"JOAO PESSOA";"Restrição de Visibilidade";"Atropelamento de Pedestre";"Com Vítimas Feridas";"Plena Noite";"Crescente";"Céu Claro";"Dupla";"Reta";"Sim";2;0;0;1;0;1;1;1;"-7.1677";"-34.8855";"SR-PB";"DEL14/1";"UOP01/PB"
189465;2019-01-08;"terça-feira";"09:10:00";"PB";230;152;"CAMPINA GRANDE";"Defeito Mecânico no Veículo";"Colisão lateral";"Sem Vítimas";"Pleno dia";"Decrescente";"Céu Claro";"Simples";"Reta";"Não";2;0;0;0;1;1;0;2;"-7.2688";"-35.8837";"SR-PB";"DEL14/2";"UOP01/PB"
189505;2019-01-28;"segunda-feira";"15:20:00";"GO";452;125,5;"BOM JESUS DE GOIAS";"Falta de Atenção à Condução";"Saída de leito carroçável";"Com Vítimas Feridas";"Pleno dia";"Crescente";"Céu Claro";"Simples";"Reta";"Não";2;0;1;0;1;0;1;1;"-18.07373606";"-50.14160156";"SR-GO";"DEL1/3";"UOP02/GO"
189639;2019-01-15;"terça-feira";"22:40:00";"BA";20;179;"LUIS EDUARDO MAGALHAES";"Ingestão de Álcool";"Atropelamento de Pedestre";"Com Vítimas Fatais";"Plena Noite";"Crescente";"Céu Claro";"Simples";"Reta";"Não";1;1;0;0;0;0;0;1;"-12.3887";"-45.8671";"SR-BA";"DEL10/10";"UOP01/BA"
189672;2019-01-09;"quarta-feira";"17:05:00";"GO";60;6;"SANTO ANTONIO DO DESCOBERTO";"Falta de Atenção à Condução";"Colisão traseira";"Com Vítimas Feridas";"Pleno dia";"Crescente";"Céu Claro";"Simples";"Curva";"Não";2;0;0;1;1;0;1;2;"-16.09639399";"-48.28291655";"SR-DF";"GO";"UOP03/DF"
189675;2019-01-10;"quinta-feira";"17:00:00";"MA";230;504;"RIACHAO";"Desobediência às normas de trânsito pelo condutor";"Colisão transversal";"Sem Vítimas";"Pleno dia";"Crescente";"Céu Claro";"Simples";"Não Informado";"Não";2;0;0;0;2;0;0;2;"-7.39484436";"-46.64463401";"SR-MA";"DEL18/5";"UOP01/MA"